DATE;Holiday;Temperature;Solar_Irradiation;Power;DATE_YYYY_MM_DD;DATE_year;DATE_month_year;DATE_week_year;DATE_day_year;DATE_day_month;DATE_day_week;DATE_hour_year;DATE_hour_week;DATE_hour_day;DATE_weekday
2019-01-01 00:00:00+00:00;True;-1.15;4.21;27.5;2019-01-01;2019;1;1;1;1;1;0;24;0;True
2019-01-01 01:00:00+00:00;True;-0.94;4.23;30.0;2019-01-01;2019;1;1;1;1;1;1;25;1;True
2019-01-01 02:00:00+00:00;True;-0.8;4.13;26.6;2019-01-01;2019;1;1;1;1;1;2;26;2;True
2019-01-01 03:00:00+00:00;True;-0.6;4.04;26.9;2019-01-01;2019;1;1;1;1;1;3;27;3;True
2019-01-01 04:00:00+00:00;True;-0.1;4.93;28.4;2019-01-01;2019;1;1;1;1;1;4;28;4;True
2019-01-01 05:00:00+00:00;True;-0.12;5.11;26.5;2019-01-01;2019;1;1;1;1;1;5;29;5;True
2019-01-01 06:00:00+00:00;True;0.14;4.7;30.2;2019-01-01;2019;1;1;1;1;1;6;30;6;True
2019-01-01 07:00:00+00:00;True;0.39;4.4;60.4;2019-01-01;2019;1;1;1;1;1;7;31;7;True
2019-01-01 08:00:00+00:00;True;0.51;4.72;39.7;2019-01-01;2019;1;1;1;1;1;8;32;8;True
2019-01-01 09:00:00+00:00;True;0.68;8.77;35.4;2019-01-01;2019;1;1;1;1;1;9;33;9;True
2019-01-01 10:00:00+00:00;True;1.01;22.71;33.7;2019-01-01;2019;1;1;1;1;1;10;34;10;True
2019-01-01 11:00:00+00:00;True;1.43;28.42;32.8;2019-01-01;2019;1;1;1;1;1;11;35;11;True
2019-01-01 12:00:00+00:00;True;1.81;40.0;32.5;2019-01-01;2019;1;1;1;1;1;12;36;12;True
2019-01-01 13:00:00+00:00;True;1.99;43.24;35.0;2019-01-01;2019;1;1;1;1;1;13;37;13;True
2019-01-01 14:00:00+00:00;True;2.19;15.66;35.9;2019-01-01;2019;1;1;1;1;1;14;38;14;True
2019-01-01 15:00:00+00:00;True;2.32;5.74;36.1;2019-01-01;2019;1;1;1;1;1;15;39;15;True
2019-01-01 16:00:00+00:00;True;2.3;2.83;33.1;2019-01-01;2019;1;1;1;1;1;16;40;16;True
2019-01-01 17:00:00+00:00;True;2.36;1.9;32.2;2019-01-01;2019;1;1;1;1;1;17;41;17;True
2019-01-01 18:00:00+00:00;True;2.25;2.25;36.4;2019-01-01;2019;1;1;1;1;1;18;42;18;True
2019-01-01 19:00:00+00:00;True;2.11;2.25;33.2;2019-01-01;2019;1;1;1;1;1;19;43;19;True
2019-01-01 20:00:00+00:00;True;1.98;2.24;31.8;2019-01-01;2019;1;1;1;1;1;20;44;20;True
2019-01-01 21:00:00+00:00;True;1.76;1.67;33.1;2019-01-01;2019;1;1;1;1;1;21;45;21;True
2019-01-01 22:00:00+00:00;True;1.62;1.56;25.2;2019-01-01;2019;1;1;1;1;1;22;46;22;True
2019-01-01 23:00:00+00:00;True;1.71;1.4;23.7;2019-01-01;2019;1;1;1;1;1;23;47;23;True
2019-01-02 00:00:00+00:00;True;1.67;2.2;29.7;2019-01-02;2019;1;1;2;2;2;24;48;0;True
2019-01-02 01:00:00+00:00;True;1.8;3.15;25.6;2019-01-02;2019;1;1;2;2;2;25;49;1;True
2019-01-02 02:00:00+00:00;True;1.8;3.31;26.8;2019-01-02;2019;1;1;2;2;2;26;50;2;True
2019-01-02 03:00:00+00:00;True;1.23;2.92;30.1;2019-01-02;2019;1;1;2;2;2;27;51;3;True
2019-01-02 04:00:00+00:00;True;0.77;3.52;28.6;2019-01-02;2019;1;1;2;2;2;28;52;4;True
2019-01-02 05:00:00+00:00;True;0.58;3.55;27.7;2019-01-02;2019;1;1;2;2;2;29;53;5;True
2019-01-02 06:00:00+00:00;True;0.35;3.56;27.9;2019-01-02;2019;1;1;2;2;2;30;54;6;True
2019-01-02 07:00:00+00:00;True;0.31;3.13;44.6;2019-01-02;2019;1;1;2;2;2;31;55;7;True
2019-01-02 08:00:00+00:00;True;0.32;3.92;36.3;2019-01-02;2019;1;1;2;2;2;32;56;8;True
2019-01-02 09:00:00+00:00;True;0.25;13.73;35.5;2019-01-02;2019;1;1;2;2;2;33;57;9;True
2019-01-02 10:00:00+00:00;True;0.42;26.82;36.9;2019-01-02;2019;1;1;2;2;2;34;58;10;True
2019-01-02 11:00:00+00:00;True;0.33;51.22;43.2;2019-01-02;2019;1;1;2;2;2;35;59;11;True
2019-01-02 12:00:00+00:00;True;0.14;38.76;33.2;2019-01-02;2019;1;1;2;2;2;36;60;12;True
2019-01-02 13:00:00+00:00;True;-0.23;46.49;33.6;2019-01-02;2019;1;1;2;2;2;37;61;13;True
2019-01-02 14:00:00+00:00;True;-1.13;22.3;38.6;2019-01-02;2019;1;1;2;2;2;38;62;14;True
2019-01-02 15:00:00+00:00;True;-1.53;8.14;38.4;2019-01-02;2019;1;1;2;2;2;39;63;15;True
2019-01-02 16:00:00+00:00;True;-1.78;2.34;44.3;2019-01-02;2019;1;1;2;2;2;40;64;16;True
2019-01-02 17:00:00+00:00;True;-2.13;1.38;39.3;2019-01-02;2019;1;1;2;2;2;41;65;17;True
2019-01-02 18:00:00+00:00;True;-2.31;1.03;38.8;2019-01-02;2019;1;1;2;2;2;42;66;18;True
2019-01-02 19:00:00+00:00;True;-2.64;1.18;39.8;2019-01-02;2019;1;1;2;2;2;43;67;19;True
2019-01-02 20:00:00+00:00;True;-2.94;1.49;42.0;2019-01-02;2019;1;1;2;2;2;44;68;20;True
2019-01-02 21:00:00+00:00;True;-3.33;1.36;35.8;2019-01-02;2019;1;1;2;2;2;45;69;21;True
2019-01-02 22:00:00+00:00;True;-3.67;1.68;32.8;2019-01-02;2019;1;1;2;2;2;46;70;22;True
2019-01-02 23:00:00+00:00;True;-3.55;2.4;31.8;2019-01-02;2019;1;1;2;2;2;47;71;23;True
2019-01-03 00:00:00+00:00;True;-3.88;4.09;29.0;2019-01-03;2019;1;1;3;3;3;48;72;0;True
2019-01-03 01:00:00+00:00;True;-4.1;4.76;32.1;2019-01-03;2019;1;1;3;3;3;49;73;1;True
2019-01-03 02:00:00+00:00;True;-4.38;4.94;32.8;2019-01-03;2019;1;1;3;3;3;50;74;2;True
2019-01-03 03:00:00+00:00;True;-4.42;5.55;32.6;2019-01-03;2019;1;1;3;3;3;51;75;3;True
2019-01-03 04:00:00+00:00;True;-4.54;5.53;34.9;2019-01-03;2019;1;1;3;3;3;52;76;4;True
2019-01-03 05:00:00+00:00;True;-4.54;5.45;38.4;2019-01-03;2019;1;1;3;3;3;53;77;5;True
2019-01-03 06:00:00+00:00;True;-4.36;5.22;34.2;2019-01-03;2019;1;1;3;3;3;54;78;6;True
2019-01-03 07:00:00+00:00;True;-4.37;4.77;62.0;2019-01-03;2019;1;1;3;3;3;55;79;7;True
2019-01-03 08:00:00+00:00;True;-4.37;4.81;46.3;2019-01-03;2019;1;1;3;3;3;56;80;8;True
2019-01-03 09:00:00+00:00;True;-4.32;10.57;43.8;2019-01-03;2019;1;1;3;3;3;57;81;9;True
2019-01-03 10:00:00+00:00;True;-4.25;33.52;40.2;2019-01-03;2019;1;1;3;3;3;58;82;10;True
2019-01-03 11:00:00+00:00;True;-4.34;36.51;42.4;2019-01-03;2019;1;1;3;3;3;59;83;11;True
2019-01-03 12:00:00+00:00;True;-4.22;49.86;43.1;2019-01-03;2019;1;1;3;3;3;60;84;12;True
2019-01-03 13:00:00+00:00;True;-4.3;35.16;42.8;2019-01-03;2019;1;1;3;3;3;61;85;13;True
2019-01-03 14:00:00+00:00;True;-4.58;21.21;42.6;2019-01-03;2019;1;1;3;3;3;62;86;14;True
2019-01-03 15:00:00+00:00;True;-4.84;6.15;40.2;2019-01-03;2019;1;1;3;3;3;63;87;15;True
2019-01-03 16:00:00+00:00;True;-4.98;2.88;44.5;2019-01-03;2019;1;1;3;3;3;64;88;16;True
2019-01-03 17:00:00+00:00;True;-5.33;2.21;41.5;2019-01-03;2019;1;1;3;3;3;65;89;17;True
2019-01-03 18:00:00+00:00;True;-5.52;1.69;40.3;2019-01-03;2019;1;1;3;3;3;66;90;18;True
2019-01-03 19:00:00+00:00;True;-5.35;1.34;44.8;2019-01-03;2019;1;1;3;3;3;67;91;19;True
2019-01-03 20:00:00+00:00;True;-5.44;2.7;37.8;2019-01-03;2019;1;1;3;3;3;68;92;20;True
2019-01-03 21:00:00+00:00;True;-5.47;2.15;40.2;2019-01-03;2019;1;1;3;3;3;69;93;21;True
2019-01-03 22:00:00+00:00;True;-5.3;2.76;31.9;2019-01-03;2019;1;1;3;3;3;70;94;22;True
2019-01-03 23:00:00+00:00;True;-5.32;2.66;33.5;2019-01-03;2019;1;1;3;3;3;71;95;23;True
2019-01-04 00:00:00+00:00;True;-5.39;4.91;38.2;2019-01-04;2019;1;1;4;4;4;72;96;0;True
2019-01-04 01:00:00+00:00;True;-5.45;4.77;31.6;2019-01-04;2019;1;1;4;4;4;73;97;1;True
2019-01-04 02:00:00+00:00;True;-5.45;5.07;39.2;2019-01-04;2019;1;1;4;4;4;74;98;2;True
2019-01-04 03:00:00+00:00;True;-5.53;5.16;39.3;2019-01-04;2019;1;1;4;4;4;75;99;3;True
2019-01-04 04:00:00+00:00;True;-5.82;5.11;38.8;2019-01-04;2019;1;1;4;4;4;76;100;4;True
2019-01-04 05:00:00+00:00;True;-6.17;5.3;35.6;2019-01-04;2019;1;1;4;4;4;77;101;5;True
2019-01-04 06:00:00+00:00;True;-6.4;4.87;40.1;2019-01-04;2019;1;1;4;4;4;78;102;6;True
2019-01-04 07:00:00+00:00;True;-6.66;4.98;72.2;2019-01-04;2019;1;1;4;4;4;79;103;7;True
2019-01-04 08:00:00+00:00;True;-6.9;5.82;38.3;2019-01-04;2019;1;1;4;4;4;80;104;8;True
2019-01-04 09:00:00+00:00;True;-6.89;13.17;41.9;2019-01-04;2019;1;1;4;4;4;81;105;9;True
2019-01-04 10:00:00+00:00;True;-6.51;34.05;41.6;2019-01-04;2019;1;1;4;4;4;82;106;10;True
2019-01-04 11:00:00+00:00;True;-6.4;53.85;45.4;2019-01-04;2019;1;1;4;4;4;83;107;11;True
2019-01-04 12:00:00+00:00;True;-5.78;59.7;38.0;2019-01-04;2019;1;1;4;4;4;84;108;12;True
2019-01-04 13:00:00+00:00;True;-5.06;38.54;39.5;2019-01-04;2019;1;1;4;4;4;85;109;13;True
2019-01-04 14:00:00+00:00;True;-4.79;19.82;48.0;2019-01-04;2019;1;1;4;4;4;86;110;14;True
2019-01-04 15:00:00+00:00;True;-4.69;4.52;40.5;2019-01-04;2019;1;1;4;4;4;87;111;15;True
2019-01-04 16:00:00+00:00;True;-4.62;2.24;36.1;2019-01-04;2019;1;1;4;4;4;88;112;16;True
2019-01-04 17:00:00+00:00;True;-4.58;2.05;34.9;2019-01-04;2019;1;1;4;4;4;89;113;17;True
2019-01-04 18:00:00+00:00;True;-4.43;0.99;44.3;2019-01-04;2019;1;1;4;4;4;90;114;18;True
2019-01-04 19:00:00+00:00;True;-4.22;1.33;36.1;2019-01-04;2019;1;1;4;4;4;91;115;19;True
2019-01-04 20:00:00+00:00;True;-4.02;0.43;36.5;2019-01-04;2019;1;1;4;4;4;92;116;20;True
2019-01-04 21:00:00+00:00;True;-3.85;0.3;37.9;2019-01-04;2019;1;1;4;4;4;93;117;21;True
2019-01-04 22:00:00+00:00;True;-3.78;0.39;33.5;2019-01-04;2019;1;1;4;4;4;94;118;22;True
2019-01-04 23:00:00+00:00;True;-3.69;0.89;30.6;2019-01-04;2019;1;1;4;4;4;95;119;23;True
2019-01-05 00:00:00+00:00;True;-3.65;0.68;29.9;2019-01-05;2019;1;1;5;5;5;96;120;0;False
2019-01-05 01:00:00+00:00;True;-4.16;1.2;28.7;2019-01-05;2019;1;1;5;5;5;97;121;1;False
2019-01-05 02:00:00+00:00;True;-4.89;1.05;34.9;2019-01-05;2019;1;1;5;5;5;98;122;2;False
2019-01-05 03:00:00+00:00;True;-5.22;1.81;35.1;2019-01-05;2019;1;1;5;5;5;99;123;3;False
2019-01-05 04:00:00+00:00;True;-5.57;2.13;33.7;2019-01-05;2019;1;1;5;5;5;100;124;4;False
2019-01-05 05:00:00+00:00;True;-5.88;2.4;34.8;2019-01-05;2019;1;1;5;5;5;101;125;5;False
2019-01-05 06:00:00+00:00;True;-6.08;2.57;38.7;2019-01-05;2019;1;1;5;5;5;102;126;6;False
2019-01-05 07:00:00+00:00;True;-6.47;2.58;72.9;2019-01-05;2019;1;1;5;5;5;103;127;7;False
2019-01-05 08:00:00+00:00;True;-6.82;2.88;41.3;2019-01-05;2019;1;1;5;5;5;104;128;8;False
2019-01-05 09:00:00+00:00;True;-6.73;10.56;42.6;2019-01-05;2019;1;1;5;5;5;105;129;9;False
2019-01-05 10:00:00+00:00;True;-6.58;29.01;46.7;2019-01-05;2019;1;1;5;5;5;106;130;10;False
2019-01-05 11:00:00+00:00;True;-6.38;41.02;40.1;2019-01-05;2019;1;1;5;5;5;107;131;11;False
2019-01-05 12:00:00+00:00;True;-6.04;69.78;41.5;2019-01-05;2019;1;1;5;5;5;108;132;12;False
2019-01-05 13:00:00+00:00;True;-5.93;46.34;40.8;2019-01-05;2019;1;1;5;5;5;109;133;13;False
2019-01-05 14:00:00+00:00;True;-6.2;31.35;40.1;2019-01-05;2019;1;1;5;5;5;110;134;14;False
2019-01-05 15:00:00+00:00;True;-6.53;6.04;39.9;2019-01-05;2019;1;1;5;5;5;111;135;15;False
2019-01-05 16:00:00+00:00;True;-7.28;0.11;45.9;2019-01-05;2019;1;1;5;5;5;112;136;16;False
2019-01-05 17:00:00+00:00;True;-7.57;0.15;47.0;2019-01-05;2019;1;1;5;5;5;113;137;17;False
2019-01-05 18:00:00+00:00;True;-7.67;0.23;46.9;2019-01-05;2019;1;1;5;5;5;114;138;18;False
2019-01-05 19:00:00+00:00;True;-8.36;0.48;43.8;2019-01-05;2019;1;1;5;5;5;115;139;19;False
2019-01-05 20:00:00+00:00;True;-9.15;1.12;43.9;2019-01-05;2019;1;1;5;5;5;116;140;20;False
2019-01-05 21:00:00+00:00;True;-8.91;0.87;48.5;2019-01-05;2019;1;1;5;5;5;117;141;21;False
2019-01-05 22:00:00+00:00;True;-8.84;0.0;37.6;2019-01-05;2019;1;1;5;5;5;118;142;22;False
2019-01-05 23:00:00+00:00;True;-8.99;0.06;37.9;2019-01-05;2019;1;1;5;5;5;119;143;23;False
2019-01-06 00:00:00+00:00;True;-8.57;0.52;41.5;2019-01-06;2019;1;1;6;6;6;120;144;0;False
2019-01-06 01:00:00+00:00;True;-8.22;0.36;41.6;2019-01-06;2019;1;1;6;6;6;121;145;1;False
2019-01-06 02:00:00+00:00;True;-8.03;0.7;45.3;2019-01-06;2019;1;1;6;6;6;122;146;2;False
2019-01-06 03:00:00+00:00;True;-7.59;2.1;42.4;2019-01-06;2019;1;1;6;6;6;123;147;3;False
2019-01-06 04:00:00+00:00;True;-7.3;2.63;45.1;2019-01-06;2019;1;1;6;6;6;124;148;4;False
2019-01-06 05:00:00+00:00;True;-7.77;2.29;44.0;2019-01-06;2019;1;1;6;6;6;125;149;5;False
2019-01-06 06:00:00+00:00;True;-9.64;2.67;47.0;2019-01-06;2019;1;1;6;6;6;126;150;6;False
2019-01-06 07:00:00+00:00;True;-9.07;2.83;73.7;2019-01-06;2019;1;1;6;6;6;127;151;7;False
2019-01-06 08:00:00+00:00;True;-8.74;3.47;47.7;2019-01-06;2019;1;1;6;6;6;128;152;8;False
2019-01-06 09:00:00+00:00;True;-8.3;12.03;46.4;2019-01-06;2019;1;1;6;6;6;129;153;9;False
2019-01-06 10:00:00+00:00;True;-8.2;33.4;46.1;2019-01-06;2019;1;1;6;6;6;130;154;10;False
2019-01-06 11:00:00+00:00;True;-7.67;43.21;42.0;2019-01-06;2019;1;1;6;6;6;131;155;11;False
2019-01-06 12:00:00+00:00;True;-7.16;44.03;46.9;2019-01-06;2019;1;1;6;6;6;132;156;12;False
2019-01-06 13:00:00+00:00;True;-6.81;41.4;43.9;2019-01-06;2019;1;1;6;6;6;133;157;13;False
2019-01-06 14:00:00+00:00;True;-6.46;22.93;47.8;2019-01-06;2019;1;1;6;6;6;134;158;14;False
2019-01-06 15:00:00+00:00;True;-6.12;3.66;42.7;2019-01-06;2019;1;1;6;6;6;135;159;15;False
2019-01-06 16:00:00+00:00;True;-6.06;0.65;42.4;2019-01-06;2019;1;1;6;6;6;136;160;16;False
2019-01-06 17:00:00+00:00;True;-5.92;0.51;40.2;2019-01-06;2019;1;1;6;6;6;137;161;17;False
2019-01-06 18:00:00+00:00;True;-5.87;0.06;42.3;2019-01-06;2019;1;1;6;6;6;138;162;18;False
2019-01-06 19:00:00+00:00;True;-5.77;0.14;45.1;2019-01-06;2019;1;1;6;6;6;139;163;19;False
2019-01-06 20:00:00+00:00;True;-5.68;0.15;45.2;2019-01-06;2019;1;1;6;6;6;140;164;20;False
2019-01-06 21:00:00+00:00;True;-5.7;0.1;44.1;2019-01-06;2019;1;1;6;6;6;141;165;21;False
2019-01-06 22:00:00+00:00;True;-5.79;1.16;34.1;2019-01-06;2019;1;1;6;6;6;142;166;22;False
2019-01-06 23:00:00+00:00;True;-5.86;2.06;33.7;2019-01-06;2019;1;1;6;6;6;143;167;23;False
2019-01-07 00:00:00+00:00;True;-5.8;2.21;37.3;2019-01-07;2019;1;2;7;7;0;144;0;0;True
2019-01-07 01:00:00+00:00;True;-5.68;3.15;39.1;2019-01-07;2019;1;2;7;7;0;145;1;1;True
2019-01-07 02:00:00+00:00;True;-5.69;3.04;34.3;2019-01-07;2019;1;2;7;7;0;146;2;2;True
2019-01-07 03:00:00+00:00;True;-5.64;3.16;33.9;2019-01-07;2019;1;2;7;7;0;147;3;3;True
2019-01-07 04:00:00+00:00;True;-5.74;3.25;35.7;2019-01-07;2019;1;2;7;7;0;148;4;4;True
2019-01-07 05:00:00+00:00;True;-5.82;3.34;38.6;2019-01-07;2019;1;2;7;7;0;149;5;5;True
2019-01-07 06:00:00+00:00;True;-5.61;2.96;36.6;2019-01-07;2019;1;2;7;7;0;150;6;6;True
2019-01-07 07:00:00+00:00;True;-5.39;2.53;62.6;2019-01-07;2019;1;2;7;7;0;151;7;7;True
2019-01-07 08:00:00+00:00;True;-5.06;3.06;52.1;2019-01-07;2019;1;2;7;7;0;152;8;8;True
2019-01-07 09:00:00+00:00;True;-5.16;13.62;111.8;2019-01-07;2019;1;2;7;7;0;153;9;9;True
2019-01-07 10:00:00+00:00;True;-5.18;35.9;120.1;2019-01-07;2019;1;2;7;7;0;154;10;10;True
2019-01-07 11:00:00+00:00;True;-4.83;34.75;116.3;2019-01-07;2019;1;2;7;7;0;155;11;11;True
2019-01-07 12:00:00+00:00;True;-4.56;35.85;119.4;2019-01-07;2019;1;2;7;7;0;156;12;12;True
2019-01-07 13:00:00+00:00;True;-4.5;20.78;119.2;2019-01-07;2019;1;2;7;7;0;157;13;13;True
2019-01-07 14:00:00+00:00;True;-4.36;24.03;118.5;2019-01-07;2019;1;2;7;7;0;158;14;14;True
2019-01-07 15:00:00+00:00;True;-4.27;6.17;123.5;2019-01-07;2019;1;2;7;7;0;159;15;15;True
2019-01-07 16:00:00+00:00;True;-4.26;3.05;111.5;2019-01-07;2019;1;2;7;7;0;160;16;16;True
2019-01-07 17:00:00+00:00;True;-3.79;1.59;82.7;2019-01-07;2019;1;2;7;7;0;161;17;17;True
2019-01-07 18:00:00+00:00;True;-3.28;0.75;55.7;2019-01-07;2019;1;2;7;7;0;162;18;18;True
2019-01-07 19:00:00+00:00;True;-3.1;0.44;50.1;2019-01-07;2019;1;2;7;7;0;163;19;19;True
2019-01-07 20:00:00+00:00;True;-3.0;0.42;51.2;2019-01-07;2019;1;2;7;7;0;164;20;20;True
2019-01-07 21:00:00+00:00;True;-3.01;0.58;50.8;2019-01-07;2019;1;2;7;7;0;165;21;21;True
2019-01-07 22:00:00+00:00;True;-2.94;0.4;29.2;2019-01-07;2019;1;2;7;7;0;166;22;22;True
2019-01-07 23:00:00+00:00;True;-2.84;0.25;27.2;2019-01-07;2019;1;2;7;7;0;167;23;23;True
2019-01-08 00:00:00+00:00;True;-2.78;1.45;31.0;2019-01-08;2019;1;2;8;8;1;168;24;0;True
2019-01-08 01:00:00+00:00;True;-2.93;2.94;31.7;2019-01-08;2019;1;2;8;8;1;169;25;1;True
2019-01-08 02:00:00+00:00;True;-2.96;3.18;35.4;2019-01-08;2019;1;2;8;8;1;170;26;2;True
2019-01-08 03:00:00+00:00;True;-2.99;3.45;36.1;2019-01-08;2019;1;2;8;8;1;171;27;3;True
2019-01-08 04:00:00+00:00;True;-3.11;4.35;32.5;2019-01-08;2019;1;2;8;8;1;172;28;4;True
2019-01-08 05:00:00+00:00;True;-3.25;4.39;31.8;2019-01-08;2019;1;2;8;8;1;173;29;5;True
2019-01-08 06:00:00+00:00;True;-3.14;3.8;32.2;2019-01-08;2019;1;2;8;8;1;174;30;6;True
2019-01-08 07:00:00+00:00;True;-2.93;3.44;70.6;2019-01-08;2019;1;2;8;8;1;175;31;7;True
2019-01-08 08:00:00+00:00;True;-2.98;1.69;47.2;2019-01-08;2019;1;2;8;8;1;176;32;8;True
2019-01-08 09:00:00+00:00;True;-3.26;9.73;134.3;2019-01-08;2019;1;2;8;8;1;177;33;9;True
2019-01-08 10:00:00+00:00;True;-3.01;33.54;130.8;2019-01-08;2019;1;2;8;8;1;178;34;10;True
2019-01-08 11:00:00+00:00;True;-2.43;57.59;118.2;2019-01-08;2019;1;2;8;8;1;179;35;11;True
2019-01-08 12:00:00+00:00;True;-2.27;64.67;116.7;2019-01-08;2019;1;2;8;8;1;180;36;12;True
2019-01-08 13:00:00+00:00;True;-2.34;56.77;121.4;2019-01-08;2019;1;2;8;8;1;181;37;13;True
2019-01-08 14:00:00+00:00;True;-2.31;31.89;115.0;2019-01-08;2019;1;2;8;8;1;182;38;14;True
2019-01-08 15:00:00+00:00;True;-2.35;8.14;116.6;2019-01-08;2019;1;2;8;8;1;183;39;15;True
2019-01-08 16:00:00+00:00;True;-2.32;0.13;121.1;2019-01-08;2019;1;2;8;8;1;184;40;16;True
2019-01-08 17:00:00+00:00;True;-2.3;0.07;99.1;2019-01-08;2019;1;2;8;8;1;185;41;17;True
2019-01-08 18:00:00+00:00;True;-2.36;0.26;65.8;2019-01-08;2019;1;2;8;8;1;186;42;18;True
2019-01-08 19:00:00+00:00;True;-2.61;0.04;48.8;2019-01-08;2019;1;2;8;8;1;187;43;19;True
2019-01-08 20:00:00+00:00;True;-2.97;0.09;47.6;2019-01-08;2019;1;2;8;8;1;188;44;20;True
2019-01-08 21:00:00+00:00;True;-3.33;0.0;48.5;2019-01-08;2019;1;2;8;8;1;189;45;21;True
2019-01-08 22:00:00+00:00;True;-3.67;0.12;31.0;2019-01-08;2019;1;2;8;8;1;190;46;22;True
2019-01-08 23:00:00+00:00;True;-4.04;0.76;34.5;2019-01-08;2019;1;2;8;8;1;191;47;23;True
2019-01-09 00:00:00+00:00;True;-4.0;1.22;32.4;2019-01-09;2019;1;2;9;9;2;192;48;0;True
2019-01-09 01:00:00+00:00;True;-4.19;1.89;32.5;2019-01-09;2019;1;2;9;9;2;193;49;1;True
2019-01-09 02:00:00+00:00;True;-4.32;1.65;35.1;2019-01-09;2019;1;2;9;9;2;194;50;2;True
2019-01-09 03:00:00+00:00;True;-4.51;1.96;31.6;2019-01-09;2019;1;2;9;9;2;195;51;3;True
2019-01-09 04:00:00+00:00;True;-4.6;1.42;33.6;2019-01-09;2019;1;2;9;9;2;196;52;4;True
2019-01-09 05:00:00+00:00;True;-4.68;1.96;32.8;2019-01-09;2019;1;2;9;9;2;197;53;5;True
2019-01-09 06:00:00+00:00;True;-4.85;1.95;31.8;2019-01-09;2019;1;2;9;9;2;198;54;6;True
2019-01-09 07:00:00+00:00;True;-4.89;1.39;66.5;2019-01-09;2019;1;2;9;9;2;199;55;7;True
2019-01-09 08:00:00+00:00;True;-5.0;0.54;51.6;2019-01-09;2019;1;2;9;9;2;200;56;8;True
2019-01-09 09:00:00+00:00;True;-4.99;9.17;115.2;2019-01-09;2019;1;2;9;9;2;201;57;9;True
2019-01-09 10:00:00+00:00;True;-5.04;44.14;132.1;2019-01-09;2019;1;2;9;9;2;202;58;10;True
2019-01-09 11:00:00+00:00;True;-4.92;44.91;135.7;2019-01-09;2019;1;2;9;9;2;203;59;11;True
2019-01-09 12:00:00+00:00;True;-4.78;21.27;128.3;2019-01-09;2019;1;2;9;9;2;204;60;12;True
2019-01-09 13:00:00+00:00;True;-4.9;26.05;126.6;2019-01-09;2019;1;2;9;9;2;205;61;13;True
2019-01-09 14:00:00+00:00;True;-5.03;13.85;127.3;2019-01-09;2019;1;2;9;9;2;206;62;14;True
2019-01-09 15:00:00+00:00;True;-4.98;3.18;127.6;2019-01-09;2019;1;2;9;9;2;207;63;15;True
2019-01-09 16:00:00+00:00;True;-4.95;0.18;113.5;2019-01-09;2019;1;2;9;9;2;208;64;16;True
2019-01-09 17:00:00+00:00;True;-5.11;0.5;127.4;2019-01-09;2019;1;2;9;9;2;209;65;17;True
2019-01-09 18:00:00+00:00;True;-5.23;0.47;51.7;2019-01-09;2019;1;2;9;9;2;210;66;18;True
2019-01-09 19:00:00+00:00;True;-5.12;0.59;49.4;2019-01-09;2019;1;2;9;9;2;211;67;19;True
2019-01-09 20:00:00+00:00;True;-5.05;0.4;50.6;2019-01-09;2019;1;2;9;9;2;212;68;20;True
2019-01-09 21:00:00+00:00;True;-5.15;0.46;51.5;2019-01-09;2019;1;2;9;9;2;213;69;21;True
2019-01-09 22:00:00+00:00;True;-5.15;0.18;32.9;2019-01-09;2019;1;2;9;9;2;214;70;22;True
2019-01-09 23:00:00+00:00;True;-5.16;0.5;33.2;2019-01-09;2019;1;2;9;9;2;215;71;23;True
2019-01-10 00:00:00+00:00;True;-5.24;1.28;37.2;2019-01-10;2019;1;2;10;10;3;216;72;0;True
2019-01-10 01:00:00+00:00;True;-5.23;1.67;37.4;2019-01-10;2019;1;2;10;10;3;217;73;1;True
2019-01-10 02:00:00+00:00;True;-5.25;1.62;40.0;2019-01-10;2019;1;2;10;10;3;218;74;2;True
2019-01-10 03:00:00+00:00;True;-5.41;1.77;37.3;2019-01-10;2019;1;2;10;10;3;219;75;3;True
2019-01-10 04:00:00+00:00;True;-5.6;2.57;37.0;2019-01-10;2019;1;2;10;10;3;220;76;4;True
2019-01-10 05:00:00+00:00;True;-5.69;2.46;34.7;2019-01-10;2019;1;2;10;10;3;221;77;5;True
2019-01-10 06:00:00+00:00;True;-5.79;3.06;33.9;2019-01-10;2019;1;2;10;10;3;222;78;6;True
2019-01-10 07:00:00+00:00;True;-5.86;2.46;60.9;2019-01-10;2019;1;2;10;10;3;223;79;7;True
2019-01-10 08:00:00+00:00;True;-5.8;2.21;57.7;2019-01-10;2019;1;2;10;10;3;224;80;8;True
2019-01-10 09:00:00+00:00;True;-5.74;5.79;198.2;2019-01-10;2019;1;2;10;10;3;225;81;9;True
2019-01-10 10:00:00+00:00;True;-5.64;17.05;141.0;2019-01-10;2019;1;2;10;10;3;226;82;10;True
2019-01-10 11:00:00+00:00;True;-5.03;24.9;130.4;2019-01-10;2019;1;2;10;10;3;227;83;11;True
2019-01-10 12:00:00+00:00;True;-4.59;25.94;132.6;2019-01-10;2019;1;2;10;10;3;228;84;12;True
2019-01-10 13:00:00+00:00;True;-4.74;26.64;196.5;2019-01-10;2019;1;2;10;10;3;229;85;13;True
2019-01-10 14:00:00+00:00;True;-4.87;19.88;171.5;2019-01-10;2019;1;2;10;10;3;230;86;14;True
2019-01-10 15:00:00+00:00;True;-4.94;5.63;178.2;2019-01-10;2019;1;2;10;10;3;231;87;15;True
2019-01-10 16:00:00+00:00;True;-4.58;0.33;172.7;2019-01-10;2019;1;2;10;10;3;232;88;16;True
2019-01-10 17:00:00+00:00;True;-4.91;0.67;142.0;2019-01-10;2019;1;2;10;10;3;233;89;17;True
2019-01-10 18:00:00+00:00;True;-4.96;1.0;79.1;2019-01-10;2019;1;2;10;10;3;234;90;18;True
2019-01-10 19:00:00+00:00;True;-4.89;0.44;75.5;2019-01-10;2019;1;2;10;10;3;235;91;19;True
2019-01-10 20:00:00+00:00;True;-5.06;0.3;75.8;2019-01-10;2019;1;2;10;10;3;236;92;20;True
2019-01-10 21:00:00+00:00;True;-5.2;0.14;77.0;2019-01-10;2019;1;2;10;10;3;237;93;21;True
2019-01-10 22:00:00+00:00;True;-5.35;0.61;56.0;2019-01-10;2019;1;2;10;10;3;238;94;22;True
2019-01-10 23:00:00+00:00;True;-5.43;1.01;54.9;2019-01-10;2019;1;2;10;10;3;239;95;23;True
2019-01-11 00:00:00+00:00;True;-5.66;1.67;54.2;2019-01-11;2019;1;2;11;11;4;240;96;0;True
2019-01-11 01:00:00+00:00;True;-6.01;1.76;55.8;2019-01-11;2019;1;2;11;11;4;241;97;1;True
2019-01-11 02:00:00+00:00;True;-5.91;1.84;58.9;2019-01-11;2019;1;2;11;11;4;242;98;2;True
2019-01-11 03:00:00+00:00;True;-5.62;2.2;56.3;2019-01-11;2019;1;2;11;11;4;243;99;3;True
2019-01-11 04:00:00+00:00;True;-5.22;2.45;60.0;2019-01-11;2019;1;2;11;11;4;244;100;4;True
2019-01-11 05:00:00+00:00;True;-5.05;2.89;61.3;2019-01-11;2019;1;2;11;11;4;245;101;5;True
2019-01-11 06:00:00+00:00;True;-4.94;2.77;58.4;2019-01-11;2019;1;2;11;11;4;246;102;6;True
2019-01-11 07:00:00+00:00;True;-4.88;2.66;77.3;2019-01-11;2019;1;2;11;11;4;247;103;7;True
2019-01-11 08:00:00+00:00;True;-4.56;2.86;77.9;2019-01-11;2019;1;2;11;11;4;248;104;8;True
2019-01-11 09:00:00+00:00;True;-4.37;10.86;206.4;2019-01-11;2019;1;2;11;11;4;249;105;9;True
2019-01-11 10:00:00+00:00;True;-3.86;35.94;171.2;2019-01-11;2019;1;2;11;11;4;250;106;10;True
2019-01-11 11:00:00+00:00;True;-3.41;47.53;163.4;2019-01-11;2019;1;2;11;11;4;251;107;11;True
2019-01-11 12:00:00+00:00;True;-3.5;50.68;166.6;2019-01-11;2019;1;2;11;11;4;252;108;12;True
2019-01-11 13:00:00+00:00;True;-3.1;38.57;172.3;2019-01-11;2019;1;2;11;11;4;253;109;13;True
2019-01-11 14:00:00+00:00;True;-2.82;14.63;163.8;2019-01-11;2019;1;2;11;11;4;254;110;14;True
2019-01-11 15:00:00+00:00;True;-2.58;4.9;153.1;2019-01-11;2019;1;2;11;11;4;255;111;15;True
2019-01-11 16:00:00+00:00;True;-2.34;2.77;154.8;2019-01-11;2019;1;2;11;11;4;256;112;16;True
2019-01-11 17:00:00+00:00;True;-2.25;2.63;135.2;2019-01-11;2019;1;2;11;11;4;257;113;17;True
2019-01-11 18:00:00+00:00;True;-2.02;2.69;66.0;2019-01-11;2019;1;2;11;11;4;258;114;18;True
2019-01-11 19:00:00+00:00;True;-1.66;2.69;77.8;2019-01-11;2019;1;2;11;11;4;259;115;19;True
2019-01-11 20:00:00+00:00;True;-1.9;2.32;67.0;2019-01-11;2019;1;2;11;11;4;260;116;20;True
2019-01-11 21:00:00+00:00;True;-2.05;1.07;70.4;2019-01-11;2019;1;2;11;11;4;261;117;21;True
2019-01-11 22:00:00+00:00;True;-1.85;0.1;49.1;2019-01-11;2019;1;2;11;11;4;262;118;22;True
2019-01-11 23:00:00+00:00;True;-1.12;0.86;46.9;2019-01-11;2019;1;2;11;11;4;263;119;23;True
2019-01-12 00:00:00+00:00;True;-1.13;0.29;47.5;2019-01-12;2019;1;2;12;12;5;264;120;0;False
2019-01-12 01:00:00+00:00;True;-1.29;2.17;54.5;2019-01-12;2019;1;2;12;12;5;265;121;1;False
2019-01-12 02:00:00+00:00;True;-1.29;2.27;48.2;2019-01-12;2019;1;2;12;12;5;266;122;2;False
2019-01-12 03:00:00+00:00;True;-1.07;1.8;53.4;2019-01-12;2019;1;2;12;12;5;267;123;3;False
2019-01-12 04:00:00+00:00;True;-1.73;1.76;47.1;2019-01-12;2019;1;2;12;12;5;268;124;4;False
2019-01-12 05:00:00+00:00;True;-2.32;1.99;55.5;2019-01-12;2019;1;2;12;12;5;269;125;5;False
2019-01-12 06:00:00+00:00;True;-2.39;1.51;54.9;2019-01-12;2019;1;2;12;12;5;270;126;6;False
2019-01-12 07:00:00+00:00;True;-2.71;1.51;77.2;2019-01-12;2019;1;2;12;12;5;271;127;7;False
2019-01-12 08:00:00+00:00;True;-3.01;3.56;66.6;2019-01-12;2019;1;2;12;12;5;272;128;8;False
2019-01-12 09:00:00+00:00;True;-3.08;27.52;63.8;2019-01-12;2019;1;2;12;12;5;273;129;9;False
2019-01-12 10:00:00+00:00;True;-2.84;81.12;63.4;2019-01-12;2019;1;2;12;12;5;274;130;10;False
2019-01-12 11:00:00+00:00;True;-2.32;153.35;61.1;2019-01-12;2019;1;2;12;12;5;275;131;11;False
2019-01-12 12:00:00+00:00;True;-1.37;158.34;58.0;2019-01-12;2019;1;2;12;12;5;276;132;12;False
2019-01-12 13:00:00+00:00;True;-0.63;115.46;55.6;2019-01-12;2019;1;2;12;12;5;277;133;13;False
2019-01-12 14:00:00+00:00;True;-0.57;49.33;60.8;2019-01-12;2019;1;2;12;12;5;278;134;14;False
2019-01-12 15:00:00+00:00;True;-1.35;7.73;60.6;2019-01-12;2019;1;2;12;12;5;279;135;15;False
2019-01-12 16:00:00+00:00;True;-1.98;0.54;61.1;2019-01-12;2019;1;2;12;12;5;280;136;16;False
2019-01-12 17:00:00+00:00;True;-2.57;0.27;65.0;2019-01-12;2019;1;2;12;12;5;281;137;17;False
2019-01-12 18:00:00+00:00;True;-2.98;0.32;67.2;2019-01-12;2019;1;2;12;12;5;282;138;18;False
2019-01-12 19:00:00+00:00;True;-2.82;0.08;59.1;2019-01-12;2019;1;2;12;12;5;283;139;19;False
2019-01-12 20:00:00+00:00;True;-2.85;0.06;61.2;2019-01-12;2019;1;2;12;12;5;284;140;20;False
2019-01-12 21:00:00+00:00;True;-2.63;0.21;62.0;2019-01-12;2019;1;2;12;12;5;285;141;21;False
2019-01-12 22:00:00+00:00;True;-2.96;0.55;35.2;2019-01-12;2019;1;2;12;12;5;286;142;22;False
2019-01-12 23:00:00+00:00;True;-3.21;0.62;44.5;2019-01-12;2019;1;2;12;12;5;287;143;23;False
2019-01-13 00:00:00+00:00;True;-3.25;1.42;44.0;2019-01-13;2019;1;2;13;13;6;288;144;0;False
2019-01-13 01:00:00+00:00;True;-3.38;1.55;42.4;2019-01-13;2019;1;2;13;13;6;289;145;1;False
2019-01-13 02:00:00+00:00;True;-3.05;1.62;41.1;2019-01-13;2019;1;2;13;13;6;290;146;2;False
2019-01-13 03:00:00+00:00;True;-2.8;1.95;43.9;2019-01-13;2019;1;2;13;13;6;291;147;3;False
2019-01-13 04:00:00+00:00;True;-3.01;2.31;38.3;2019-01-13;2019;1;2;13;13;6;292;148;4;False
2019-01-13 05:00:00+00:00;True;-2.88;2.12;40.0;2019-01-13;2019;1;2;13;13;6;293;149;5;False
2019-01-13 06:00:00+00:00;True;-2.62;1.72;44.8;2019-01-13;2019;1;2;13;13;6;294;150;6;False
2019-01-13 07:00:00+00:00;True;-2.39;1.73;60.7;2019-01-13;2019;1;2;13;13;6;295;151;7;False
2019-01-13 08:00:00+00:00;True;-2.09;2.08;57.7;2019-01-13;2019;1;2;13;13;6;296;152;8;False
2019-01-13 09:00:00+00:00;True;-1.89;13.8;59.4;2019-01-13;2019;1;2;13;13;6;297;153;9;False
2019-01-13 10:00:00+00:00;True;-1.84;24.69;60.0;2019-01-13;2019;1;2;13;13;6;298;154;10;False
2019-01-13 11:00:00+00:00;True;-1.78;32.94;57.2;2019-01-13;2019;1;2;13;13;6;299;155;11;False
2019-01-13 12:00:00+00:00;True;-1.57;39.22;55.0;2019-01-13;2019;1;2;13;13;6;300;156;12;False
2019-01-13 13:00:00+00:00;True;-1.52;38.42;53.0;2019-01-13;2019;1;2;13;13;6;301;157;13;False
2019-01-13 14:00:00+00:00;True;-1.5;34.79;53.7;2019-01-13;2019;1;2;13;13;6;302;158;14;False
2019-01-13 15:00:00+00:00;True;-1.81;8.56;53.6;2019-01-13;2019;1;2;13;13;6;303;159;15;False
2019-01-13 16:00:00+00:00;True;-1.8;0.22;57.3;2019-01-13;2019;1;2;13;13;6;304;160;16;False
2019-01-13 17:00:00+00:00;True;-1.83;0.11;58.1;2019-01-13;2019;1;2;13;13;6;305;161;17;False
2019-01-13 18:00:00+00:00;True;-1.91;0.02;56.6;2019-01-13;2019;1;2;13;13;6;306;162;18;False
2019-01-13 19:00:00+00:00;True;-2.0;0.04;55.8;2019-01-13;2019;1;2;13;13;6;307;163;19;False
2019-01-13 20:00:00+00:00;True;-1.96;0.32;61.0;2019-01-13;2019;1;2;13;13;6;308;164;20;False
2019-01-13 21:00:00+00:00;True;-1.81;0.02;54.2;2019-01-13;2019;1;2;13;13;6;309;165;21;False
2019-01-13 22:00:00+00:00;True;-1.71;0.08;43.7;2019-01-13;2019;1;2;13;13;6;310;166;22;False
2019-01-13 23:00:00+00:00;True;-1.55;0.3;46.3;2019-01-13;2019;1;2;13;13;6;311;167;23;False
2019-01-14 00:00:00+00:00;True;-1.14;0.55;47.9;2019-01-14;2019;1;3;14;14;0;312;0;0;True
2019-01-14 01:00:00+00:00;True;-0.43;0.91;49.2;2019-01-14;2019;1;3;14;14;0;313;1;1;True
2019-01-14 02:00:00+00:00;True;-0.13;0.76;42.4;2019-01-14;2019;1;3;14;14;0;314;2;2;True
2019-01-14 03:00:00+00:00;True;0.0;0.78;48.6;2019-01-14;2019;1;3;14;14;0;315;3;3;True
2019-01-14 04:00:00+00:00;True;0.05;1.1;48.5;2019-01-14;2019;1;3;14;14;0;316;4;4;True
2019-01-14 05:00:00+00:00;True;0.07;1.21;48.9;2019-01-14;2019;1;3;14;14;0;317;5;5;True
2019-01-14 06:00:00+00:00;True;0.17;1.5;47.6;2019-01-14;2019;1;3;14;14;0;318;6;6;True
2019-01-14 07:00:00+00:00;True;0.42;1.31;65.3;2019-01-14;2019;1;3;14;14;0;319;7;7;True
2019-01-14 08:00:00+00:00;True;0.45;1.42;56.6;2019-01-14;2019;1;3;14;14;0;320;8;8;True
2019-01-14 09:00:00+00:00;True;0.39;12.31;108.3;2019-01-14;2019;1;3;14;14;0;321;9;9;True
2019-01-14 10:00:00+00:00;True;0.34;49.05;110.2;2019-01-14;2019;1;3;14;14;0;322;10;10;True
2019-01-14 11:00:00+00:00;True;0.41;59.44;126.6;2019-01-14;2019;1;3;14;14;0;323;11;11;True
2019-01-14 12:00:00+00:00;True;0.33;34.1;118.8;2019-01-14;2019;1;3;14;14;0;324;12;12;True
2019-01-14 13:00:00+00:00;True;0.29;92.56;128.2;2019-01-14;2019;1;3;14;14;0;325;13;13;True
2019-01-14 14:00:00+00:00;True;0.36;38.77;117.6;2019-01-14;2019;1;3;14;14;0;326;14;14;True
2019-01-14 15:00:00+00:00;True;0.16;10.3;121.3;2019-01-14;2019;1;3;14;14;0;327;15;15;True
2019-01-14 16:00:00+00:00;True;-0.03;1.04;126.6;2019-01-14;2019;1;3;14;14;0;328;16;16;True
2019-01-14 17:00:00+00:00;True;-0.68;0.75;107.9;2019-01-14;2019;1;3;14;14;0;329;17;17;True
2019-01-14 18:00:00+00:00;True;-1.68;0.63;53.3;2019-01-14;2019;1;3;14;14;0;330;18;18;True
2019-01-14 19:00:00+00:00;True;-2.39;0.45;62.2;2019-01-14;2019;1;3;14;14;0;331;19;19;True
2019-01-14 20:00:00+00:00;True;-2.83;0.03;57.4;2019-01-14;2019;1;3;14;14;0;332;20;20;True
2019-01-14 21:00:00+00:00;True;-3.02;0.06;55.4;2019-01-14;2019;1;3;14;14;0;333;21;21;True
2019-01-14 22:00:00+00:00;True;-3.51;0.0;33.5;2019-01-14;2019;1;3;14;14;0;334;22;22;True
2019-01-14 23:00:00+00:00;True;-3.84;0.31;45.1;2019-01-14;2019;1;3;14;14;0;335;23;23;True
2019-01-15 00:00:00+00:00;True;-4.07;1.13;38.8;2019-01-15;2019;1;3;15;15;1;336;24;0;True
2019-01-15 01:00:00+00:00;True;-4.49;3.34;39.4;2019-01-15;2019;1;3;15;15;1;337;25;1;True
2019-01-15 02:00:00+00:00;True;-4.68;3.96;42.3;2019-01-15;2019;1;3;15;15;1;338;26;2;True
2019-01-15 03:00:00+00:00;True;-4.94;3.83;42.1;2019-01-15;2019;1;3;15;15;1;339;27;3;True
2019-01-15 04:00:00+00:00;True;-5.39;4.05;45.5;2019-01-15;2019;1;3;15;15;1;340;28;4;True
2019-01-15 05:00:00+00:00;True;-5.59;4.2;54.0;2019-01-15;2019;1;3;15;15;1;341;29;5;True
2019-01-15 06:00:00+00:00;True;-5.77;3.81;42.0;2019-01-15;2019;1;3;15;15;1;342;30;6;True
2019-01-15 07:00:00+00:00;True;-5.95;2.54;66.7;2019-01-15;2019;1;3;15;15;1;343;31;7;True
2019-01-15 08:00:00+00:00;True;-6.04;3.31;62.3;2019-01-15;2019;1;3;15;15;1;344;32;8;True
2019-01-15 09:00:00+00:00;True;-5.99;15.45;179.3;2019-01-15;2019;1;3;15;15;1;345;33;9;True
2019-01-15 10:00:00+00:00;True;-5.97;35.36;173.4;2019-01-15;2019;1;3;15;15;1;346;34;10;True
2019-01-15 11:00:00+00:00;True;-5.84;84.01;167.8;2019-01-15;2019;1;3;15;15;1;347;35;11;True
2019-01-15 12:00:00+00:00;True;-5.76;67.68;173.0;2019-01-15;2019;1;3;15;15;1;348;36;12;True
2019-01-15 13:00:00+00:00;True;-5.89;69.0;161.4;2019-01-15;2019;1;3;15;15;1;349;37;13;True
2019-01-15 14:00:00+00:00;True;-5.93;43.93;167.9;2019-01-15;2019;1;3;15;15;1;350;38;14;True
2019-01-15 15:00:00+00:00;True;-5.96;11.12;178.4;2019-01-15;2019;1;3;15;15;1;351;39;15;True
2019-01-15 16:00:00+00:00;True;-6.3;1.92;191.9;2019-01-15;2019;1;3;15;15;1;352;40;16;True
2019-01-15 17:00:00+00:00;True;-6.01;2.82;156.0;2019-01-15;2019;1;3;15;15;1;353;41;17;True
2019-01-15 18:00:00+00:00;True;-5.82;2.54;95.0;2019-01-15;2019;1;3;15;15;1;354;42;18;True
2019-01-15 19:00:00+00:00;True;-5.46;2.15;74.9;2019-01-15;2019;1;3;15;15;1;355;43;19;True
2019-01-15 20:00:00+00:00;True;-5.01;2.36;75.0;2019-01-15;2019;1;3;15;15;1;356;44;20;True
2019-01-15 21:00:00+00:00;True;-4.71;1.82;74.7;2019-01-15;2019;1;3;15;15;1;357;45;21;True
2019-01-15 22:00:00+00:00;True;-4.5;2.05;48.3;2019-01-15;2019;1;3;15;15;1;358;46;22;True
2019-01-15 23:00:00+00:00;True;-4.27;2.28;46.5;2019-01-15;2019;1;3;15;15;1;359;47;23;True
2019-01-16 00:00:00+00:00;True;-4.18;3.34;52.7;2019-01-16;2019;1;3;16;16;2;360;48;0;True
2019-01-16 01:00:00+00:00;True;-4.09;3.6;53.2;2019-01-16;2019;1;3;16;16;2;361;49;1;True
2019-01-16 02:00:00+00:00;True;-3.96;3.68;50.2;2019-01-16;2019;1;3;16;16;2;362;50;2;True
2019-01-16 03:00:00+00:00;True;-3.88;3.41;46.7;2019-01-16;2019;1;3;16;16;2;363;51;3;True
2019-01-16 04:00:00+00:00;True;-3.83;4.01;47.6;2019-01-16;2019;1;3;16;16;2;364;52;4;True
2019-01-16 05:00:00+00:00;True;-3.74;3.93;53.9;2019-01-16;2019;1;3;16;16;2;365;53;5;True
2019-01-16 06:00:00+00:00;True;-3.69;3.95;49.6;2019-01-16;2019;1;3;16;16;2;366;54;6;True
2019-01-16 07:00:00+00:00;True;-3.76;3.88;59.2;2019-01-16;2019;1;3;16;16;2;367;55;7;True
2019-01-16 08:00:00+00:00;True;-3.82;4.31;74.4;2019-01-16;2019;1;3;16;16;2;368;56;8;True
2019-01-16 09:00:00+00:00;True;-3.94;10.15;172.0;2019-01-16;2019;1;3;16;16;2;369;57;9;True
2019-01-16 10:00:00+00:00;True;-4.29;30.93;166.4;2019-01-16;2019;1;3;16;16;2;370;58;10;True
2019-01-16 11:00:00+00:00;True;-4.65;60.42;169.6;2019-01-16;2019;1;3;16;16;2;371;59;11;True
2019-01-16 12:00:00+00:00;True;-4.77;97.68;167.1;2019-01-16;2019;1;3;16;16;2;372;60;12;True
2019-01-16 13:00:00+00:00;True;-4.98;73.55;160.1;2019-01-16;2019;1;3;16;16;2;373;61;13;True
2019-01-16 14:00:00+00:00;True;-5.12;64.22;173.6;2019-01-16;2019;1;3;16;16;2;374;62;14;True
2019-01-16 15:00:00+00:00;True;-5.54;26.02;178.1;2019-01-16;2019;1;3;16;16;2;375;63;15;True
2019-01-16 16:00:00+00:00;True;-5.9;3.18;185.1;2019-01-16;2019;1;3;16;16;2;376;64;16;True
2019-01-16 17:00:00+00:00;True;-6.17;2.78;155.9;2019-01-16;2019;1;3;16;16;2;377;65;17;True
2019-01-16 18:00:00+00:00;True;-5.51;3.08;79.8;2019-01-16;2019;1;3;16;16;2;378;66;18;True
2019-01-16 19:00:00+00:00;True;-4.84;2.6;78.2;2019-01-16;2019;1;3;16;16;2;379;67;19;True
2019-01-16 20:00:00+00:00;True;-5.13;2.1;76.4;2019-01-16;2019;1;3;16;16;2;380;68;20;True
2019-01-16 21:00:00+00:00;True;-5.61;2.22;73.3;2019-01-16;2019;1;3;16;16;2;381;69;21;True
2019-01-16 22:00:00+00:00;True;-5.19;2.92;55.3;2019-01-16;2019;1;3;16;16;2;382;70;22;True
2019-01-16 23:00:00+00:00;True;-4.97;2.79;49.9;2019-01-16;2019;1;3;16;16;2;383;71;23;True
2019-01-17 00:00:00+00:00;True;-5.26;3.99;57.2;2019-01-17;2019;1;3;17;17;3;384;72;0;True
2019-01-17 01:00:00+00:00;True;-4.64;4.91;53.7;2019-01-17;2019;1;3;17;17;3;385;73;1;True
2019-01-17 02:00:00+00:00;True;-3.55;4.8;54.9;2019-01-17;2019;1;3;17;17;3;386;74;2;True
2019-01-17 03:00:00+00:00;True;-2.4;4.33;50.9;2019-01-17;2019;1;3;17;17;3;387;75;3;True
2019-01-17 04:00:00+00:00;True;-0.71;4.35;51.2;2019-01-17;2019;1;3;17;17;3;388;76;4;True
2019-01-17 05:00:00+00:00;True;0.22;3.93;41.2;2019-01-17;2019;1;3;17;17;3;389;77;5;True
2019-01-17 06:00:00+00:00;True;1.08;3.73;51.9;2019-01-17;2019;1;3;17;17;3;390;78;6;True
2019-01-17 07:00:00+00:00;True;1.95;3.28;47.5;2019-01-17;2019;1;3;17;17;3;391;79;7;True
2019-01-17 08:00:00+00:00;True;2.5;4.4;59.1;2019-01-17;2019;1;3;17;17;3;392;80;8;True
2019-01-17 09:00:00+00:00;True;2.71;19.02;131.7;2019-01-17;2019;1;3;17;17;3;393;81;9;True
2019-01-17 10:00:00+00:00;True;2.82;40.86;124.1;2019-01-17;2019;1;3;17;17;3;394;82;10;True
2019-01-17 11:00:00+00:00;True;2.83;63.71;127.0;2019-01-17;2019;1;3;17;17;3;395;83;11;True
2019-01-17 12:00:00+00:00;True;2.68;58.35;118.4;2019-01-17;2019;1;3;17;17;3;396;84;12;True
2019-01-17 13:00:00+00:00;True;2.11;46.74;118.5;2019-01-17;2019;1;3;17;17;3;397;85;13;True
2019-01-17 14:00:00+00:00;True;1.37;25.14;116.6;2019-01-17;2019;1;3;17;17;3;398;86;14;True
2019-01-17 15:00:00+00:00;True;0.94;11.95;122.3;2019-01-17;2019;1;3;17;17;3;399;87;15;True
2019-01-17 16:00:00+00:00;True;0.79;2.93;128.4;2019-01-17;2019;1;3;17;17;3;400;88;16;True
2019-01-17 17:00:00+00:00;True;0.43;2.18;101.4;2019-01-17;2019;1;3;17;17;3;401;89;17;True
2019-01-17 18:00:00+00:00;True;0.06;2.29;65.0;2019-01-17;2019;1;3;17;17;3;402;90;18;True
2019-01-17 19:00:00+00:00;True;-0.41;1.78;57.6;2019-01-17;2019;1;3;17;17;3;403;91;19;True
2019-01-17 20:00:00+00:00;True;-1.04;1.5;83.2;2019-01-17;2019;1;3;17;17;3;404;92;20;True
2019-01-17 21:00:00+00:00;True;-1.69;1.54;66.9;2019-01-17;2019;1;3;17;17;3;405;93;21;True
2019-01-17 22:00:00+00:00;True;-2.33;2.53;44.4;2019-01-17;2019;1;3;17;17;3;406;94;22;True
2019-01-17 23:00:00+00:00;True;-2.86;2.86;53.4;2019-01-17;2019;1;3;17;17;3;407;95;23;True
2019-01-18 00:00:00+00:00;True;-3.88;3.46;57.0;2019-01-18;2019;1;3;18;18;4;408;96;0;True
2019-01-18 01:00:00+00:00;True;-4.69;4.26;49.8;2019-01-18;2019;1;3;18;18;4;409;97;1;True
2019-01-18 02:00:00+00:00;True;-5.13;4.64;51.1;2019-01-18;2019;1;3;18;18;4;410;98;2;True
2019-01-18 03:00:00+00:00;True;-5.26;4.73;53.3;2019-01-18;2019;1;3;18;18;4;411;99;3;True
2019-01-18 04:00:00+00:00;True;-5.78;4.24;52.4;2019-01-18;2019;1;3;18;18;4;412;100;4;True
2019-01-18 05:00:00+00:00;True;-6.46;4.04;65.3;2019-01-18;2019;1;3;18;18;4;413;101;5;True
2019-01-18 06:00:00+00:00;True;-7.2;3.73;62.1;2019-01-18;2019;1;3;18;18;4;414;102;6;True
2019-01-18 07:00:00+00:00;True;-7.61;3.75;74.7;2019-01-18;2019;1;3;18;18;4;415;103;7;True
2019-01-18 08:00:00+00:00;True;-8.11;4.88;85.3;2019-01-18;2019;1;3;18;18;4;416;104;8;True
2019-01-18 09:00:00+00:00;True;-8.05;49.27;191.1;2019-01-18;2019;1;3;18;18;4;417;105;9;True
2019-01-18 10:00:00+00:00;True;-7.25;72.31;178.4;2019-01-18;2019;1;3;18;18;4;418;106;10;True
2019-01-18 11:00:00+00:00;True;-6.05;65.26;168.4;2019-01-18;2019;1;3;18;18;4;419;107;11;True
2019-01-18 12:00:00+00:00;True;-5.03;80.03;169.3;2019-01-18;2019;1;3;18;18;4;420;108;12;True
2019-01-18 13:00:00+00:00;True;-4.42;113.66;167.4;2019-01-18;2019;1;3;18;18;4;421;109;13;True
2019-01-18 14:00:00+00:00;True;-4.33;58.47;159.3;2019-01-18;2019;1;3;18;18;4;422;110;14;True
2019-01-18 15:00:00+00:00;True;-3.79;25.74;168.8;2019-01-18;2019;1;3;18;18;4;423;111;15;True
2019-01-18 16:00:00+00:00;True;-4.29;0.86;166.8;2019-01-18;2019;1;3;18;18;4;424;112;16;True
2019-01-18 17:00:00+00:00;True;-4.27;0.62;139.3;2019-01-18;2019;1;3;18;18;4;425;113;17;True
2019-01-18 18:00:00+00:00;True;-4.1;0.73;80.2;2019-01-18;2019;1;3;18;18;4;426;114;18;True
2019-01-18 19:00:00+00:00;True;-3.68;0.38;76.8;2019-01-18;2019;1;3;18;18;4;427;115;19;True
2019-01-18 20:00:00+00:00;True;-3.01;0.59;77.5;2019-01-18;2019;1;3;18;18;4;428;116;20;True
2019-01-18 21:00:00+00:00;True;-2.53;0.14;75.5;2019-01-18;2019;1;3;18;18;4;429;117;21;True
2019-01-18 22:00:00+00:00;True;-3.38;0.04;56.0;2019-01-18;2019;1;3;18;18;4;430;118;22;True
2019-01-18 23:00:00+00:00;True;-4.67;0.32;49.6;2019-01-18;2019;1;3;18;18;4;431;119;23;True
2019-01-19 00:00:00+00:00;True;-5.82;1.33;58.5;2019-01-19;2019;1;3;19;19;5;432;120;0;False
2019-01-19 01:00:00+00:00;True;-6.69;2.01;57.9;2019-01-19;2019;1;3;19;19;5;433;121;1;False
2019-01-19 02:00:00+00:00;True;-7.46;2.19;62.5;2019-01-19;2019;1;3;19;19;5;434;122;2;False
2019-01-19 03:00:00+00:00;True;-7.21;2.64;66.4;2019-01-19;2019;1;3;19;19;5;435;123;3;False
2019-01-19 04:00:00+00:00;True;-7.43;2.69;59.3;2019-01-19;2019;1;3;19;19;5;436;124;4;False
2019-01-19 05:00:00+00:00;True;-7.77;2.89;56.1;2019-01-19;2019;1;3;19;19;5;437;125;5;False
2019-01-19 06:00:00+00:00;True;-7.68;2.98;61.7;2019-01-19;2019;1;3;19;19;5;438;126;6;False
2019-01-19 07:00:00+00:00;True;-7.77;2.6;81.9;2019-01-19;2019;1;3;19;19;5;439;127;7;False
2019-01-19 08:00:00+00:00;True;-7.15;4.22;71.9;2019-01-19;2019;1;3;19;19;5;440;128;8;False
2019-01-19 09:00:00+00:00;True;-6.22;23.42;70.9;2019-01-19;2019;1;3;19;19;5;441;129;9;False
2019-01-19 10:00:00+00:00;True;-5.68;54.87;65.9;2019-01-19;2019;1;3;19;19;5;442;130;10;False
2019-01-19 11:00:00+00:00;True;-4.88;69.78;64.4;2019-01-19;2019;1;3;19;19;5;443;131;11;False
2019-01-19 12:00:00+00:00;True;-3.84;88.25;55.1;2019-01-19;2019;1;3;19;19;5;444;132;12;False
2019-01-19 13:00:00+00:00;True;-2.8;63.12;64.0;2019-01-19;2019;1;3;19;19;5;445;133;13;False
2019-01-19 14:00:00+00:00;True;-2.42;53.45;56.6;2019-01-19;2019;1;3;19;19;5;446;134;14;False
2019-01-19 15:00:00+00:00;True;-2.52;20.52;53.4;2019-01-19;2019;1;3;19;19;5;447;135;15;False
2019-01-19 16:00:00+00:00;True;-2.67;1.19;57.8;2019-01-19;2019;1;3;19;19;5;448;136;16;False
2019-01-19 17:00:00+00:00;True;-2.95;0.18;68.7;2019-01-19;2019;1;3;19;19;5;449;137;17;False
2019-01-19 18:00:00+00:00;True;-2.99;0.08;55.7;2019-01-19;2019;1;3;19;19;5;450;138;18;False
2019-01-19 19:00:00+00:00;True;-2.37;0.26;55.2;2019-01-19;2019;1;3;19;19;5;451;139;19;False
2019-01-19 20:00:00+00:00;True;-1.96;0.36;54.9;2019-01-19;2019;1;3;19;19;5;452;140;20;False
2019-01-19 21:00:00+00:00;True;-2.29;0.32;64.3;2019-01-19;2019;1;3;19;19;5;453;141;21;False
2019-01-19 22:00:00+00:00;True;-1.79;0.21;42.0;2019-01-19;2019;1;3;19;19;5;454;142;22;False
2019-01-19 23:00:00+00:00;True;-1.79;1.24;37.8;2019-01-19;2019;1;3;19;19;5;455;143;23;False
2019-01-20 00:00:00+00:00;True;-1.28;1.07;41.5;2019-01-20;2019;1;3;20;20;6;456;144;0;False
2019-01-20 01:00:00+00:00;True;-1.02;1.05;32.2;2019-01-20;2019;1;3;20;20;6;457;145;1;False
2019-01-20 02:00:00+00:00;True;-1.38;2.11;40.0;2019-01-20;2019;1;3;20;20;6;458;146;2;False
2019-01-20 03:00:00+00:00;True;-2.06;2.15;36.3;2019-01-20;2019;1;3;20;20;6;459;147;3;False
2019-01-20 04:00:00+00:00;True;-2.73;2.28;39.2;2019-01-20;2019;1;3;20;20;6;460;148;4;False
2019-01-20 05:00:00+00:00;True;-3.16;2.56;37.9;2019-01-20;2019;1;3;20;20;6;461;149;5;False
2019-01-20 06:00:00+00:00;True;-2.97;2.35;47.9;2019-01-20;2019;1;3;20;20;6;462;150;6;False
2019-01-20 07:00:00+00:00;True;-2.82;2.29;45.2;2019-01-20;2019;1;3;20;20;6;463;151;7;False
2019-01-20 08:00:00+00:00;True;-2.88;3.52;57.0;2019-01-20;2019;1;3;20;20;6;464;152;8;False
2019-01-20 09:00:00+00:00;True;-3.1;17.29;55.1;2019-01-20;2019;1;3;20;20;6;465;153;9;False
2019-01-20 10:00:00+00:00;True;-3.15;62.72;61.8;2019-01-20;2019;1;3;20;20;6;466;154;10;False
2019-01-20 11:00:00+00:00;True;-3.11;94.73;58.3;2019-01-20;2019;1;3;20;20;6;467;155;11;False
2019-01-20 12:00:00+00:00;True;-3.19;91.81;53.1;2019-01-20;2019;1;3;20;20;6;468;156;12;False
2019-01-20 13:00:00+00:00;True;-3.3;113.08;53.6;2019-01-20;2019;1;3;20;20;6;469;157;13;False
2019-01-20 14:00:00+00:00;True;-3.89;113.79;66.3;2019-01-20;2019;1;3;20;20;6;470;158;14;False
2019-01-20 15:00:00+00:00;True;-5.31;36.67;60.8;2019-01-20;2019;1;3;20;20;6;471;159;15;False
2019-01-20 16:00:00+00:00;True;-6.15;1.73;67.9;2019-01-20;2019;1;3;20;20;6;472;160;16;False
2019-01-20 17:00:00+00:00;True;-6.67;0.99;65.8;2019-01-20;2019;1;3;20;20;6;473;161;17;False
2019-01-20 18:00:00+00:00;True;-7.04;0.87;69.3;2019-01-20;2019;1;3;20;20;6;474;162;18;False
2019-01-20 19:00:00+00:00;True;-7.6;0.11;64.2;2019-01-20;2019;1;3;20;20;6;475;163;19;False
2019-01-20 20:00:00+00:00;True;-8.12;0.78;66.8;2019-01-20;2019;1;3;20;20;6;476;164;20;False
2019-01-20 21:00:00+00:00;True;-7.52;0.88;74.3;2019-01-20;2019;1;3;20;20;6;477;165;21;False
2019-01-20 22:00:00+00:00;True;-7.13;1.29;57.5;2019-01-20;2019;1;3;20;20;6;478;166;22;False
2019-01-20 23:00:00+00:00;True;-8.03;2.28;60.4;2019-01-20;2019;1;3;20;20;6;479;167;23;False
2019-01-21 00:00:00+00:00;True;-8.33;2.46;64.4;2019-01-21;2019;1;4;21;21;0;480;0;0;True
2019-01-21 01:00:00+00:00;True;-8.45;3.2;65.6;2019-01-21;2019;1;4;21;21;0;481;1;1;True
2019-01-21 02:00:00+00:00;True;-8.83;2.24;66.3;2019-01-21;2019;1;4;21;21;0;482;2;2;True
2019-01-21 03:00:00+00:00;True;-9.33;2.2;73.2;2019-01-21;2019;1;4;21;21;0;483;3;3;True
2019-01-21 04:00:00+00:00;True;-10.05;2.93;67.5;2019-01-21;2019;1;4;21;21;0;484;4;4;True
2019-01-21 05:00:00+00:00;True;-10.78;3.51;69.7;2019-01-21;2019;1;4;21;21;0;485;5;5;True
2019-01-21 06:00:00+00:00;True;-11.38;3.07;75.4;2019-01-21;2019;1;4;21;21;0;486;6;6;True
2019-01-21 07:00:00+00:00;True;-12.06;3.04;90.4;2019-01-21;2019;1;4;21;21;0;487;7;7;True
2019-01-21 08:00:00+00:00;True;-12.31;7.47;78.0;2019-01-21;2019;1;4;21;21;0;488;8;8;True
2019-01-21 09:00:00+00:00;True;-12.72;66.04;192.2;2019-01-21;2019;1;4;21;21;0;489;9;9;True
2019-01-21 10:00:00+00:00;True;-12.58;147.45;209.8;2019-01-21;2019;1;4;21;21;0;490;10;10;True
2019-01-21 11:00:00+00:00;True;-12.16;222.87;218.9;2019-01-21;2019;1;4;21;21;0;491;11;11;True
2019-01-21 12:00:00+00:00;True;-11.28;246.42;192.4;2019-01-21;2019;1;4;21;21;0;492;12;12;True
2019-01-21 13:00:00+00:00;True;-10.4;219.8;185.5;2019-01-21;2019;1;4;21;21;0;493;13;13;True
2019-01-21 14:00:00+00:00;True;-9.74;147.78;170.3;2019-01-21;2019;1;4;21;21;0;494;14;14;True
2019-01-21 15:00:00+00:00;True;-10.07;54.61;188.9;2019-01-21;2019;1;4;21;21;0;495;15;15;True
2019-01-21 16:00:00+00:00;True;-10.7;3.77;173.0;2019-01-21;2019;1;4;21;21;0;496;16;16;True
2019-01-21 17:00:00+00:00;True;-11.43;2.34;159.7;2019-01-21;2019;1;4;21;21;0;497;17;17;True
2019-01-21 18:00:00+00:00;True;-11.93;1.93;89.3;2019-01-21;2019;1;4;21;21;0;498;18;18;True
2019-01-21 19:00:00+00:00;True;-12.66;1.92;79.4;2019-01-21;2019;1;4;21;21;0;499;19;19;True
2019-01-21 20:00:00+00:00;True;-13.12;2.79;81.4;2019-01-21;2019;1;4;21;21;0;500;20;20;True
2019-01-21 21:00:00+00:00;True;-13.63;1.92;81.8;2019-01-21;2019;1;4;21;21;0;501;21;21;True
2019-01-21 22:00:00+00:00;True;-13.95;1.65;59.5;2019-01-21;2019;1;4;21;21;0;502;22;22;True
2019-01-21 23:00:00+00:00;True;-14.47;2.48;60.5;2019-01-21;2019;1;4;21;21;0;503;23;23;True
2019-01-22 00:00:00+00:00;True;-15.06;3.18;70.3;2019-01-22;2019;1;4;22;22;1;504;24;0;True
2019-01-22 01:00:00+00:00;True;-16.53;3.93;82.1;2019-01-22;2019;1;4;22;22;1;505;25;1;True
2019-01-22 02:00:00+00:00;True;-17.42;3.46;72.4;2019-01-22;2019;1;4;22;22;1;506;26;2;True
2019-01-22 03:00:00+00:00;True;-18.18;3.69;83.1;2019-01-22;2019;1;4;22;22;1;507;27;3;True
2019-01-22 04:00:00+00:00;True;-18.55;3.8;75.1;2019-01-22;2019;1;4;22;22;1;508;28;4;True
2019-01-22 05:00:00+00:00;True;-19.04;3.88;67.4;2019-01-22;2019;1;4;22;22;1;509;29;5;True
2019-01-22 06:00:00+00:00;True;-19.01;3.04;80.7;2019-01-22;2019;1;4;22;22;1;510;30;6;True
2019-01-22 07:00:00+00:00;True;-19.32;3.58;96.7;2019-01-22;2019;1;4;22;22;1;511;31;7;True
2019-01-22 08:00:00+00:00;True;-19.51;8.78;100.2;2019-01-22;2019;1;4;22;22;1;512;32;8;True
2019-01-22 09:00:00+00:00;True;-18.88;40.49;269.2;2019-01-22;2019;1;4;22;22;1;513;33;9;True
2019-01-22 10:00:00+00:00;True;-16.64;152.17;260.6;2019-01-22;2019;1;4;22;22;1;514;34;10;True
2019-01-22 11:00:00+00:00;True;-16.38;239.3;248.7;2019-01-22;2019;1;4;22;22;1;515;35;11;True
2019-01-22 12:00:00+00:00;True;-14.37;265.77;247.6;2019-01-22;2019;1;4;22;22;1;516;36;12;True
2019-01-22 13:00:00+00:00;True;-14.02;196.42;244.6;2019-01-22;2019;1;4;22;22;1;517;37;13;True
2019-01-22 14:00:00+00:00;True;-13.55;139.55;240.2;2019-01-22;2019;1;4;22;22;1;518;38;14;True
2019-01-22 15:00:00+00:00;True;-13.87;37.86;218.4;2019-01-22;2019;1;4;22;22;1;519;39;15;True
2019-01-22 16:00:00+00:00;True;-14.21;4.47;226.1;2019-01-22;2019;1;4;22;22;1;520;40;16;True
2019-01-22 17:00:00+00:00;True;-14.62;2.46;200.2;2019-01-22;2019;1;4;22;22;1;521;41;17;True
2019-01-22 18:00:00+00:00;True;-14.72;2.78;112.1;2019-01-22;2019;1;4;22;22;1;522;42;18;True
2019-01-22 19:00:00+00:00;True;-15.04;2.82;106.5;2019-01-22;2019;1;4;22;22;1;523;43;19;True
2019-01-22 20:00:00+00:00;True;-15.55;2.03;105.6;2019-01-22;2019;1;4;22;22;1;524;44;20;True
2019-01-22 21:00:00+00:00;True;-15.29;1.49;118.9;2019-01-22;2019;1;4;22;22;1;525;45;21;True
2019-01-22 22:00:00+00:00;True;-14.75;1.14;82.2;2019-01-22;2019;1;4;22;22;1;526;46;22;True
2019-01-22 23:00:00+00:00;True;-13.24;3.0;90.3;2019-01-22;2019;1;4;22;22;1;527;47;23;True
2019-01-23 00:00:00+00:00;True;-12.55;3.78;78.9;2019-01-23;2019;1;4;23;23;2;528;48;0;True
2019-01-23 01:00:00+00:00;True;-12.06;3.88;83.1;2019-01-23;2019;1;4;23;23;2;529;49;1;True
2019-01-23 02:00:00+00:00;True;-11.43;4.23;72.9;2019-01-23;2019;1;4;23;23;2;530;50;2;True
2019-01-23 03:00:00+00:00;True;-10.43;3.51;80.3;2019-01-23;2019;1;4;23;23;2;531;51;3;True
2019-01-23 04:00:00+00:00;True;-10.42;2.72;78.6;2019-01-23;2019;1;4;23;23;2;532;52;4;True
2019-01-23 05:00:00+00:00;True;-10.92;2.84;80.8;2019-01-23;2019;1;4;23;23;2;533;53;5;True
2019-01-23 06:00:00+00:00;True;-11.27;2.87;80.6;2019-01-23;2019;1;4;23;23;2;534;54;6;True
2019-01-23 07:00:00+00:00;True;-11.89;2.94;91.7;2019-01-23;2019;1;4;23;23;2;535;55;7;True
2019-01-23 08:00:00+00:00;True;-11.88;6.51;95.9;2019-01-23;2019;1;4;23;23;2;536;56;8;True
2019-01-23 09:00:00+00:00;True;-11.24;23.34;205.1;2019-01-23;2019;1;4;23;23;2;537;57;9;True
2019-01-23 10:00:00+00:00;True;-9.84;49.22;207.5;2019-01-23;2019;1;4;23;23;2;538;58;10;True
2019-01-23 11:00:00+00:00;True;-7.08;64.4;193.1;2019-01-23;2019;1;4;23;23;2;539;59;11;True
2019-01-23 12:00:00+00:00;True;-6.3;72.62;175.0;2019-01-23;2019;1;4;23;23;2;540;60;12;True
2019-01-23 13:00:00+00:00;True;-6.14;66.57;176.2;2019-01-23;2019;1;4;23;23;2;541;61;13;True
2019-01-23 14:00:00+00:00;True;-6.41;41.74;181.8;2019-01-23;2019;1;4;23;23;2;542;62;14;True
2019-01-23 15:00:00+00:00;True;-6.33;16.1;180.6;2019-01-23;2019;1;4;23;23;2;543;63;15;True
2019-01-23 16:00:00+00:00;True;-5.91;3.26;177.0;2019-01-23;2019;1;4;23;23;2;544;64;16;True
2019-01-23 17:00:00+00:00;True;-5.69;1.93;154.1;2019-01-23;2019;1;4;23;23;2;545;65;17;True
2019-01-23 18:00:00+00:00;True;-5.78;2.47;81.8;2019-01-23;2019;1;4;23;23;2;546;66;18;True
2019-01-23 19:00:00+00:00;True;-5.64;2.36;72.6;2019-01-23;2019;1;4;23;23;2;547;67;19;True
2019-01-23 20:00:00+00:00;True;-5.38;2.12;73.6;2019-01-23;2019;1;4;23;23;2;548;68;20;True
2019-01-23 21:00:00+00:00;True;-5.2;1.89;79.0;2019-01-23;2019;1;4;23;23;2;549;69;21;True
2019-01-23 22:00:00+00:00;True;-5.06;0.99;48.6;2019-01-23;2019;1;4;23;23;2;550;70;22;True
2019-01-23 23:00:00+00:00;True;-5.05;1.23;48.7;2019-01-23;2019;1;4;23;23;2;551;71;23;True
2019-01-24 00:00:00+00:00;True;-5.11;1.8;47.8;2019-01-24;2019;1;4;24;24;3;552;72;0;True
2019-01-24 01:00:00+00:00;True;-5.22;2.13;57.1;2019-01-24;2019;1;4;24;24;3;553;73;1;True
2019-01-24 02:00:00+00:00;True;-5.19;2.76;56.3;2019-01-24;2019;1;4;24;24;3;554;74;2;True
2019-01-24 03:00:00+00:00;True;-5.06;3.92;55.7;2019-01-24;2019;1;4;24;24;3;555;75;3;True
2019-01-24 04:00:00+00:00;True;-4.94;2.66;59.4;2019-01-24;2019;1;4;24;24;3;556;76;4;True
2019-01-24 05:00:00+00:00;True;-4.73;2.56;47.0;2019-01-24;2019;1;4;24;24;3;557;77;5;True
2019-01-24 06:00:00+00:00;True;-4.45;2.34;48.2;2019-01-24;2019;1;4;24;24;3;558;78;6;True
2019-01-24 07:00:00+00:00;True;-4.38;2.1;58.7;2019-01-24;2019;1;4;24;24;3;559;79;7;True
2019-01-24 08:00:00+00:00;True;-4.07;4.44;73.5;2019-01-24;2019;1;4;24;24;3;560;80;8;True
2019-01-24 09:00:00+00:00;True;-3.73;14.7;165.2;2019-01-24;2019;1;4;24;24;3;561;81;9;True
2019-01-24 10:00:00+00:00;True;-4.6;37.09;160.9;2019-01-24;2019;1;4;24;24;3;562;82;10;True
2019-01-24 11:00:00+00:00;True;-5.71;105.43;175.3;2019-01-24;2019;1;4;24;24;3;563;83;11;True
2019-01-24 12:00:00+00:00;True;-6.58;122.14;181.6;2019-01-24;2019;1;4;24;24;3;564;84;12;True
2019-01-24 13:00:00+00:00;True;-7.44;163.03;188.9;2019-01-24;2019;1;4;24;24;3;565;85;13;True
2019-01-24 14:00:00+00:00;True;-8.22;108.65;191.9;2019-01-24;2019;1;4;24;24;3;566;86;14;True
2019-01-24 15:00:00+00:00;True;-8.71;35.99;192.6;2019-01-24;2019;1;4;24;24;3;567;87;15;True
2019-01-24 16:00:00+00:00;True;-9.67;2.93;197.8;2019-01-24;2019;1;4;24;24;3;568;88;16;True
2019-01-24 17:00:00+00:00;True;-10.52;1.08;176.0;2019-01-24;2019;1;4;24;24;3;569;89;17;True
2019-01-24 18:00:00+00:00;True;-11.21;0.88;91.9;2019-01-24;2019;1;4;24;24;3;570;90;18;True
2019-01-24 19:00:00+00:00;True;-11.73;0.81;90.0;2019-01-24;2019;1;4;24;24;3;571;91;19;True
2019-01-24 20:00:00+00:00;True;-12.41;1.1;119.7;2019-01-24;2019;1;4;24;24;3;572;92;20;True
2019-01-24 21:00:00+00:00;True;-13.04;0.91;97.1;2019-01-24;2019;1;4;24;24;3;573;93;21;True
2019-01-24 22:00:00+00:00;True;-13.34;1.8;68.7;2019-01-24;2019;1;4;24;24;3;574;94;22;True
2019-01-24 23:00:00+00:00;True;-13.75;1.82;74.9;2019-01-24;2019;1;4;24;24;3;575;95;23;True
2019-01-25 00:00:00+00:00;True;-13.95;1.34;82.3;2019-01-25;2019;1;4;25;25;4;576;96;0;True
2019-01-25 01:00:00+00:00;True;-14.42;1.69;76.8;2019-01-25;2019;1;4;25;25;4;577;97;1;True
2019-01-25 02:00:00+00:00;True;-13.82;2.62;85.6;2019-01-25;2019;1;4;25;25;4;578;98;2;True
2019-01-25 03:00:00+00:00;True;-14.22;2.87;79.2;2019-01-25;2019;1;4;25;25;4;579;99;3;True
2019-01-25 04:00:00+00:00;True;-14.42;3.01;78.1;2019-01-25;2019;1;4;25;25;4;580;100;4;True
2019-01-25 05:00:00+00:00;True;-14.93;3.38;78.8;2019-01-25;2019;1;4;25;25;4;581;101;5;True
2019-01-25 06:00:00+00:00;True;-15.27;2.74;87.1;2019-01-25;2019;1;4;25;25;4;582;102;6;True
2019-01-25 07:00:00+00:00;True;-15.43;2.44;100.8;2019-01-25;2019;1;4;25;25;4;583;103;7;True
2019-01-25 08:00:00+00:00;True;-14.97;6.06;106.6;2019-01-25;2019;1;4;25;25;4;584;104;8;True
2019-01-25 09:00:00+00:00;True;-15.01;34.85;231.3;2019-01-25;2019;1;4;25;25;4;585;105;9;True
2019-01-25 10:00:00+00:00;True;-14.38;80.01;66.6;2019-01-25;2019;1;4;25;25;4;586;106;10;True
2019-01-25 11:00:00+00:00;True;-13.24;106.49;224.0;2019-01-25;2019;1;4;25;25;4;587;107;11;True
2019-01-25 12:00:00+00:00;True;-12.9;122.62;221.6;2019-01-25;2019;1;4;25;25;4;588;108;12;True
2019-01-25 13:00:00+00:00;True;-13.01;113.78;219.5;2019-01-25;2019;1;4;25;25;4;589;109;13;True
2019-01-25 14:00:00+00:00;True;-12.62;68.82;204.9;2019-01-25;2019;1;4;25;25;4;590;110;14;True
2019-01-25 15:00:00+00:00;True;-12.52;22.43;209.7;2019-01-25;2019;1;4;25;25;4;591;111;15;True
2019-01-25 16:00:00+00:00;True;-12.62;3.25;210.2;2019-01-25;2019;1;4;25;25;4;592;112;16;True
2019-01-25 17:00:00+00:00;True;-12.86;2.25;182.5;2019-01-25;2019;1;4;25;25;4;593;113;17;True
2019-01-25 18:00:00+00:00;True;-13.35;2.18;92.8;2019-01-25;2019;1;4;25;25;4;594;114;18;True
2019-01-25 19:00:00+00:00;True;-13.15;1.52;94.6;2019-01-25;2019;1;4;25;25;4;595;115;19;True
2019-01-25 20:00:00+00:00;True;-12.75;1.91;125.7;2019-01-25;2019;1;4;25;25;4;596;116;20;True
2019-01-25 21:00:00+00:00;True;-12.59;1.01;118.7;2019-01-25;2019;1;4;25;25;4;597;117;21;True
2019-01-25 22:00:00+00:00;True;-12.4;0.69;71.9;2019-01-25;2019;1;4;25;25;4;598;118;22;True
2019-01-25 23:00:00+00:00;True;-12.17;1.19;64.1;2019-01-25;2019;1;4;25;25;4;599;119;23;True
2019-01-26 00:00:00+00:00;True;-11.98;2.9;68.8;2019-01-26;2019;1;4;26;26;5;600;120;0;False
2019-01-26 01:00:00+00:00;True;-11.74;3.48;65.5;2019-01-26;2019;1;4;26;26;5;601;121;1;False
2019-01-26 02:00:00+00:00;True;-11.46;3.86;65.3;2019-01-26;2019;1;4;26;26;5;602;122;2;False
2019-01-26 03:00:00+00:00;True;-11.22;4.16;74.1;2019-01-26;2019;1;4;26;26;5;603;123;3;False
2019-01-26 04:00:00+00:00;True;-11.17;4.04;64.4;2019-01-26;2019;1;4;26;26;5;604;124;4;False
2019-01-26 05:00:00+00:00;True;-11.09;4.17;75.1;2019-01-26;2019;1;4;26;26;5;605;125;5;False
2019-01-26 06:00:00+00:00;True;-10.96;3.82;64.4;2019-01-26;2019;1;4;26;26;5;606;126;6;False
2019-01-26 07:00:00+00:00;True;-10.83;3.52;90.1;2019-01-26;2019;1;4;26;26;5;607;127;7;False
2019-01-26 08:00:00+00:00;True;-10.76;5.26;80.2;2019-01-26;2019;1;4;26;26;5;608;128;8;False
2019-01-26 09:00:00+00:00;True;-10.63;44.0;72.5;2019-01-26;2019;1;4;26;26;5;609;129;9;False
2019-01-26 10:00:00+00:00;True;-10.42;92.8;66.6;2019-01-26;2019;1;4;26;26;5;610;130;10;False
2019-01-26 11:00:00+00:00;True;-10.08;126.9;63.5;2019-01-26;2019;1;4;26;26;5;611;131;11;False
2019-01-26 12:00:00+00:00;True;-9.34;173.78;63.6;2019-01-26;2019;1;4;26;26;5;612;132;12;False
2019-01-26 13:00:00+00:00;True;-9.31;170.38;77.3;2019-01-26;2019;1;4;26;26;5;613;133;13;False
2019-01-26 14:00:00+00:00;True;-8.84;117.49;67.8;2019-01-26;2019;1;4;26;26;5;614;134;14;False
2019-01-26 15:00:00+00:00;True;-9.43;45.34;77.1;2019-01-26;2019;1;4;26;26;5;615;135;15;False
2019-01-26 16:00:00+00:00;True;-10.16;3.01;72.9;2019-01-26;2019;1;4;26;26;5;616;136;16;False
2019-01-26 17:00:00+00:00;True;-10.23;1.34;73.8;2019-01-26;2019;1;4;26;26;5;617;137;17;False
2019-01-26 18:00:00+00:00;True;-10.42;1.11;70.0;2019-01-26;2019;1;4;26;26;5;618;138;18;False
2019-01-26 19:00:00+00:00;True;-10.23;1.65;77.9;2019-01-26;2019;1;4;26;26;5;619;139;19;False
2019-01-26 20:00:00+00:00;True;-10.03;1.01;73.2;2019-01-26;2019;1;4;26;26;5;620;140;20;False
2019-01-26 21:00:00+00:00;True;-10.21;1.2;76.4;2019-01-26;2019;1;4;26;26;5;621;141;21;False
2019-01-26 22:00:00+00:00;True;-10.18;0.55;48.0;2019-01-26;2019;1;4;26;26;5;622;142;22;False
2019-01-26 23:00:00+00:00;True;-10.25;0.54;46.3;2019-01-26;2019;1;4;26;26;5;623;143;23;False
2019-01-27 00:00:00+00:00;True;-9.95;1.72;61.9;2019-01-27;2019;1;4;27;27;6;624;144;0;False
2019-01-27 01:00:00+00:00;True;-9.51;1.82;53.5;2019-01-27;2019;1;4;27;27;6;625;145;1;False
2019-01-27 02:00:00+00:00;True;-9.41;1.58;57.3;2019-01-27;2019;1;4;27;27;6;626;146;2;False
2019-01-27 03:00:00+00:00;True;-9.31;2.27;51.9;2019-01-27;2019;1;4;27;27;6;627;147;3;False
2019-01-27 04:00:00+00:00;True;-9.28;3.15;55.1;2019-01-27;2019;1;4;27;27;6;628;148;4;False
2019-01-27 05:00:00+00:00;True;-9.68;3.35;60.9;2019-01-27;2019;1;4;27;27;6;629;149;5;False
2019-01-27 06:00:00+00:00;True;-9.83;3.13;51.9;2019-01-27;2019;1;4;27;27;6;630;150;6;False
2019-01-27 07:00:00+00:00;True;-9.87;2.89;67.2;2019-01-27;2019;1;4;27;27;6;631;151;7;False
2019-01-27 08:00:00+00:00;True;-10.77;6.06;84.0;2019-01-27;2019;1;4;27;27;6;632;152;8;False
2019-01-27 09:00:00+00:00;True;-11.65;38.22;80.1;2019-01-27;2019;1;4;27;27;6;633;153;9;False
2019-01-27 10:00:00+00:00;True;-10.5;143.22;76.7;2019-01-27;2019;1;4;27;27;6;634;154;10;False
2019-01-27 11:00:00+00:00;True;-9.98;192.2;84.3;2019-01-27;2019;1;4;27;27;6;635;155;11;False
2019-01-27 12:00:00+00:00;True;-9.41;170.1;79.1;2019-01-27;2019;1;4;27;27;6;636;156;12;False
2019-01-27 13:00:00+00:00;True;-9.63;181.16;77.9;2019-01-27;2019;1;4;27;27;6;637;157;13;False
2019-01-27 14:00:00+00:00;True;-10.36;124.22;72.2;2019-01-27;2019;1;4;27;27;6;638;158;14;False
2019-01-27 15:00:00+00:00;True;-10.67;40.28;77.0;2019-01-27;2019;1;4;27;27;6;639;159;15;False
2019-01-27 16:00:00+00:00;True;-11.23;3.36;77.5;2019-01-27;2019;1;4;27;27;6;640;160;16;False
2019-01-27 17:00:00+00:00;True;-11.54;0.94;83.3;2019-01-27;2019;1;4;27;27;6;641;161;17;False
2019-01-27 18:00:00+00:00;True;-12.5;0.86;86.1;2019-01-27;2019;1;4;27;27;6;642;162;18;False
2019-01-27 19:00:00+00:00;True;-12.89;1.46;78.5;2019-01-27;2019;1;4;27;27;6;643;163;19;False
2019-01-27 20:00:00+00:00;True;-13.22;1.56;83.7;2019-01-27;2019;1;4;27;27;6;644;164;20;False
2019-01-27 21:00:00+00:00;True;-13.42;1.65;82.3;2019-01-27;2019;1;4;27;27;6;645;165;21;False
2019-01-27 22:00:00+00:00;True;-13.23;2.58;78.6;2019-01-27;2019;1;4;27;27;6;646;166;22;False
2019-01-27 23:00:00+00:00;True;-13.2;3.2;74.3;2019-01-27;2019;1;4;27;27;6;647;167;23;False
2019-01-28 00:00:00+00:00;True;-14.0;3.45;80.4;2019-01-28;2019;1;5;28;28;0;648;0;0;True
2019-01-28 01:00:00+00:00;True;-13.93;4.42;81.8;2019-01-28;2019;1;5;28;28;0;649;1;1;True
2019-01-28 02:00:00+00:00;True;-13.75;3.83;75.3;2019-01-28;2019;1;5;28;28;0;650;2;2;True
2019-01-28 03:00:00+00:00;True;-14.59;3.8;71.6;2019-01-28;2019;1;5;28;28;0;651;3;3;True
2019-01-28 04:00:00+00:00;True;-14.55;4.39;100.3;2019-01-28;2019;1;5;28;28;0;652;4;4;True
2019-01-28 05:00:00+00:00;True;-13.06;4.77;60.0;2019-01-28;2019;1;5;28;28;0;653;5;5;True
2019-01-28 06:00:00+00:00;True;-11.78;5.23;83.4;2019-01-28;2019;1;5;28;28;0;654;6;6;True
2019-01-28 07:00:00+00:00;True;-11.16;4.81;95.4;2019-01-28;2019;1;5;28;28;0;655;7;7;True
2019-01-28 08:00:00+00:00;True;-10.44;8.75;86.0;2019-01-28;2019;1;5;28;28;0;656;8;8;True
2019-01-28 09:00:00+00:00;True;-10.07;27.1;185.4;2019-01-28;2019;1;5;28;28;0;657;9;9;True
2019-01-28 10:00:00+00:00;True;-9.67;56.91;170.0;2019-01-28;2019;1;5;28;28;0;658;10;10;True
2019-01-28 11:00:00+00:00;True;-9.22;88.34;177.2;2019-01-28;2019;1;5;28;28;0;659;11;11;True
2019-01-28 12:00:00+00:00;True;-8.6;98.94;161.3;2019-01-28;2019;1;5;28;28;0;660;12;12;True
2019-01-28 13:00:00+00:00;True;-8.36;89.11;172.7;2019-01-28;2019;1;5;28;28;0;661;13;13;True
2019-01-28 14:00:00+00:00;True;-8.32;57.89;175.7;2019-01-28;2019;1;5;28;28;0;662;14;14;True
2019-01-28 15:00:00+00:00;True;-8.22;28.85;175.1;2019-01-28;2019;1;5;28;28;0;663;15;15;True
2019-01-28 16:00:00+00:00;True;-8.17;6.58;166.6;2019-01-28;2019;1;5;28;28;0;664;16;16;True
2019-01-28 17:00:00+00:00;True;-8.31;2.56;146.1;2019-01-28;2019;1;5;28;28;0;665;17;17;True
2019-01-28 18:00:00+00:00;True;-8.38;2.53;73.0;2019-01-28;2019;1;5;28;28;0;666;18;18;True
2019-01-28 19:00:00+00:00;True;-8.19;2.71;68.8;2019-01-28;2019;1;5;28;28;0;667;19;19;True
2019-01-28 20:00:00+00:00;True;-8.03;1.98;75.4;2019-01-28;2019;1;5;28;28;0;668;20;20;True
2019-01-28 21:00:00+00:00;True;-8.05;1.52;100.4;2019-01-28;2019;1;5;28;28;0;669;21;21;True
2019-01-28 22:00:00+00:00;True;-8.25;1.84;45.9;2019-01-28;2019;1;5;28;28;0;670;22;22;True
2019-01-28 23:00:00+00:00;True;-8.37;3.05;54.5;2019-01-28;2019;1;5;28;28;0;671;23;23;True
2019-01-29 00:00:00+00:00;True;-8.22;3.59;50.1;2019-01-29;2019;1;5;29;29;1;672;24;0;True
2019-01-29 01:00:00+00:00;True;-8.75;3.7;47.4;2019-01-29;2019;1;5;29;29;1;673;25;1;True
2019-01-29 02:00:00+00:00;True;-9.23;4.05;55.2;2019-01-29;2019;1;5;29;29;1;674;26;2;True
2019-01-29 03:00:00+00:00;True;-9.42;4.82;44.4;2019-01-29;2019;1;5;29;29;1;675;27;3;True
2019-01-29 04:00:00+00:00;True;-9.28;4.89;48.5;2019-01-29;2019;1;5;29;29;1;676;28;4;True
2019-01-29 05:00:00+00:00;True;-9.15;4.95;43.6;2019-01-29;2019;1;5;29;29;1;677;29;5;True
2019-01-29 06:00:00+00:00;True;-9.15;4.91;49.9;2019-01-29;2019;1;5;29;29;1;678;30;6;True
2019-01-29 07:00:00+00:00;True;-8.9;4.58;52.5;2019-01-29;2019;1;5;29;29;1;679;31;7;True
2019-01-29 08:00:00+00:00;True;-8.94;6.8;74.9;2019-01-29;2019;1;5;29;29;1;680;32;8;True
2019-01-29 09:00:00+00:00;True;-9.09;24.73;202.8;2019-01-29;2019;1;5;29;29;1;681;33;9;True
2019-01-29 10:00:00+00:00;True;-8.62;54.15;196.4;2019-01-29;2019;1;5;29;29;1;682;34;10;True
2019-01-29 11:00:00+00:00;True;-8.0;59.66;192.8;2019-01-29;2019;1;5;29;29;1;683;35;11;True
2019-01-29 12:00:00+00:00;True;-7.69;37.48;196.4;2019-01-29;2019;1;5;29;29;1;684;36;12;True
2019-01-29 13:00:00+00:00;True;-7.29;45.34;186.1;2019-01-29;2019;1;5;29;29;1;685;37;13;True
2019-01-29 14:00:00+00:00;True;-6.66;52.95;180.0;2019-01-29;2019;1;5;29;29;1;686;38;14;True
2019-01-29 15:00:00+00:00;True;-5.91;35.17;176.0;2019-01-29;2019;1;5;29;29;1;687;39;15;True
2019-01-29 16:00:00+00:00;True;-5.09;6.0;187.5;2019-01-29;2019;1;5;29;29;1;688;40;16;True
2019-01-29 17:00:00+00:00;True;-4.66;1.58;150.1;2019-01-29;2019;1;5;29;29;1;689;41;17;True
2019-01-29 18:00:00+00:00;True;-4.38;0.79;83.4;2019-01-29;2019;1;5;29;29;1;690;42;18;True
2019-01-29 19:00:00+00:00;True;-4.17;0.94;71.5;2019-01-29;2019;1;5;29;29;1;691;43;19;True
2019-01-29 20:00:00+00:00;True;-3.76;1.0;70.3;2019-01-29;2019;1;5;29;29;1;692;44;20;True
2019-01-29 21:00:00+00:00;True;-3.37;0.86;67.9;2019-01-29;2019;1;5;29;29;1;693;45;21;True
2019-01-29 22:00:00+00:00;True;-2.89;1.38;43.4;2019-01-29;2019;1;5;29;29;1;694;46;22;True
2019-01-29 23:00:00+00:00;True;-2.23;0.7;41.6;2019-01-29;2019;1;5;29;29;1;695;47;23;True
2019-01-30 00:00:00+00:00;True;-1.49;1.21;50.3;2019-01-30;2019;1;5;30;30;2;696;48;0;True
2019-01-30 01:00:00+00:00;True;-0.79;1.08;39.9;2019-01-30;2019;1;5;30;30;2;697;49;1;True
2019-01-30 02:00:00+00:00;True;-0.47;1.12;46.2;2019-01-30;2019;1;5;30;30;2;698;50;2;True
2019-01-30 03:00:00+00:00;True;-0.34;1.56;42.6;2019-01-30;2019;1;5;30;30;2;699;51;3;True
2019-01-30 04:00:00+00:00;True;0.02;1.61;39.4;2019-01-30;2019;1;5;30;30;2;700;52;4;True
2019-01-30 05:00:00+00:00;True;0.22;1.35;37.2;2019-01-30;2019;1;5;30;30;2;701;53;5;True
2019-01-30 06:00:00+00:00;True;0.23;1.33;48.9;2019-01-30;2019;1;5;30;30;2;702;54;6;True
2019-01-30 07:00:00+00:00;True;0.33;0.72;43.9;2019-01-30;2019;1;5;30;30;2;703;55;7;True
2019-01-30 08:00:00+00:00;True;0.43;4.29;57.3;2019-01-30;2019;1;5;30;30;2;704;56;8;True
2019-01-30 09:00:00+00:00;True;0.55;47.36;138.0;2019-01-30;2019;1;5;30;30;2;705;57;9;True
2019-01-30 10:00:00+00:00;True;0.66;48.46;126.6;2019-01-30;2019;1;5;30;30;2;706;58;10;True
2019-01-30 11:00:00+00:00;True;0.7;63.36;135.2;2019-01-30;2019;1;5;30;30;2;707;59;11;True
2019-01-30 12:00:00+00:00;True;0.89;135.18;131.6;2019-01-30;2019;1;5;30;30;2;708;60;12;True
2019-01-30 13:00:00+00:00;True;0.77;99.82;116.6;2019-01-30;2019;1;5;30;30;2;709;61;13;True
2019-01-30 14:00:00+00:00;True;0.55;64.96;124.7;2019-01-30;2019;1;5;30;30;2;710;62;14;True
2019-01-30 15:00:00+00:00;True;0.57;28.25;120.4;2019-01-30;2019;1;5;30;30;2;711;63;15;True
2019-01-30 16:00:00+00:00;True;0.47;4.08;136.1;2019-01-30;2019;1;5;30;30;2;712;64;16;True
2019-01-30 17:00:00+00:00;True;0.07;0.49;119.2;2019-01-30;2019;1;5;30;30;2;713;65;17;True
2019-01-30 18:00:00+00:00;True;-0.36;0.31;59.3;2019-01-30;2019;1;5;30;30;2;714;66;18;True
2019-01-30 19:00:00+00:00;True;-0.53;0.17;56.4;2019-01-30;2019;1;5;30;30;2;715;67;19;True
2019-01-30 20:00:00+00:00;True;-0.82;0.11;60.1;2019-01-30;2019;1;5;30;30;2;716;68;20;True
2019-01-30 21:00:00+00:00;True;-1.14;0.46;65.1;2019-01-30;2019;1;5;30;30;2;717;69;21;True
2019-01-30 22:00:00+00:00;True;-1.16;0.41;48.2;2019-01-30;2019;1;5;30;30;2;718;70;22;True
2019-01-30 23:00:00+00:00;True;-1.87;0.59;42.2;2019-01-30;2019;1;5;30;30;2;719;71;23;True
2019-01-31 00:00:00+00:00;True;-2.86;0.85;54.4;2019-01-31;2019;1;5;31;31;3;720;72;0;True
2019-01-31 01:00:00+00:00;True;-3.92;0.74;53.8;2019-01-31;2019;1;5;31;31;3;721;73;1;True
2019-01-31 02:00:00+00:00;True;-4.9;1.18;57.5;2019-01-31;2019;1;5;31;31;3;722;74;2;True
2019-01-31 03:00:00+00:00;True;-5.23;1.15;62.1;2019-01-31;2019;1;5;31;31;3;723;75;3;True
2019-01-31 04:00:00+00:00;True;-4.92;1.58;60.4;2019-01-31;2019;1;5;31;31;3;724;76;4;True
2019-01-31 05:00:00+00:00;True;-6.2;1.21;52.3;2019-01-31;2019;1;5;31;31;3;725;77;5;True
2019-01-31 06:00:00+00:00;True;-7.27;1.46;66.5;2019-01-31;2019;1;5;31;31;3;726;78;6;True
2019-01-31 07:00:00+00:00;True;-8.45;2.02;71.1;2019-01-31;2019;1;5;31;31;3;727;79;7;True
2019-01-31 08:00:00+00:00;True;-8.91;10.4;98.9;2019-01-31;2019;1;5;31;31;3;728;80;8;True
2019-01-31 09:00:00+00:00;True;-9.26;33.15;200.6;2019-01-31;2019;1;5;31;31;3;729;81;9;True
2019-01-31 10:00:00+00:00;True;-9.07;88.84;196.5;2019-01-31;2019;1;5;31;31;3;730;82;10;True
2019-01-31 11:00:00+00:00;True;-7.9;197.49;206.4;2019-01-31;2019;1;5;31;31;3;731;83;11;True
2019-01-31 12:00:00+00:00;True;-6.8;245.9;198.8;2019-01-31;2019;1;5;31;31;3;732;84;12;True
2019-01-31 13:00:00+00:00;True;-6.19;220.42;177.0;2019-01-31;2019;1;5;31;31;3;733;85;13;True
2019-01-31 14:00:00+00:00;True;-5.6;155.38;179.7;2019-01-31;2019;1;5;31;31;3;734;86;14;True
2019-01-31 15:00:00+00:00;True;-5.27;73.61;184.1;2019-01-31;2019;1;5;31;31;3;735;87;15;True
2019-01-31 16:00:00+00:00;True;-5.38;9.67;178.0;2019-01-31;2019;1;5;31;31;3;736;88;16;True
2019-01-31 17:00:00+00:00;True;-7.55;1.11;166.1;2019-01-31;2019;1;5;31;31;3;737;89;17;True
2019-01-31 18:00:00+00:00;True;-8.82;1.28;89.9;2019-01-31;2019;1;5;31;31;3;738;90;18;True
2019-01-31 19:00:00+00:00;True;-9.16;1.25;90.6;2019-01-31;2019;1;5;31;31;3;739;91;19;True
2019-01-31 20:00:00+00:00;True;-8.41;0.76;84.7;2019-01-31;2019;1;5;31;31;3;740;92;20;True
2019-01-31 21:00:00+00:00;True;-7.07;1.3;82.2;2019-01-31;2019;1;5;31;31;3;741;93;21;True
2019-01-31 22:00:00+00:00;True;-6.3;0.73;62.0;2019-01-31;2019;1;5;31;31;3;742;94;22;True
2019-01-31 23:00:00+00:00;True;-5.35;1.84;59.8;2019-01-31;2019;1;5;31;31;3;743;95;23;True
2019-02-01 00:00:00+00:00;True;-4.43;1.71;47.8;2019-02-01;2019;2;5;32;1;4;744;96;0;True
2019-02-01 01:00:00+00:00;True;-4.13;1.55;55.2;2019-02-01;2019;2;5;32;1;4;745;97;1;True
2019-02-01 02:00:00+00:00;True;-4.11;1.73;50.4;2019-02-01;2019;2;5;32;1;4;746;98;2;True
2019-02-01 03:00:00+00:00;True;-3.83;1.83;56.8;2019-02-01;2019;2;5;32;1;4;747;99;3;True
2019-02-01 04:00:00+00:00;True;-3.3;1.58;46.3;2019-02-01;2019;2;5;32;1;4;748;100;4;True
2019-02-01 05:00:00+00:00;True;-3.16;1.8;45.2;2019-02-01;2019;2;5;32;1;4;749;101;5;True
2019-02-01 06:00:00+00:00;True;-3.05;1.54;53.6;2019-02-01;2019;2;5;32;1;4;750;102;6;True
2019-02-01 07:00:00+00:00;True;-2.7;1.23;55.9;2019-02-01;2019;2;5;32;1;4;751;103;7;True
2019-02-01 08:00:00+00:00;True;-2.56;3.55;64.4;2019-02-01;2019;2;5;32;1;4;752;104;8;True
2019-02-01 09:00:00+00:00;True;-2.49;16.0;152.6;2019-02-01;2019;2;5;32;1;4;753;105;9;True
2019-02-01 10:00:00+00:00;True;-2.31;40.58;148.5;2019-02-01;2019;2;5;32;1;4;754;106;10;True
2019-02-01 11:00:00+00:00;True;-2.02;65.58;149.1;2019-02-01;2019;2;5;32;1;4;755;107;11;True
2019-02-01 12:00:00+00:00;True;-1.79;73.4;136.5;2019-02-01;2019;2;5;32;1;4;756;108;12;True
2019-02-01 13:00:00+00:00;True;-1.59;49.66;158.0;2019-02-01;2019;2;5;32;1;4;757;109;13;True
2019-02-01 14:00:00+00:00;True;-1.48;37.48;142.5;2019-02-01;2019;2;5;32;1;4;758;110;14;True
2019-02-01 15:00:00+00:00;True;-1.38;21.65;134.7;2019-02-01;2019;2;5;32;1;4;759;111;15;True
2019-02-01 16:00:00+00:00;True;-1.37;2.09;136.9;2019-02-01;2019;2;5;32;1;4;760;112;16;True
2019-02-01 17:00:00+00:00;True;-1.41;0.14;132.2;2019-02-01;2019;2;5;32;1;4;761;113;17;True
2019-02-01 18:00:00+00:00;True;-1.46;0.13;62.4;2019-02-01;2019;2;5;32;1;4;762;114;18;True
2019-02-01 19:00:00+00:00;True;-1.53;0.34;61.0;2019-02-01;2019;2;5;32;1;4;763;115;19;True
2019-02-01 20:00:00+00:00;True;-1.62;0.58;72.3;2019-02-01;2019;2;5;32;1;4;764;116;20;True
2019-02-01 21:00:00+00:00;True;-1.64;0.55;68.5;2019-02-01;2019;2;5;32;1;4;765;117;21;True
2019-02-01 22:00:00+00:00;True;-1.66;0.51;43.9;2019-02-01;2019;2;5;32;1;4;766;118;22;True
2019-02-01 23:00:00+00:00;True;-1.7;0.71;38.3;2019-02-01;2019;2;5;32;1;4;767;119;23;True
2019-02-02 00:00:00+00:00;True;-1.69;0.99;39.5;2019-02-02;2019;2;5;33;2;5;768;120;0;False
2019-02-02 01:00:00+00:00;True;-1.65;1.04;39.9;2019-02-02;2019;2;5;33;2;5;769;121;1;False
2019-02-02 02:00:00+00:00;True;-1.48;1.44;50.8;2019-02-02;2019;2;5;33;2;5;770;122;2;False
2019-02-02 03:00:00+00:00;True;-1.36;1.86;50.8;2019-02-02;2019;2;5;33;2;5;771;123;3;False
2019-02-02 04:00:00+00:00;True;-1.33;1.48;42.7;2019-02-02;2019;2;5;33;2;5;772;124;4;False
2019-02-02 05:00:00+00:00;True;-1.28;1.4;40.0;2019-02-02;2019;2;5;33;2;5;773;125;5;False
2019-02-02 06:00:00+00:00;True;-1.21;1.59;41.2;2019-02-02;2019;2;5;33;2;5;774;126;6;False
2019-02-02 07:00:00+00:00;True;-1.07;1.49;56.2;2019-02-02;2019;2;5;33;2;5;775;127;7;False
2019-02-02 08:00:00+00:00;True;-0.75;4.84;58.8;2019-02-02;2019;2;5;33;2;5;776;128;8;False
2019-02-02 09:00:00+00:00;True;-0.38;24.35;56.3;2019-02-02;2019;2;5;33;2;5;777;129;9;False
2019-02-02 10:00:00+00:00;True;-0.2;42.25;52.3;2019-02-02;2019;2;5;33;2;5;778;130;10;False
2019-02-02 11:00:00+00:00;True;-0.02;54.37;55.4;2019-02-02;2019;2;5;33;2;5;779;131;11;False
2019-02-02 12:00:00+00:00;True;0.22;44.55;45.9;2019-02-02;2019;2;5;33;2;5;780;132;12;False
2019-02-02 13:00:00+00:00;True;0.57;51.41;47.9;2019-02-02;2019;2;5;33;2;5;781;133;13;False
2019-02-02 14:00:00+00:00;True;0.67;27.13;41.6;2019-02-02;2019;2;5;33;2;5;782;134;14;False
2019-02-02 15:00:00+00:00;True;0.62;15.19;43.3;2019-02-02;2019;2;5;33;2;5;783;135;15;False
2019-02-02 16:00:00+00:00;True;0.61;2.38;51.4;2019-02-02;2019;2;5;33;2;5;784;136;16;False
2019-02-02 17:00:00+00:00;True;0.52;0.23;45.2;2019-02-02;2019;2;5;33;2;5;785;137;17;False
2019-02-02 18:00:00+00:00;True;0.3;0.5;51.0;2019-02-02;2019;2;5;33;2;5;786;138;18;False
2019-02-02 19:00:00+00:00;True;0.24;0.4;52.6;2019-02-02;2019;2;5;33;2;5;787;139;19;False
2019-02-02 20:00:00+00:00;True;0.34;1.07;48.7;2019-02-02;2019;2;5;33;2;5;788;140;20;False
2019-02-02 21:00:00+00:00;True;0.29;1.19;53.1;2019-02-02;2019;2;5;33;2;5;789;141;21;False
2019-02-02 22:00:00+00:00;True;0.13;0.84;37.9;2019-02-02;2019;2;5;33;2;5;790;142;22;False
2019-02-02 23:00:00+00:00;True;0.13;1.41;34.1;2019-02-02;2019;2;5;33;2;5;791;143;23;False
2019-02-03 00:00:00+00:00;True;0.06;2.18;28.4;2019-02-03;2019;2;5;34;3;6;792;144;0;False
2019-02-03 01:00:00+00:00;True;0.03;3.31;37.2;2019-02-03;2019;2;5;34;3;6;793;145;1;False
2019-02-03 02:00:00+00:00;True;0.1;3.39;37.2;2019-02-03;2019;2;5;34;3;6;794;146;2;False
2019-02-03 03:00:00+00:00;True;0.21;3.39;29.9;2019-02-03;2019;2;5;34;3;6;795;147;3;False
2019-02-03 04:00:00+00:00;True;0.3;3.44;46.5;2019-02-03;2019;2;5;34;3;6;796;148;4;False
2019-02-03 05:00:00+00:00;True;0.42;3.38;29.7;2019-02-03;2019;2;5;34;3;6;797;149;5;False
2019-02-03 06:00:00+00:00;True;0.53;3.45;28.1;2019-02-03;2019;2;5;34;3;6;798;150;6;False
2019-02-03 07:00:00+00:00;True;0.72;3.6;34.2;2019-02-03;2019;2;5;34;3;6;799;151;7;False
2019-02-03 08:00:00+00:00;True;0.86;5.41;48.3;2019-02-03;2019;2;5;34;3;6;800;152;8;False
2019-02-03 09:00:00+00:00;True;1.02;11.1;56.4;2019-02-03;2019;2;5;34;3;6;801;153;9;False
2019-02-03 10:00:00+00:00;True;1.14;25.86;49.2;2019-02-03;2019;2;5;34;3;6;802;154;10;False
2019-02-03 11:00:00+00:00;True;1.51;26.18;46.0;2019-02-03;2019;2;5;34;3;6;803;155;11;False
2019-02-03 12:00:00+00:00;True;1.87;60.0;40.8;2019-02-03;2019;2;5;34;3;6;804;156;12;False
2019-02-03 13:00:00+00:00;True;2.12;41.27;41.9;2019-02-03;2019;2;5;34;3;6;805;157;13;False
2019-02-03 14:00:00+00:00;True;2.27;26.96;50.9;2019-02-03;2019;2;5;34;3;6;806;158;14;False
2019-02-03 15:00:00+00:00;True;2.45;19.5;52.2;2019-02-03;2019;2;5;34;3;6;807;159;15;False
2019-02-03 16:00:00+00:00;True;2.57;1.59;52.8;2019-02-03;2019;2;5;34;3;6;808;160;16;False
2019-02-03 17:00:00+00:00;True;2.32;0.49;45.0;2019-02-03;2019;2;5;34;3;6;809;161;17;False
2019-02-03 18:00:00+00:00;True;2.21;0.42;46.3;2019-02-03;2019;2;5;34;3;6;810;162;18;False
2019-02-03 19:00:00+00:00;True;1.92;0.7;49.1;2019-02-03;2019;2;5;34;3;6;811;163;19;False
2019-02-03 20:00:00+00:00;True;1.49;0.0;46.5;2019-02-03;2019;2;5;34;3;6;812;164;20;False
2019-02-03 21:00:00+00:00;True;1.31;0.0;44.3;2019-02-03;2019;2;5;34;3;6;813;165;21;False
2019-02-03 22:00:00+00:00;True;1.08;0.0;44.0;2019-02-03;2019;2;5;34;3;6;814;166;22;False
2019-02-03 23:00:00+00:00;True;0.85;0.12;33.5;2019-02-03;2019;2;5;34;3;6;815;167;23;False
2019-02-04 00:00:00+00:00;True;0.36;0.37;41.9;2019-02-04;2019;2;6;35;4;0;816;0;0;True
2019-02-04 01:00:00+00:00;True;0.01;0.42;33.9;2019-02-04;2019;2;6;35;4;0;817;1;1;True
2019-02-04 02:00:00+00:00;True;-0.26;0.43;38.0;2019-02-04;2019;2;6;35;4;0;818;2;2;True
2019-02-04 03:00:00+00:00;True;-0.32;1.15;50.9;2019-02-04;2019;2;6;35;4;0;819;3;3;True
2019-02-04 04:00:00+00:00;True;-0.45;1.41;45.3;2019-02-04;2019;2;6;35;4;0;820;4;4;True
2019-02-04 05:00:00+00:00;True;-0.84;1.36;44.8;2019-02-04;2019;2;6;35;4;0;821;5;5;True
2019-02-04 06:00:00+00:00;True;-1.16;1.46;41.6;2019-02-04;2019;2;6;35;4;0;822;6;6;True
2019-02-04 07:00:00+00:00;True;-1.38;1.47;63.6;2019-02-04;2019;2;6;35;4;0;823;7;7;True
2019-02-04 08:00:00+00:00;True;-1.49;8.39;58.9;2019-02-04;2019;2;6;35;4;0;824;8;8;True
2019-02-04 09:00:00+00:00;True;-1.91;26.81;127.8;2019-02-04;2019;2;6;35;4;0;825;9;9;True
2019-02-04 10:00:00+00:00;True;-1.98;59.91;136.1;2019-02-04;2019;2;6;35;4;0;826;10;10;True
2019-02-04 11:00:00+00:00;True;-2.01;79.41;130.1;2019-02-04;2019;2;6;35;4;0;827;11;11;True
2019-02-04 12:00:00+00:00;True;-2.05;72.68;126.7;2019-02-04;2019;2;6;35;4;0;828;12;12;True
2019-02-04 13:00:00+00:00;True;-2.4;49.78;135.5;2019-02-04;2019;2;6;35;4;0;829;13;13;True
2019-02-04 14:00:00+00:00;True;-2.54;35.61;132.8;2019-02-04;2019;2;6;35;4;0;830;14;14;True
2019-02-04 15:00:00+00:00;True;-2.76;15.24;140.4;2019-02-04;2019;2;6;35;4;0;831;15;15;True
2019-02-04 16:00:00+00:00;True;-2.97;5.28;127.6;2019-02-04;2019;2;6;35;4;0;832;16;16;True
2019-02-04 17:00:00+00:00;True;-3.14;0.52;124.6;2019-02-04;2019;2;6;35;4;0;833;17;17;True
2019-02-04 18:00:00+00:00;True;-3.7;0.56;63.7;2019-02-04;2019;2;6;35;4;0;834;18;18;True
2019-02-04 19:00:00+00:00;True;-4.3;0.14;58.7;2019-02-04;2019;2;6;35;4;0;835;19;19;True
2019-02-04 20:00:00+00:00;True;-4.61;0.32;57.0;2019-02-04;2019;2;6;35;4;0;836;20;20;True
2019-02-04 21:00:00+00:00;True;-4.67;0.48;61.6;2019-02-04;2019;2;6;35;4;0;837;21;21;True
2019-02-04 22:00:00+00:00;True;-4.75;0.45;31.6;2019-02-04;2019;2;6;35;4;0;838;22;22;True
2019-02-04 23:00:00+00:00;True;-4.51;0.77;35.1;2019-02-04;2019;2;6;35;4;0;839;23;23;True
2019-02-05 00:00:00+00:00;True;-4.02;2.24;40.8;2019-02-05;2019;2;6;36;5;1;840;24;0;True
2019-02-05 01:00:00+00:00;True;-3.68;2.2;38.3;2019-02-05;2019;2;6;36;5;1;841;25;1;True
2019-02-05 02:00:00+00:00;True;-3.12;1.7;36.5;2019-02-05;2019;2;6;36;5;1;842;26;2;True
2019-02-05 03:00:00+00:00;True;-2.39;1.83;37.0;2019-02-05;2019;2;6;36;5;1;843;27;3;True
2019-02-05 04:00:00+00:00;True;-2.02;2.03;45.7;2019-02-05;2019;2;6;36;5;1;844;28;4;True
2019-02-05 05:00:00+00:00;True;-1.79;2.06;40.5;2019-02-05;2019;2;6;36;5;1;845;29;5;True
2019-02-05 06:00:00+00:00;True;-1.31;1.89;33.3;2019-02-05;2019;2;6;36;5;1;846;30;6;True
2019-02-05 07:00:00+00:00;True;-1.27;1.24;39.8;2019-02-05;2019;2;6;36;5;1;847;31;7;True
2019-02-05 08:00:00+00:00;True;-1.42;8.59;53.4;2019-02-05;2019;2;6;36;5;1;848;32;8;True
2019-02-05 09:00:00+00:00;True;-1.52;46.14;143.0;2019-02-05;2019;2;6;36;5;1;849;33;9;True
2019-02-05 10:00:00+00:00;True;-1.64;99.75;138.5;2019-02-05;2019;2;6;36;5;1;850;34;10;True
2019-02-05 11:00:00+00:00;True;-1.68;125.7;134.7;2019-02-05;2019;2;6;36;5;1;851;35;11;True
2019-02-05 12:00:00+00:00;True;-1.69;110.91;135.3;2019-02-05;2019;2;6;36;5;1;852;36;12;True
2019-02-05 13:00:00+00:00;True;-1.34;144.37;135.7;2019-02-05;2019;2;6;36;5;1;853;37;13;True
2019-02-05 14:00:00+00:00;True;-1.27;116.9;130.5;2019-02-05;2019;2;6;36;5;1;854;38;14;True
2019-02-05 15:00:00+00:00;True;-1.6;61.08;150.1;2019-02-05;2019;2;6;36;5;1;855;39;15;True
2019-02-05 16:00:00+00:00;True;-1.83;8.42;135.5;2019-02-05;2019;2;6;36;5;1;856;40;16;True
2019-02-05 17:00:00+00:00;True;-1.95;0.5;118.2;2019-02-05;2019;2;6;36;5;1;857;41;17;True
2019-02-05 18:00:00+00:00;True;-2.09;0.16;63.4;2019-02-05;2019;2;6;36;5;1;858;42;18;True
2019-02-05 19:00:00+00:00;True;-2.3;0.09;62.4;2019-02-05;2019;2;6;36;5;1;859;43;19;True
2019-02-05 20:00:00+00:00;True;-2.41;0.0;62.2;2019-02-05;2019;2;6;36;5;1;860;44;20;True
2019-02-05 21:00:00+00:00;True;-2.64;0.02;63.9;2019-02-05;2019;2;6;36;5;1;861;45;21;True
2019-02-05 22:00:00+00:00;True;-2.62;0.32;47.8;2019-02-05;2019;2;6;36;5;1;862;46;22;True
2019-02-05 23:00:00+00:00;True;-2.53;0.74;41.7;2019-02-05;2019;2;6;36;5;1;863;47;23;True
2019-02-06 00:00:00+00:00;True;-2.4;1.69;53.1;2019-02-06;2019;2;6;37;6;2;864;48;0;True
2019-02-06 01:00:00+00:00;True;-2.39;1.92;41.6;2019-02-06;2019;2;6;37;6;2;865;49;1;True
2019-02-06 02:00:00+00:00;True;-2.68;2.21;49.6;2019-02-06;2019;2;6;37;6;2;866;50;2;True
2019-02-06 03:00:00+00:00;True;-2.72;2.12;42.2;2019-02-06;2019;2;6;37;6;2;867;51;3;True
2019-02-06 04:00:00+00:00;True;-2.38;2.19;48.8;2019-02-06;2019;2;6;37;6;2;868;52;4;True
2019-02-06 05:00:00+00:00;True;-2.31;1.86;40.8;2019-02-06;2019;2;6;37;6;2;869;53;5;True
2019-02-06 06:00:00+00:00;True;-2.15;1.37;43.4;2019-02-06;2019;2;6;37;6;2;870;54;6;True
2019-02-06 07:00:00+00:00;True;-1.98;0.41;51.9;2019-02-06;2019;2;6;37;6;2;871;55;7;True
2019-02-06 08:00:00+00:00;True;-1.55;4.25;65.8;2019-02-06;2019;2;6;37;6;2;872;56;8;True
2019-02-06 09:00:00+00:00;True;-1.12;20.19;143.1;2019-02-06;2019;2;6;37;6;2;873;57;9;True
2019-02-06 10:00:00+00:00;True;-0.8;49.08;139.4;2019-02-06;2019;2;6;37;6;2;874;58;10;True
2019-02-06 11:00:00+00:00;True;-0.53;73.82;129.4;2019-02-06;2019;2;6;37;6;2;875;59;11;True
2019-02-06 12:00:00+00:00;True;-0.9;74.39;134.3;2019-02-06;2019;2;6;37;6;2;876;60;12;True
2019-02-06 13:00:00+00:00;True;-0.94;54.51;136.1;2019-02-06;2019;2;6;37;6;2;877;61;13;True
2019-02-06 14:00:00+00:00;True;-0.7;27.23;133.9;2019-02-06;2019;2;6;37;6;2;878;62;14;True
2019-02-06 15:00:00+00:00;True;-1.24;15.35;140.6;2019-02-06;2019;2;6;37;6;2;879;63;15;True
2019-02-06 16:00:00+00:00;True;-2.29;4.9;140.0;2019-02-06;2019;2;6;37;6;2;880;64;16;True
2019-02-06 17:00:00+00:00;True;-3.58;0.22;123.0;2019-02-06;2019;2;6;37;6;2;881;65;17;True
2019-02-06 18:00:00+00:00;True;-5.06;0.06;70.3;2019-02-06;2019;2;6;37;6;2;882;66;18;True
2019-02-06 19:00:00+00:00;True;-5.94;0.08;91.3;2019-02-06;2019;2;6;37;6;2;883;67;19;True
2019-02-06 20:00:00+00:00;True;-6.71;0.21;82.3;2019-02-06;2019;2;6;37;6;2;884;68;20;True
2019-02-06 21:00:00+00:00;True;-7.2;0.19;78.1;2019-02-06;2019;2;6;37;6;2;885;69;21;True
2019-02-06 22:00:00+00:00;True;-7.69;0.17;65.5;2019-02-06;2019;2;6;37;6;2;886;70;22;True
2019-02-06 23:00:00+00:00;True;-7.83;0.37;69.6;2019-02-06;2019;2;6;37;6;2;887;71;23;True
2019-02-07 00:00:00+00:00;True;-7.91;0.78;71.0;2019-02-07;2019;2;6;38;7;3;888;72;0;True
2019-02-07 01:00:00+00:00;True;-7.82;0.88;72.1;2019-02-07;2019;2;6;38;7;3;889;73;1;True
2019-02-07 02:00:00+00:00;True;-7.87;1.15;62.1;2019-02-07;2019;2;6;38;7;3;890;74;2;True
2019-02-07 03:00:00+00:00;True;-8.92;1.47;70.2;2019-02-07;2019;2;6;38;7;3;891;75;3;True
2019-02-07 04:00:00+00:00;True;-8.96;2.58;69.1;2019-02-07;2019;2;6;38;7;3;892;76;4;True
2019-02-07 05:00:00+00:00;True;-8.5;2.96;65.0;2019-02-07;2019;2;6;38;7;3;893;77;5;True
2019-02-07 06:00:00+00:00;True;-7.36;2.42;63.7;2019-02-07;2019;2;6;38;7;3;894;78;6;True
2019-02-07 07:00:00+00:00;True;-6.45;2.22;79.2;2019-02-07;2019;2;6;38;7;3;895;79;7;True
2019-02-07 08:00:00+00:00;True;-5.37;10.75;84.2;2019-02-07;2019;2;6;38;7;3;896;80;8;True
2019-02-07 09:00:00+00:00;True;-4.14;26.09;165.7;2019-02-07;2019;2;6;38;7;3;897;81;9;True
2019-02-07 10:00:00+00:00;True;-3.24;46.57;169.9;2019-02-07;2019;2;6;38;7;3;898;82;10;True
2019-02-07 11:00:00+00:00;True;-2.23;66.45;157.3;2019-02-07;2019;2;6;38;7;3;899;83;11;True
2019-02-07 12:00:00+00:00;True;-1.94;107.33;146.8;2019-02-07;2019;2;6;38;7;3;900;84;12;True
2019-02-07 13:00:00+00:00;True;-1.45;75.35;136.5;2019-02-07;2019;2;6;38;7;3;901;85;13;True
2019-02-07 14:00:00+00:00;True;-1.03;63.06;142.0;2019-02-07;2019;2;6;38;7;3;902;86;14;True
2019-02-07 15:00:00+00:00;True;-0.75;38.29;132.8;2019-02-07;2019;2;6;38;7;3;903;87;15;True
2019-02-07 16:00:00+00:00;True;-0.41;6.56;132.1;2019-02-07;2019;2;6;38;7;3;904;88;16;True
2019-02-07 17:00:00+00:00;True;-0.18;1.53;120.4;2019-02-07;2019;2;6;38;7;3;905;89;17;True
2019-02-07 18:00:00+00:00;True;0.05;1.15;89.4;2019-02-07;2019;2;6;38;7;3;906;90;18;True
2019-02-07 19:00:00+00:00;True;0.23;0.21;56.9;2019-02-07;2019;2;6;38;7;3;907;91;19;True
2019-02-07 20:00:00+00:00;True;0.18;0.03;56.8;2019-02-07;2019;2;6;38;7;3;908;92;20;True
2019-02-07 21:00:00+00:00;True;0.14;0.02;56.2;2019-02-07;2019;2;6;38;7;3;909;93;21;True
2019-02-07 22:00:00+00:00;True;0.18;0.02;46.1;2019-02-07;2019;2;6;38;7;3;910;94;22;True
2019-02-07 23:00:00+00:00;True;0.17;0.17;38.9;2019-02-07;2019;2;6;38;7;3;911;95;23;True
2019-02-08 00:00:00+00:00;True;0.07;0.5;44.4;2019-02-08;2019;2;6;39;8;4;912;96;0;True
2019-02-08 01:00:00+00:00;True;0.03;1.31;45.3;2019-02-08;2019;2;6;39;8;4;913;97;1;True
2019-02-08 02:00:00+00:00;True;-0.02;1.34;37.0;2019-02-08;2019;2;6;39;8;4;914;98;2;True
2019-02-08 03:00:00+00:00;True;0.03;1.59;37.4;2019-02-08;2019;2;6;39;8;4;915;99;3;True
2019-02-08 04:00:00+00:00;True;-0.14;1.52;40.3;2019-02-08;2019;2;6;39;8;4;916;100;4;True
2019-02-08 05:00:00+00:00;True;-0.31;1.64;39.3;2019-02-08;2019;2;6;39;8;4;917;101;5;True
2019-02-08 06:00:00+00:00;True;-0.43;1.06;50.7;2019-02-08;2019;2;6;39;8;4;918;102;6;True
2019-02-08 07:00:00+00:00;True;-0.43;0.68;50.0;2019-02-08;2019;2;6;39;8;4;919;103;7;True
2019-02-08 08:00:00+00:00;True;-0.25;15.41;67.9;2019-02-08;2019;2;6;39;8;4;920;104;8;True
2019-02-08 09:00:00+00:00;True;0.11;78.53;132.7;2019-02-08;2019;2;6;39;8;4;921;105;9;True
2019-02-08 10:00:00+00:00;True;0.21;109.96;125.7;2019-02-08;2019;2;6;39;8;4;922;106;10;True
2019-02-08 11:00:00+00:00;True;0.26;121.83;119.2;2019-02-08;2019;2;6;39;8;4;923;107;11;True
2019-02-08 12:00:00+00:00;True;0.3;72.99;128.1;2019-02-08;2019;2;6;39;8;4;924;108;12;True
2019-02-08 13:00:00+00:00;True;0.68;126.8;122.2;2019-02-08;2019;2;6;39;8;4;925;109;13;True
2019-02-08 14:00:00+00:00;True;0.88;69.51;121.9;2019-02-08;2019;2;6;39;8;4;926;110;14;True
2019-02-08 15:00:00+00:00;True;1.07;34.86;125.5;2019-02-08;2019;2;6;39;8;4;927;111;15;True
2019-02-08 16:00:00+00:00;True;1.32;7.64;126.5;2019-02-08;2019;2;6;39;8;4;928;112;16;True
2019-02-08 17:00:00+00:00;True;1.59;1.79;95.5;2019-02-08;2019;2;6;39;8;4;929;113;17;True
2019-02-08 18:00:00+00:00;True;1.85;0.42;58.0;2019-02-08;2019;2;6;39;8;4;930;114;18;True
2019-02-08 19:00:00+00:00;True;1.92;0.26;54.1;2019-02-08;2019;2;6;39;8;4;931;115;19;True
2019-02-08 20:00:00+00:00;True;2.01;0.57;46.7;2019-02-08;2019;2;6;39;8;4;932;116;20;True
2019-02-08 21:00:00+00:00;True;2.19;0.68;48.4;2019-02-08;2019;2;6;39;8;4;933;117;21;True
2019-02-08 22:00:00+00:00;True;2.41;0.0;40.8;2019-02-08;2019;2;6;39;8;4;934;118;22;True
2019-02-08 23:00:00+00:00;True;2.39;0.01;31.9;2019-02-08;2019;2;6;39;8;4;935;119;23;True
2019-02-09 00:00:00+00:00;True;2.32;0.14;36.0;2019-02-09;2019;2;6;40;9;5;936;120;0;False
2019-02-09 01:00:00+00:00;True;2.37;0.26;26.6;2019-02-09;2019;2;6;40;9;5;937;121;1;False
2019-02-09 02:00:00+00:00;True;2.42;0.97;30.6;2019-02-09;2019;2;6;40;9;5;938;122;2;False
2019-02-09 03:00:00+00:00;True;2.49;1.47;44.3;2019-02-09;2019;2;6;40;9;5;939;123;3;False
2019-02-09 04:00:00+00:00;True;2.47;1.52;46.6;2019-02-09;2019;2;6;40;9;5;940;124;4;False
2019-02-09 05:00:00+00:00;True;2.26;1.69;33.0;2019-02-09;2019;2;6;40;9;5;941;125;5;False
2019-02-09 06:00:00+00:00;True;2.16;1.41;34.1;2019-02-09;2019;2;6;40;9;5;942;126;6;False
2019-02-09 07:00:00+00:00;True;1.67;2.48;40.7;2019-02-09;2019;2;6;40;9;5;943;127;7;False
2019-02-09 08:00:00+00:00;True;1.55;17.95;50.3;2019-02-09;2019;2;6;40;9;5;944;128;8;False
2019-02-09 09:00:00+00:00;True;1.63;57.8;40.8;2019-02-09;2019;2;6;40;9;5;945;129;9;False
2019-02-09 10:00:00+00:00;True;1.87;73.51;49.6;2019-02-09;2019;2;6;40;9;5;946;130;10;False
2019-02-09 11:00:00+00:00;True;2.35;101.61;41.5;2019-02-09;2019;2;6;40;9;5;947;131;11;False
2019-02-09 12:00:00+00:00;True;2.77;120.23;35.2;2019-02-09;2019;2;6;40;9;5;948;132;12;False
2019-02-09 13:00:00+00:00;True;3.3;124.57;34.6;2019-02-09;2019;2;6;40;9;5;949;133;13;False
2019-02-09 14:00:00+00:00;True;3.64;110.38;35.2;2019-02-09;2019;2;6;40;9;5;950;134;14;False
2019-02-09 15:00:00+00:00;True;3.85;69.75;34.2;2019-02-09;2019;2;6;40;9;5;951;135;15;False
2019-02-09 16:00:00+00:00;True;3.59;16.05;35.9;2019-02-09;2019;2;6;40;9;5;952;136;16;False
2019-02-09 17:00:00+00:00;True;3.03;0.38;65.7;2019-02-09;2019;2;6;40;9;5;953;137;17;False
2019-02-09 18:00:00+00:00;True;2.99;0.08;37.4;2019-02-09;2019;2;6;40;9;5;954;138;18;False
2019-02-09 19:00:00+00:00;True;2.97;0.12;37.3;2019-02-09;2019;2;6;40;9;5;955;139;19;False
2019-02-09 20:00:00+00:00;True;3.16;0.0;36.1;2019-02-09;2019;2;6;40;9;5;956;140;20;False
2019-02-09 21:00:00+00:00;True;2.44;0.24;39.1;2019-02-09;2019;2;6;40;9;5;957;141;21;False
2019-02-09 22:00:00+00:00;True;2.24;0.31;29.9;2019-02-09;2019;2;6;40;9;5;958;142;22;False
2019-02-09 23:00:00+00:00;True;2.5;0.31;23.2;2019-02-09;2019;2;6;40;9;5;959;143;23;False
2019-02-10 00:00:00+00:00;True;1.85;0.6;21.3;2019-02-10;2019;2;6;41;10;6;960;144;0;False
2019-02-10 01:00:00+00:00;True;2.27;1.13;21.8;2019-02-10;2019;2;6;41;10;6;961;145;1;False
2019-02-10 02:00:00+00:00;True;2.06;1.55;26.1;2019-02-10;2019;2;6;41;10;6;962;146;2;False
2019-02-10 03:00:00+00:00;True;1.96;2.02;27.0;2019-02-10;2019;2;6;41;10;6;963;147;3;False
2019-02-10 04:00:00+00:00;True;1.88;2.12;24.8;2019-02-10;2019;2;6;41;10;6;964;148;4;False
2019-02-10 05:00:00+00:00;True;2.02;2.04;34.5;2019-02-10;2019;2;6;41;10;6;965;149;5;False
2019-02-10 06:00:00+00:00;True;2.22;1.7;26.2;2019-02-10;2019;2;6;41;10;6;966;150;6;False
2019-02-10 07:00:00+00:00;True;2.36;1.84;31.3;2019-02-10;2019;2;6;41;10;6;967;151;7;False
2019-02-10 08:00:00+00:00;True;2.38;8.1;51.6;2019-02-10;2019;2;6;41;10;6;968;152;8;False
2019-02-10 09:00:00+00:00;True;2.6;28.42;42.8;2019-02-10;2019;2;6;41;10;6;969;153;9;False
2019-02-10 10:00:00+00:00;True;2.96;44.05;37.8;2019-02-10;2019;2;6;41;10;6;970;154;10;False
2019-02-10 11:00:00+00:00;True;3.15;58.87;41.9;2019-02-10;2019;2;6;41;10;6;971;155;11;False
2019-02-10 12:00:00+00:00;True;3.07;62.37;47.1;2019-02-10;2019;2;6;41;10;6;972;156;12;False
2019-02-10 13:00:00+00:00;True;3.09;87.93;35.4;2019-02-10;2019;2;6;41;10;6;973;157;13;False
2019-02-10 14:00:00+00:00;True;3.23;42.83;37.8;2019-02-10;2019;2;6;41;10;6;974;158;14;False
2019-02-10 15:00:00+00:00;True;3.22;36.12;35.0;2019-02-10;2019;2;6;41;10;6;975;159;15;False
2019-02-10 16:00:00+00:00;True;3.27;9.17;46.9;2019-02-10;2019;2;6;41;10;6;976;160;16;False
2019-02-10 17:00:00+00:00;True;3.28;0.26;39.3;2019-02-10;2019;2;6;41;10;6;977;161;17;False
2019-02-10 18:00:00+00:00;True;3.24;0.04;38.2;2019-02-10;2019;2;6;41;10;6;978;162;18;False
2019-02-10 19:00:00+00:00;True;3.22;0.0;44.5;2019-02-10;2019;2;6;41;10;6;979;163;19;False
2019-02-10 20:00:00+00:00;True;3.19;0.38;39.4;2019-02-10;2019;2;6;41;10;6;980;164;20;False
2019-02-10 21:00:00+00:00;True;2.5;0.03;37.9;2019-02-10;2019;2;6;41;10;6;981;165;21;False
2019-02-10 22:00:00+00:00;True;2.1;0.09;36.2;2019-02-10;2019;2;6;41;10;6;982;166;22;False
2019-02-10 23:00:00+00:00;True;1.99;0.51;40.5;2019-02-10;2019;2;6;41;10;6;983;167;23;False
2019-02-11 00:00:00+00:00;True;2.02;0.48;46.1;2019-02-11;2019;2;7;42;11;0;984;0;0;True
2019-02-11 01:00:00+00:00;True;2.02;0.68;29.3;2019-02-11;2019;2;7;42;11;0;985;1;1;True
2019-02-11 02:00:00+00:00;True;1.85;0.82;30.1;2019-02-11;2019;2;7;42;11;0;986;2;2;True
2019-02-11 03:00:00+00:00;True;1.57;0.93;30.7;2019-02-11;2019;2;7;42;11;0;987;3;3;True
2019-02-11 04:00:00+00:00;True;1.46;1.18;47.3;2019-02-11;2019;2;7;42;11;0;988;4;4;True
2019-02-11 05:00:00+00:00;True;1.18;1.42;46.8;2019-02-11;2019;2;7;42;11;0;989;5;5;True
2019-02-11 06:00:00+00:00;True;0.76;1.29;37.4;2019-02-11;2019;2;7;42;11;0;990;6;6;True
2019-02-11 07:00:00+00:00;True;0.62;1.09;48.9;2019-02-11;2019;2;7;42;11;0;991;7;7;True
2019-02-11 08:00:00+00:00;True;0.82;4.07;45.4;2019-02-11;2019;2;7;42;11;0;992;8;8;True
2019-02-11 09:00:00+00:00;True;0.73;18.25;109.6;2019-02-11;2019;2;7;42;11;0;993;9;9;True
2019-02-11 10:00:00+00:00;True;1.18;24.44;112.1;2019-02-11;2019;2;7;42;11;0;994;10;10;True
2019-02-11 11:00:00+00:00;True;1.23;42.86;106.4;2019-02-11;2019;2;7;42;11;0;995;11;11;True
2019-02-11 12:00:00+00:00;True;1.19;52.97;106.8;2019-02-11;2019;2;7;42;11;0;996;12;12;True
2019-02-11 13:00:00+00:00;True;1.17;36.17;110.1;2019-02-11;2019;2;7;42;11;0;997;13;13;True
2019-02-11 14:00:00+00:00;True;1.15;39.84;125.7;2019-02-11;2019;2;7;42;11;0;998;14;14;True
2019-02-11 15:00:00+00:00;True;0.99;19.39;104.6;2019-02-11;2019;2;7;42;11;0;999;15;15;True
2019-02-11 16:00:00+00:00;True;0.93;3.7;108.0;2019-02-11;2019;2;7;42;11;0;1000;16;16;True
2019-02-11 17:00:00+00:00;True;0.77;0.05;97.9;2019-02-11;2019;2;7;42;11;0;1001;17;17;True
2019-02-11 18:00:00+00:00;True;0.38;0.01;58.7;2019-02-11;2019;2;7;42;11;0;1002;18;18;True
2019-02-11 19:00:00+00:00;True;0.28;0.22;42.7;2019-02-11;2019;2;7;42;11;0;1003;19;19;True
2019-02-11 20:00:00+00:00;True;0.35;0.09;48.9;2019-02-11;2019;2;7;42;11;0;1004;20;20;True
2019-02-11 21:00:00+00:00;True;0.37;0.0;42.5;2019-02-11;2019;2;7;42;11;0;1005;21;21;True
2019-02-11 22:00:00+00:00;True;0.21;0.14;29.2;2019-02-11;2019;2;7;42;11;0;1006;22;22;True
2019-02-11 23:00:00+00:00;True;0.2;0.22;31.8;2019-02-11;2019;2;7;42;11;0;1007;23;23;True
2019-02-12 00:00:00+00:00;True;0.11;0.53;43.8;2019-02-12;2019;2;7;43;12;1;1008;24;0;True
2019-02-12 01:00:00+00:00;True;0.07;1.64;23.6;2019-02-12;2019;2;7;43;12;1;1009;25;1;True
2019-02-12 02:00:00+00:00;True;0.08;1.41;28.6;2019-02-12;2019;2;7;43;12;1;1010;26;2;True
2019-02-12 03:00:00+00:00;True;0.2;1.21;32.0;2019-02-12;2019;2;7;43;12;1;1011;27;3;True
2019-02-12 04:00:00+00:00;True;0.14;1.15;27.8;2019-02-12;2019;2;7;43;12;1;1012;28;4;True
2019-02-12 05:00:00+00:00;True;0.04;1.21;36.8;2019-02-12;2019;2;7;43;12;1;1013;29;5;True
2019-02-12 06:00:00+00:00;True;-0.06;1.44;40.3;2019-02-12;2019;2;7;43;12;1;1014;30;6;True
2019-02-12 07:00:00+00:00;True;-0.09;1.46;36.7;2019-02-12;2019;2;7;43;12;1;1015;31;7;True
2019-02-12 08:00:00+00:00;True;-0.02;17.82;55.2;2019-02-12;2019;2;7;43;12;1;1016;32;8;True
2019-02-12 09:00:00+00:00;True;0.04;45.34;125.4;2019-02-12;2019;2;7;43;12;1;1017;33;9;True
2019-02-12 10:00:00+00:00;True;-0.05;66.6;135.8;2019-02-12;2019;2;7;43;12;1;1018;34;10;True
2019-02-12 11:00:00+00:00;True;-0.11;88.0;126.5;2019-02-12;2019;2;7;43;12;1;1019;35;11;True
2019-02-12 12:00:00+00:00;True;-0.28;88.2;132.7;2019-02-12;2019;2;7;43;12;1;1020;36;12;True
2019-02-12 13:00:00+00:00;True;-0.77;115.27;124.8;2019-02-12;2019;2;7;43;12;1;1021;37;13;True
2019-02-12 14:00:00+00:00;True;-0.97;133.69;123.5;2019-02-12;2019;2;7;43;12;1;1022;38;14;True
2019-02-12 15:00:00+00:00;True;-1.23;147.77;125.9;2019-02-12;2019;2;7;43;12;1;1023;39;15;True
2019-02-12 16:00:00+00:00;True;-2.04;34.82;133.9;2019-02-12;2019;2;7;43;12;1;1024;40;16;True
2019-02-12 17:00:00+00:00;True;-2.53;0.79;121.1;2019-02-12;2019;2;7;43;12;1;1025;41;17;True
2019-02-12 18:00:00+00:00;True;-2.81;0.08;80.6;2019-02-12;2019;2;7;43;12;1;1026;42;18;True
2019-02-12 19:00:00+00:00;True;-3.4;0.09;66.6;2019-02-12;2019;2;7;43;12;1;1027;43;19;True
2019-02-12 20:00:00+00:00;True;-3.85;0.0;66.7;2019-02-12;2019;2;7;43;12;1;1028;44;20;True
2019-02-12 21:00:00+00:00;True;-4.06;0.15;72.7;2019-02-12;2019;2;7;43;12;1;1029;45;21;True
2019-02-12 22:00:00+00:00;True;-3.99;1.2;47.7;2019-02-12;2019;2;7;43;12;1;1030;46;22;True
2019-02-12 23:00:00+00:00;True;-3.36;1.81;37.4;2019-02-12;2019;2;7;43;12;1;1031;47;23;True
2019-02-13 00:00:00+00:00;True;-2.52;2.6;41.1;2019-02-13;2019;2;7;44;13;2;1032;48;0;True
2019-02-13 01:00:00+00:00;True;-2.35;2.27;50.6;2019-02-13;2019;2;7;44;13;2;1033;49;1;True
2019-02-13 02:00:00+00:00;True;-2.6;2.69;41.8;2019-02-13;2019;2;7;44;13;2;1034;50;2;True
2019-02-13 03:00:00+00:00;True;-4.06;2.61;48.8;2019-02-13;2019;2;7;44;13;2;1035;51;3;True
2019-02-13 04:00:00+00:00;True;-4.72;1.45;56.4;2019-02-13;2019;2;7;44;13;2;1036;52;4;True
2019-02-13 05:00:00+00:00;True;-4.98;0.94;50.2;2019-02-13;2019;2;7;44;13;2;1037;53;5;True
2019-02-13 06:00:00+00:00;True;-5.33;1.06;51.5;2019-02-13;2019;2;7;44;13;2;1038;54;6;True
2019-02-13 07:00:00+00:00;True;-4.83;6.49;66.2;2019-02-13;2019;2;7;44;13;2;1039;55;7;True
2019-02-13 08:00:00+00:00;True;-4.11;65.17;84.8;2019-02-13;2019;2;7;44;13;2;1040;56;8;True
2019-02-13 09:00:00+00:00;True;-3.32;79.65;151.2;2019-02-13;2019;2;7;44;13;2;1041;57;9;True
2019-02-13 10:00:00+00:00;True;-2.62;121.31;150.5;2019-02-13;2019;2;7;44;13;2;1042;58;10;True
2019-02-13 11:00:00+00:00;True;-1.7;168.79;146.2;2019-02-13;2019;2;7;44;13;2;1043;59;11;True
2019-02-13 12:00:00+00:00;True;-1.32;120.92;120.1;2019-02-13;2019;2;7;44;13;2;1044;60;12;True
2019-02-13 13:00:00+00:00;True;-1.07;138.63;124.1;2019-02-13;2019;2;7;44;13;2;1045;61;13;True
2019-02-13 14:00:00+00:00;True;-0.49;113.72;122.1;2019-02-13;2019;2;7;44;13;2;1046;62;14;True
2019-02-13 15:00:00+00:00;True;-0.26;39.71;128.8;2019-02-13;2019;2;7;44;13;2;1047;63;15;True
2019-02-13 16:00:00+00:00;True;-0.45;10.29;126.8;2019-02-13;2019;2;7;44;13;2;1048;64;16;True
2019-02-13 17:00:00+00:00;True;-0.73;0.67;111.0;2019-02-13;2019;2;7;44;13;2;1049;65;17;True
2019-02-13 18:00:00+00:00;True;-0.85;0.02;65.0;2019-02-13;2019;2;7;44;13;2;1050;66;18;True
2019-02-13 19:00:00+00:00;True;-0.83;0.02;65.3;2019-02-13;2019;2;7;44;13;2;1051;67;19;True
2019-02-13 20:00:00+00:00;True;-0.83;0.03;66.3;2019-02-13;2019;2;7;44;13;2;1052;68;20;True
2019-02-13 21:00:00+00:00;True;-0.67;0.0;64.9;2019-02-13;2019;2;7;44;13;2;1053;69;21;True
2019-02-13 22:00:00+00:00;True;-0.72;0.05;34.8;2019-02-13;2019;2;7;44;13;2;1054;70;22;True
2019-02-13 23:00:00+00:00;True;-0.64;0.11;35.9;2019-02-13;2019;2;7;44;13;2;1055;71;23;True
2019-02-14 00:00:00+00:00;True;-0.44;1.31;34.0;2019-02-14;2019;2;7;45;14;3;1056;72;0;True
2019-02-14 01:00:00+00:00;True;-0.36;2.05;41.1;2019-02-14;2019;2;7;45;14;3;1057;73;1;True
2019-02-14 02:00:00+00:00;True;-0.22;1.56;43.4;2019-02-14;2019;2;7;45;14;3;1058;74;2;True
2019-02-14 03:00:00+00:00;True;-0.03;1.78;36.7;2019-02-14;2019;2;7;45;14;3;1059;75;3;True
2019-02-14 04:00:00+00:00;True;-0.11;1.74;46.5;2019-02-14;2019;2;7;45;14;3;1060;76;4;True
2019-02-14 05:00:00+00:00;True;0.3;2.52;34.2;2019-02-14;2019;2;7;45;14;3;1061;77;5;True
2019-02-14 06:00:00+00:00;True;0.15;1.69;42.9;2019-02-14;2019;2;7;45;14;3;1062;78;6;True
2019-02-14 07:00:00+00:00;True;0.05;2.25;43.9;2019-02-14;2019;2;7;45;14;3;1063;79;7;True
2019-02-14 08:00:00+00:00;True;0.32;21.93;61.9;2019-02-14;2019;2;7;45;14;3;1064;80;8;True
2019-02-14 09:00:00+00:00;True;0.63;74.21;127.2;2019-02-14;2019;2;7;45;14;3;1065;81;9;True
2019-02-14 10:00:00+00:00;True;0.84;154.67;121.0;2019-02-14;2019;2;7;45;14;3;1066;82;10;True
2019-02-14 11:00:00+00:00;True;1.18;131.04;110.1;2019-02-14;2019;2;7;45;14;3;1067;83;11;True
2019-02-14 12:00:00+00:00;True;1.13;164.48;102.4;2019-02-14;2019;2;7;45;14;3;1068;84;12;True
2019-02-14 13:00:00+00:00;True;1.63;242.01;110.9;2019-02-14;2019;2;7;45;14;3;1069;85;13;True
2019-02-14 14:00:00+00:00;True;1.95;199.21;111.1;2019-02-14;2019;2;7;45;14;3;1070;86;14;True
2019-02-14 15:00:00+00:00;True;1.51;76.37;117.7;2019-02-14;2019;2;7;45;14;3;1071;87;15;True
2019-02-14 16:00:00+00:00;True;1.41;32.77;114.0;2019-02-14;2019;2;7;45;14;3;1072;88;16;True
2019-02-14 17:00:00+00:00;True;1.18;1.67;104.7;2019-02-14;2019;2;7;45;14;3;1073;89;17;True
2019-02-14 18:00:00+00:00;True;1.6;0.8;53.3;2019-02-14;2019;2;7;45;14;3;1074;90;18;True
2019-02-14 19:00:00+00:00;True;1.88;1.09;51.6;2019-02-14;2019;2;7;45;14;3;1075;91;19;True
2019-02-14 20:00:00+00:00;True;1.55;1.85;51.0;2019-02-14;2019;2;7;45;14;3;1076;92;20;True
2019-02-14 21:00:00+00:00;True;1.87;1.8;56.0;2019-02-14;2019;2;7;45;14;3;1077;93;21;True
2019-02-14 22:00:00+00:00;True;2.05;1.39;36.1;2019-02-14;2019;2;7;45;14;3;1078;94;22;True
2019-02-14 23:00:00+00:00;True;2.19;2.21;37.2;2019-02-14;2019;2;7;45;14;3;1079;95;23;True
2019-02-15 00:00:00+00:00;True;2.34;3.08;30.8;2019-02-15;2019;2;7;46;15;4;1080;96;0;True
2019-02-15 01:00:00+00:00;True;2.48;3.24;42.9;2019-02-15;2019;2;7;46;15;4;1081;97;1;True
2019-02-15 02:00:00+00:00;True;2.57;3.69;45.0;2019-02-15;2019;2;7;46;15;4;1082;98;2;True
2019-02-15 03:00:00+00:00;True;2.7;3.93;28.0;2019-02-15;2019;2;7;46;15;4;1083;99;3;True
2019-02-15 04:00:00+00:00;True;2.56;4.38;27.6;2019-02-15;2019;2;7;46;15;4;1084;100;4;True
2019-02-15 05:00:00+00:00;True;2.31;4.43;32.1;2019-02-15;2019;2;7;46;15;4;1085;101;5;True
2019-02-15 06:00:00+00:00;True;2.09;3.73;29.6;2019-02-15;2019;2;7;46;15;4;1086;102;6;True
2019-02-15 07:00:00+00:00;True;1.85;3.99;49.3;2019-02-15;2019;2;7;46;15;4;1087;103;7;True
2019-02-15 08:00:00+00:00;True;1.68;20.85;50.5;2019-02-15;2019;2;7;46;15;4;1088;104;8;True
2019-02-15 09:00:00+00:00;True;1.83;66.72;103.8;2019-02-15;2019;2;7;46;15;4;1089;105;9;True
2019-02-15 10:00:00+00:00;True;1.96;169.2;103.5;2019-02-15;2019;2;7;46;15;4;1090;106;10;True
2019-02-15 11:00:00+00:00;True;2.29;205.78;131.0;2019-02-15;2019;2;7;46;15;4;1091;107;11;True
2019-02-15 12:00:00+00:00;True;2.18;219.45;99.1;2019-02-15;2019;2;7;46;15;4;1092;108;12;True
2019-02-15 13:00:00+00:00;True;2.75;260.52;124.3;2019-02-15;2019;2;7;46;15;4;1093;109;13;True
2019-02-15 14:00:00+00:00;True;3.59;176.28;105.9;2019-02-15;2019;2;7;46;15;4;1094;110;14;True
2019-02-15 15:00:00+00:00;True;3.38;139.19;96.5;2019-02-15;2019;2;7;46;15;4;1095;111;15;True
2019-02-15 16:00:00+00:00;True;2.52;31.2;108.2;2019-02-15;2019;2;7;46;15;4;1096;112;16;True
2019-02-15 17:00:00+00:00;True;2.01;2.49;101.5;2019-02-15;2019;2;7;46;15;4;1097;113;17;True
2019-02-15 18:00:00+00:00;True;1.93;2.16;68.8;2019-02-15;2019;2;7;46;15;4;1098;114;18;True
2019-02-15 19:00:00+00:00;True;1.86;2.06;49.3;2019-02-15;2019;2;7;46;15;4;1099;115;19;True
2019-02-15 20:00:00+00:00;True;1.86;1.82;45.4;2019-02-15;2019;2;7;46;15;4;1100;116;20;True
2019-02-15 21:00:00+00:00;True;1.85;1.86;54.6;2019-02-15;2019;2;7;46;15;4;1101;117;21;True
2019-02-15 22:00:00+00:00;True;1.84;1.55;48.0;2019-02-15;2019;2;7;46;15;4;1102;118;22;True
2019-02-15 23:00:00+00:00;True;1.8;2.09;27.8;2019-02-15;2019;2;7;46;15;4;1103;119;23;True
2019-02-16 00:00:00+00:00;True;1.75;2.05;41.8;2019-02-16;2019;2;7;47;16;5;1104;120;0;False
2019-02-16 01:00:00+00:00;True;1.85;2.58;41.7;2019-02-16;2019;2;7;47;16;5;1105;121;1;False
2019-02-16 02:00:00+00:00;True;2.13;3.03;29.9;2019-02-16;2019;2;7;47;16;5;1106;122;2;False
2019-02-16 03:00:00+00:00;True;2.34;3.85;41.5;2019-02-16;2019;2;7;47;16;5;1107;123;3;False
2019-02-16 04:00:00+00:00;True;2.43;3.97;44.5;2019-02-16;2019;2;7;47;16;5;1108;124;4;False
2019-02-16 05:00:00+00:00;True;2.39;4.21;34.9;2019-02-16;2019;2;7;47;16;5;1109;125;5;False
2019-02-16 06:00:00+00:00;True;2.31;2.94;30.2;2019-02-16;2019;2;7;47;16;5;1110;126;6;False
2019-02-16 07:00:00+00:00;True;2.23;6.6;48.2;2019-02-16;2019;2;7;47;16;5;1111;127;7;False
2019-02-16 08:00:00+00:00;True;2.31;83.87;46.0;2019-02-16;2019;2;7;47;16;5;1112;128;8;False
2019-02-16 09:00:00+00:00;True;2.66;152.0;41.4;2019-02-16;2019;2;7;47;16;5;1113;129;9;False
2019-02-16 10:00:00+00:00;True;3.48;265.04;50.8;2019-02-16;2019;2;7;47;16;5;1114;130;10;False
2019-02-16 11:00:00+00:00;True;4.5;258.8;40.9;2019-02-16;2019;2;7;47;16;5;1115;131;11;False
2019-02-16 12:00:00+00:00;True;5.32;289.46;34.4;2019-02-16;2019;2;7;47;16;5;1116;132;12;False
2019-02-16 13:00:00+00:00;True;6.45;322.54;27.8;2019-02-16;2019;2;7;47;16;5;1117;133;13;False
2019-02-16 14:00:00+00:00;True;7.44;246.69;34.3;2019-02-16;2019;2;7;47;16;5;1118;134;14;False
2019-02-16 15:00:00+00:00;True;7.35;152.5;44.4;2019-02-16;2019;2;7;47;16;5;1119;135;15;False
2019-02-16 16:00:00+00:00;True;7.17;51.99;30.8;2019-02-16;2019;2;7;47;16;5;1120;136;16;False
2019-02-16 17:00:00+00:00;True;6.79;2.11;34.1;2019-02-16;2019;2;7;47;16;5;1121;137;17;False
2019-02-16 18:00:00+00:00;True;6.28;0.18;31.3;2019-02-16;2019;2;7;47;16;5;1122;138;18;False
2019-02-16 19:00:00+00:00;True;5.97;0.0;34.0;2019-02-16;2019;2;7;47;16;5;1123;139;19;False
2019-02-16 20:00:00+00:00;True;5.62;0.0;44.9;2019-02-16;2019;2;7;47;16;5;1124;140;20;False
2019-02-16 21:00:00+00:00;True;5.19;0.03;42.5;2019-02-16;2019;2;7;47;16;5;1125;141;21;False
2019-02-16 22:00:00+00:00;True;4.63;0.09;30.8;2019-02-16;2019;2;7;47;16;5;1126;142;22;False
2019-02-16 23:00:00+00:00;True;3.71;0.49;28.3;2019-02-16;2019;2;7;47;16;5;1127;143;23;False
2019-02-17 00:00:00+00:00;True;3.03;0.97;19.6;2019-02-17;2019;2;7;48;17;6;1128;144;0;False
2019-02-17 01:00:00+00:00;True;2.48;0.93;23.0;2019-02-17;2019;2;7;48;17;6;1129;145;1;False
2019-02-17 02:00:00+00:00;True;2.04;0.73;24.1;2019-02-17;2019;2;7;48;17;6;1130;146;2;False
2019-02-17 03:00:00+00:00;True;1.49;1.59;26.7;2019-02-17;2019;2;7;48;17;6;1131;147;3;False
2019-02-17 04:00:00+00:00;True;1.13;1.74;24.8;2019-02-17;2019;2;7;48;17;6;1132;148;4;False
2019-02-17 05:00:00+00:00;True;0.74;1.73;32.8;2019-02-17;2019;2;7;48;17;6;1133;149;5;False
2019-02-17 06:00:00+00:00;True;0.37;1.36;30.7;2019-02-17;2019;2;7;48;17;6;1134;150;6;False
2019-02-17 07:00:00+00:00;True;0.03;6.66;34.4;2019-02-17;2019;2;7;48;17;6;1135;151;7;False
2019-02-17 08:00:00+00:00;True;-0.21;64.22;48.5;2019-02-17;2019;2;7;48;17;6;1136;152;8;False
2019-02-17 09:00:00+00:00;True;0.26;168.75;58.8;2019-02-17;2019;2;7;48;17;6;1137;153;9;False
2019-02-17 10:00:00+00:00;True;1.14;260.2;45.5;2019-02-17;2019;2;7;48;17;6;1138;154;10;False
2019-02-17 11:00:00+00:00;True;1.85;310.67;43.5;2019-02-17;2019;2;7;48;17;6;1139;155;11;False
2019-02-17 12:00:00+00:00;True;2.44;337.21;55.5;2019-02-17;2019;2;7;48;17;6;1140;156;12;False
2019-02-17 13:00:00+00:00;True;3.03;305.65;38.9;2019-02-17;2019;2;7;48;17;6;1141;157;13;False
2019-02-17 14:00:00+00:00;True;3.43;264.3;36.7;2019-02-17;2019;2;7;48;17;6;1142;158;14;False
2019-02-17 15:00:00+00:00;True;3.36;149.19;34.2;2019-02-17;2019;2;7;48;17;6;1143;159;15;False
2019-02-17 16:00:00+00:00;True;2.9;57.05;52.1;2019-02-17;2019;2;7;48;17;6;1144;160;16;False
2019-02-17 17:00:00+00:00;True;1.95;3.13;51.3;2019-02-17;2019;2;7;48;17;6;1145;161;17;False
2019-02-17 18:00:00+00:00;True;1.19;0.97;43.8;2019-02-17;2019;2;7;48;17;6;1146;162;18;False
2019-02-17 19:00:00+00:00;True;0.1;0.7;49.7;2019-02-17;2019;2;7;48;17;6;1147;163;19;False
2019-02-17 20:00:00+00:00;True;-0.6;0.99;51.5;2019-02-17;2019;2;7;48;17;6;1148;164;20;False
2019-02-17 21:00:00+00:00;True;-1.06;1.22;49.0;2019-02-17;2019;2;7;48;17;6;1149;165;21;False
2019-02-17 22:00:00+00:00;True;-1.7;0.98;47.5;2019-02-17;2019;2;7;48;17;6;1150;166;22;False
2019-02-17 23:00:00+00:00;True;-2.15;0.74;45.4;2019-02-17;2019;2;7;48;17;6;1151;167;23;False
2019-02-18 00:00:00+00:00;True;-2.23;0.62;51.5;2019-02-18;2019;2;8;49;18;0;1152;0;0;True
2019-02-18 01:00:00+00:00;True;-2.1;0.61;44.7;2019-02-18;2019;2;8;49;18;0;1153;1;1;True
2019-02-18 02:00:00+00:00;True;-2.54;1.45;55.8;2019-02-18;2019;2;8;49;18;0;1154;2;2;True
2019-02-18 03:00:00+00:00;True;-2.84;2.65;45.9;2019-02-18;2019;2;8;49;18;0;1155;3;3;True
2019-02-18 04:00:00+00:00;True;-2.95;3.0;45.8;2019-02-18;2019;2;8;49;18;0;1156;4;4;True
2019-02-18 05:00:00+00:00;True;-3.02;2.42;51.7;2019-02-18;2019;2;8;49;18;0;1157;5;5;True
2019-02-18 06:00:00+00:00;True;-3.57;2.18;50.7;2019-02-18;2019;2;8;49;18;0;1158;6;6;True
2019-02-18 07:00:00+00:00;True;-3.25;5.15;69.0;2019-02-18;2019;2;8;49;18;0;1159;7;7;True
2019-02-18 08:00:00+00:00;True;-3.29;64.98;66.8;2019-02-18;2019;2;8;49;18;0;1160;8;8;True
2019-02-18 09:00:00+00:00;True;-2.42;174.03;153.5;2019-02-18;2019;2;8;49;18;0;1161;9;9;True
2019-02-18 10:00:00+00:00;True;-1.31;263.14;129.6;2019-02-18;2019;2;8;49;18;0;1162;10;10;True
2019-02-18 11:00:00+00:00;True;-0.13;240.99;129.0;2019-02-18;2019;2;8;49;18;0;1163;11;11;True
2019-02-18 12:00:00+00:00;True;1.33;338.52;129.1;2019-02-18;2019;2;8;49;18;0;1164;12;12;True
2019-02-18 13:00:00+00:00;True;2.3;313.85;110.4;2019-02-18;2019;2;8;49;18;0;1165;13;13;True
2019-02-18 14:00:00+00:00;True;2.49;154.88;103.4;2019-02-18;2019;2;8;49;18;0;1166;14;14;True
2019-02-18 15:00:00+00:00;True;2.56;125.5;104.9;2019-02-18;2019;2;8;49;18;0;1167;15;15;True
2019-02-18 16:00:00+00:00;True;2.3;54.02;111.0;2019-02-18;2019;2;8;49;18;0;1168;16;16;True
2019-02-18 17:00:00+00:00;True;1.34;3.44;88.1;2019-02-18;2019;2;8;49;18;0;1169;17;17;True
2019-02-18 18:00:00+00:00;True;0.69;0.83;46.8;2019-02-18;2019;2;8;49;18;0;1170;18;18;True
2019-02-18 19:00:00+00:00;True;1.27;0.94;47.1;2019-02-18;2019;2;8;49;18;0;1171;19;19;True
2019-02-18 20:00:00+00:00;True;1.44;1.0;50.9;2019-02-18;2019;2;8;49;18;0;1172;20;20;True
2019-02-18 21:00:00+00:00;True;1.03;0.13;52.8;2019-02-18;2019;2;8;49;18;0;1173;21;21;True
2019-02-18 22:00:00+00:00;True;0.59;0.32;25.6;2019-02-18;2019;2;8;49;18;0;1174;22;22;True
2019-02-18 23:00:00+00:00;True;0.28;0.17;32.8;2019-02-18;2019;2;8;49;18;0;1175;23;23;True
2019-02-19 00:00:00+00:00;True;0.96;0.68;24.5;2019-02-19;2019;2;8;50;19;1;1176;24;0;True
2019-02-19 01:00:00+00:00;True;1.47;1.77;25.3;2019-02-19;2019;2;8;50;19;1;1177;25;1;True
2019-02-19 02:00:00+00:00;True;1.77;2.34;24.8;2019-02-19;2019;2;8;50;19;1;1178;26;2;True
2019-02-19 03:00:00+00:00;True;1.86;2.28;24.0;2019-02-19;2019;2;8;50;19;1;1179;27;3;True
2019-02-19 04:00:00+00:00;True;1.92;2.19;30.5;2019-02-19;2019;2;8;50;19;1;1180;28;4;True
2019-02-19 05:00:00+00:00;True;2.38;2.27;22.7;2019-02-19;2019;2;8;50;19;1;1181;29;5;True
2019-02-19 06:00:00+00:00;True;2.57;1.83;35.0;2019-02-19;2019;2;8;50;19;1;1182;30;6;True
2019-02-19 07:00:00+00:00;True;2.58;3.47;42.7;2019-02-19;2019;2;8;50;19;1;1183;31;7;True
2019-02-19 08:00:00+00:00;True;2.55;14.14;44.7;2019-02-19;2019;2;8;50;19;1;1184;32;8;True
2019-02-19 09:00:00+00:00;True;2.51;40.58;115.5;2019-02-19;2019;2;8;50;19;1;1185;33;9;True
2019-02-19 10:00:00+00:00;True;2.53;63.87;115.2;2019-02-19;2019;2;8;50;19;1;1186;34;10;True
2019-02-19 11:00:00+00:00;True;2.52;72.49;104.9;2019-02-19;2019;2;8;50;19;1;1187;35;11;True
2019-02-19 12:00:00+00:00;True;2.44;74.75;103.4;2019-02-19;2019;2;8;50;19;1;1188;36;12;True
2019-02-19 13:00:00+00:00;True;2.73;90.74;106.4;2019-02-19;2019;2;8;50;19;1;1189;37;13;True
2019-02-19 14:00:00+00:00;True;3.0;95.94;100.4;2019-02-19;2019;2;8;50;19;1;1190;38;14;True
2019-02-19 15:00:00+00:00;True;2.92;37.98;111.1;2019-02-19;2019;2;8;50;19;1;1191;39;15;True
2019-02-19 16:00:00+00:00;True;2.77;23.24;102.4;2019-02-19;2019;2;8;50;19;1;1192;40;16;True
2019-02-19 17:00:00+00:00;True;2.51;1.93;85.8;2019-02-19;2019;2;8;50;19;1;1193;41;17;True
2019-02-19 18:00:00+00:00;True;2.89;0.42;59.7;2019-02-19;2019;2;8;50;19;1;1194;42;18;True
2019-02-19 19:00:00+00:00;True;3.95;0.07;53.0;2019-02-19;2019;2;8;50;19;1;1195;43;19;True
2019-02-19 20:00:00+00:00;True;3.05;0.45;49.2;2019-02-19;2019;2;8;50;19;1;1196;44;20;True
2019-02-19 21:00:00+00:00;True;2.73;0.11;41.6;2019-02-19;2019;2;8;50;19;1;1197;45;21;True
2019-02-19 22:00:00+00:00;True;2.64;0.16;47.9;2019-02-19;2019;2;8;50;19;1;1198;46;22;True
2019-02-19 23:00:00+00:00;True;2.73;1.04;37.3;2019-02-19;2019;2;8;50;19;1;1199;47;23;True
2019-02-20 00:00:00+00:00;True;2.74;1.08;27.6;2019-02-20;2019;2;8;51;20;2;1200;48;0;True
2019-02-20 01:00:00+00:00;True;2.69;1.7;36.0;2019-02-20;2019;2;8;51;20;2;1201;49;1;True
2019-02-20 02:00:00+00:00;True;2.69;2.25;22.9;2019-02-20;2019;2;8;51;20;2;1202;50;2;True
2019-02-20 03:00:00+00:00;True;2.52;2.08;29.9;2019-02-20;2019;2;8;51;20;2;1203;51;3;True
2019-02-20 04:00:00+00:00;True;2.43;2.15;30.2;2019-02-20;2019;2;8;51;20;2;1204;52;4;True
2019-02-20 05:00:00+00:00;True;2.52;2.08;33.3;2019-02-20;2019;2;8;51;20;2;1205;53;5;True
2019-02-20 06:00:00+00:00;True;2.38;1.45;45.3;2019-02-20;2019;2;8;51;20;2;1206;54;6;True
2019-02-20 07:00:00+00:00;True;2.17;1.87;43.0;2019-02-20;2019;2;8;51;20;2;1207;55;7;True
2019-02-20 08:00:00+00:00;True;2.05;13.36;48.7;2019-02-20;2019;2;8;51;20;2;1208;56;8;True
2019-02-20 09:00:00+00:00;True;2.02;38.4;114.9;2019-02-20;2019;2;8;51;20;2;1209;57;9;True
2019-02-20 10:00:00+00:00;True;2.06;42.54;107.1;2019-02-20;2019;2;8;51;20;2;1210;58;10;True
2019-02-20 11:00:00+00:00;True;2.05;40.09;121.3;2019-02-20;2019;2;8;51;20;2;1211;59;11;True
2019-02-20 12:00:00+00:00;True;1.52;86.13;120.3;2019-02-20;2019;2;8;51;20;2;1212;60;12;True
2019-02-20 13:00:00+00:00;True;0.77;101.24;110.9;2019-02-20;2019;2;8;51;20;2;1213;61;13;True
2019-02-20 14:00:00+00:00;True;-0.43;109.06;128.8;2019-02-20;2019;2;8;51;20;2;1214;62;14;True
2019-02-20 15:00:00+00:00;True;-1.49;52.7;132.9;2019-02-20;2019;2;8;51;20;2;1215;63;15;True
2019-02-20 16:00:00+00:00;True;-2.43;12.11;134.6;2019-02-20;2019;2;8;51;20;2;1216;64;16;True
2019-02-20 17:00:00+00:00;True;-3.13;2.5;125.5;2019-02-20;2019;2;8;51;20;2;1217;65;17;True
2019-02-20 18:00:00+00:00;True;-3.53;0.76;65.0;2019-02-20;2019;2;8;51;20;2;1218;66;18;True
2019-02-20 19:00:00+00:00;True;-3.86;0.19;92.9;2019-02-20;2019;2;8;51;20;2;1219;67;19;True
2019-02-20 20:00:00+00:00;True;-3.95;0.13;75.3;2019-02-20;2019;2;8;51;20;2;1220;68;20;True
2019-02-20 21:00:00+00:00;True;-4.18;0.01;66.6;2019-02-20;2019;2;8;51;20;2;1221;69;21;True
2019-02-20 22:00:00+00:00;True;-4.43;0.07;49.3;2019-02-20;2019;2;8;51;20;2;1222;70;22;True
2019-02-20 23:00:00+00:00;True;-4.19;0.26;52.9;2019-02-20;2019;2;8;51;20;2;1223;71;23;True
2019-02-21 00:00:00+00:00;True;-4.53;2.91;46.4;2019-02-21;2019;2;8;52;21;3;1224;72;0;True
2019-02-21 01:00:00+00:00;True;-5.19;3.05;50.9;2019-02-21;2019;2;8;52;21;3;1225;73;1;True
2019-02-21 02:00:00+00:00;True;-5.61;3.07;54.3;2019-02-21;2019;2;8;52;21;3;1226;74;2;True
2019-02-21 03:00:00+00:00;True;-5.69;3.27;54.0;2019-02-21;2019;2;8;52;21;3;1227;75;3;True
2019-02-21 04:00:00+00:00;True;-5.83;2.96;52.1;2019-02-21;2019;2;8;52;21;3;1228;76;4;True
2019-02-21 05:00:00+00:00;True;-5.92;3.04;55.1;2019-02-21;2019;2;8;52;21;3;1229;77;5;True
2019-02-21 06:00:00+00:00;True;-5.93;2.17;66.7;2019-02-21;2019;2;8;52;21;3;1230;78;6;True
2019-02-21 07:00:00+00:00;True;-6.38;8.3;79.6;2019-02-21;2019;2;8;52;21;3;1231;79;7;True
2019-02-21 08:00:00+00:00;True;-6.5;83.86;89.5;2019-02-21;2019;2;8;52;21;3;1232;80;8;True
2019-02-21 09:00:00+00:00;True;-6.15;198.42;170.0;2019-02-21;2019;2;8;52;21;3;1233;81;9;True
2019-02-21 10:00:00+00:00;True;-5.8;296.46;177.6;2019-02-21;2019;2;8;52;21;3;1234;82;10;True
2019-02-21 11:00:00+00:00;True;-5.18;340.64;174.1;2019-02-21;2019;2;8;52;21;3;1235;83;11;True
2019-02-21 12:00:00+00:00;True;-4.58;381.82;169.5;2019-02-21;2019;2;8;52;21;3;1236;84;12;True
2019-02-21 13:00:00+00:00;True;-4.1;360.09;168.8;2019-02-21;2019;2;8;52;21;3;1237;85;13;True
2019-02-21 14:00:00+00:00;True;-3.78;286.57;163.4;2019-02-21;2019;2;8;52;21;3;1238;86;14;True
2019-02-21 15:00:00+00:00;True;-3.78;186.85;156.6;2019-02-21;2019;2;8;52;21;3;1239;87;15;True
2019-02-21 16:00:00+00:00;True;-4.14;73.37;154.5;2019-02-21;2019;2;8;52;21;3;1240;88;16;True
2019-02-21 17:00:00+00:00;True;-4.99;5.33;153.3;2019-02-21;2019;2;8;52;21;3;1241;89;17;True
2019-02-21 18:00:00+00:00;True;-5.84;1.56;85.8;2019-02-21;2019;2;8;52;21;3;1242;90;18;True
2019-02-21 19:00:00+00:00;True;-6.62;1.55;102.7;2019-02-21;2019;2;8;52;21;3;1243;91;19;True
2019-02-21 20:00:00+00:00;True;-7.17;1.65;86.4;2019-02-21;2019;2;8;52;21;3;1244;92;20;True
2019-02-21 21:00:00+00:00;True;-7.74;1.52;90.3;2019-02-21;2019;2;8;52;21;3;1245;93;21;True
2019-02-21 22:00:00+00:00;True;-8.18;1.9;58.1;2019-02-21;2019;2;8;52;21;3;1246;94;22;True
2019-02-21 23:00:00+00:00;True;-8.63;3.52;68.5;2019-02-21;2019;2;8;52;21;3;1247;95;23;True
2019-02-22 00:00:00+00:00;True;-8.82;3.84;70.3;2019-02-22;2019;2;8;53;22;4;1248;96;0;True
2019-02-22 01:00:00+00:00;True;-8.79;4.5;62.3;2019-02-22;2019;2;8;53;22;4;1249;97;1;True
2019-02-22 02:00:00+00:00;True;-8.97;5.32;72.2;2019-02-22;2019;2;8;53;22;4;1250;98;2;True
2019-02-22 03:00:00+00:00;True;-9.27;5.87;67.7;2019-02-22;2019;2;8;53;22;4;1251;99;3;True
2019-02-22 04:00:00+00:00;True;-9.59;6.01;75.1;2019-02-22;2019;2;8;53;22;4;1252;100;4;True
2019-02-22 05:00:00+00:00;True;-9.56;5.99;68.3;2019-02-22;2019;2;8;53;22;4;1253;101;5;True
2019-02-22 06:00:00+00:00;True;-9.09;5.32;68.9;2019-02-22;2019;2;8;53;22;4;1254;102;6;True
2019-02-22 07:00:00+00:00;True;-8.9;14.1;91.3;2019-02-22;2019;2;8;53;22;4;1255;103;7;True
2019-02-22 08:00:00+00:00;True;-8.39;90.18;87.2;2019-02-22;2019;2;8;53;22;4;1256;104;8;True
2019-02-22 09:00:00+00:00;True;-7.03;202.08;185.2;2019-02-22;2019;2;8;53;22;4;1257;105;9;True
2019-02-22 10:00:00+00:00;True;-5.46;297.39;147.6;2019-02-22;2019;2;8;53;22;4;1258;106;10;True
2019-02-22 11:00:00+00:00;True;-4.16;349.32;155.9;2019-02-22;2019;2;8;53;22;4;1259;107;11;True
2019-02-22 12:00:00+00:00;True;-3.22;377.46;169.3;2019-02-22;2019;2;8;53;22;4;1260;108;12;True
2019-02-22 13:00:00+00:00;True;-2.4;355.61;160.7;2019-02-22;2019;2;8;53;22;4;1261;109;13;True
2019-02-22 14:00:00+00:00;True;-1.91;291.31;145.4;2019-02-22;2019;2;8;53;22;4;1262;110;14;True
2019-02-22 15:00:00+00:00;True;-1.92;195.19;141.8;2019-02-22;2019;2;8;53;22;4;1263;111;15;True
2019-02-22 16:00:00+00:00;True;-2.26;84.37;148.4;2019-02-22;2019;2;8;53;22;4;1264;112;16;True
2019-02-22 17:00:00+00:00;True;-3.01;10.54;142.2;2019-02-22;2019;2;8;53;22;4;1265;113;17;True
2019-02-22 18:00:00+00:00;True;-4.0;2.14;76.0;2019-02-22;2019;2;8;53;22;4;1266;114;18;True
2019-02-22 19:00:00+00:00;True;-4.73;2.16;74.8;2019-02-22;2019;2;8;53;22;4;1267;115;19;True
2019-02-22 20:00:00+00:00;True;-5.27;2.5;88.7;2019-02-22;2019;2;8;53;22;4;1268;116;20;True
2019-02-22 21:00:00+00:00;True;-5.85;2.13;76.6;2019-02-22;2019;2;8;53;22;4;1269;117;21;True
2019-02-22 22:00:00+00:00;True;-6.13;2.4;56.0;2019-02-22;2019;2;8;53;22;4;1270;118;22;True
2019-02-22 23:00:00+00:00;True;-6.62;3.26;54.9;2019-02-22;2019;2;8;53;22;4;1271;119;23;True
2019-02-23 00:00:00+00:00;True;-6.84;4.06;58.1;2019-02-23;2019;2;8;54;23;5;1272;120;0;False
2019-02-23 01:00:00+00:00;True;-6.82;5.63;59.2;2019-02-23;2019;2;8;54;23;5;1273;121;1;False
2019-02-23 02:00:00+00:00;True;-6.51;6.18;56.3;2019-02-23;2019;2;8;54;23;5;1274;122;2;False
2019-02-23 03:00:00+00:00;True;-5.46;5.94;53.7;2019-02-23;2019;2;8;54;23;5;1275;123;3;False
2019-02-23 04:00:00+00:00;True;-4.71;5.89;53.8;2019-02-23;2019;2;8;54;23;5;1276;124;4;False
2019-02-23 05:00:00+00:00;True;-4.09;5.82;48.8;2019-02-23;2019;2;8;54;23;5;1277;125;5;False
2019-02-23 06:00:00+00:00;True;-3.8;5.53;56.6;2019-02-23;2019;2;8;54;23;5;1278;126;6;False
2019-02-23 07:00:00+00:00;True;-4.1;7.11;60.5;2019-02-23;2019;2;8;54;23;5;1279;127;7;False
2019-02-23 08:00:00+00:00;True;-3.38;25.06;61.3;2019-02-23;2019;2;8;54;23;5;1280;128;8;False
2019-02-23 09:00:00+00:00;True;-2.31;38.8;54.8;2019-02-23;2019;2;8;54;23;5;1281;129;9;False
2019-02-23 10:00:00+00:00;True;-1.64;96.85;48.8;2019-02-23;2019;2;8;54;23;5;1282;130;10;False
2019-02-23 11:00:00+00:00;True;-0.89;83.12;50.5;2019-02-23;2019;2;8;54;23;5;1283;131;11;False
2019-02-23 12:00:00+00:00;True;-0.38;83.9;46.4;2019-02-23;2019;2;8;54;23;5;1284;132;12;False
2019-02-23 13:00:00+00:00;True;0.09;53.34;48.6;2019-02-23;2019;2;8;54;23;5;1285;133;13;False
2019-02-23 14:00:00+00:00;True;0.08;38.37;44.2;2019-02-23;2019;2;8;54;23;5;1286;134;14;False
2019-02-23 15:00:00+00:00;True;0.04;23.88;46.2;2019-02-23;2019;2;8;54;23;5;1287;135;15;False
2019-02-23 16:00:00+00:00;True;0.13;9.61;46.2;2019-02-23;2019;2;8;54;23;5;1288;136;16;False
2019-02-23 17:00:00+00:00;True;0.23;1.95;42.4;2019-02-23;2019;2;8;54;23;5;1289;137;17;False
2019-02-23 18:00:00+00:00;True;0.34;1.31;45.2;2019-02-23;2019;2;8;54;23;5;1290;138;18;False
2019-02-23 19:00:00+00:00;True;0.39;2.32;42.1;2019-02-23;2019;2;8;54;23;5;1291;139;19;False
2019-02-23 20:00:00+00:00;True;0.49;1.04;42.0;2019-02-23;2019;2;8;54;23;5;1292;140;20;False
2019-02-23 21:00:00+00:00;True;0.5;1.05;43.2;2019-02-23;2019;2;8;54;23;5;1293;141;21;False
2019-02-23 22:00:00+00:00;True;0.46;1.21;43.7;2019-02-23;2019;2;8;54;23;5;1294;142;22;False
2019-02-23 23:00:00+00:00;True;0.49;2.0;25.7;2019-02-23;2019;2;8;54;23;5;1295;143;23;False
2019-02-24 00:00:00+00:00;True;0.5;3.37;61.4;2019-02-24;2019;2;8;55;24;6;1296;144;0;False
2019-02-24 01:00:00+00:00;True;0.51;3.35;24.3;2019-02-24;2019;2;8;55;24;6;1297;145;1;False
2019-02-24 02:00:00+00:00;True;0.47;3.39;46.6;2019-02-24;2019;2;8;55;24;6;1298;146;2;False
2019-02-24 03:00:00+00:00;True;0.39;4.01;30.2;2019-02-24;2019;2;8;55;24;6;1299;147;3;False
2019-02-24 04:00:00+00:00;True;0.37;4.09;28.4;2019-02-24;2019;2;8;55;24;6;1300;148;4;False
2019-02-24 05:00:00+00:00;True;0.35;4.14;61.3;2019-02-24;2019;2;8;55;24;6;1301;149;5;False
2019-02-24 06:00:00+00:00;True;0.35;4.66;29.0;2019-02-24;2019;2;8;55;24;6;1302;150;6;False
2019-02-24 07:00:00+00:00;True;0.35;7.8;34.1;2019-02-24;2019;2;8;55;24;6;1303;151;7;False
2019-02-24 08:00:00+00:00;True;0.42;27.27;46.4;2019-02-24;2019;2;8;55;24;6;1304;152;8;False
2019-02-24 09:00:00+00:00;True;0.28;38.26;44.8;2019-02-24;2019;2;8;55;24;6;1305;153;9;False
2019-02-24 10:00:00+00:00;True;0.2;97.78;41.9;2019-02-24;2019;2;8;55;24;6;1306;154;10;False
2019-02-24 11:00:00+00:00;True;0.27;111.31;41.2;2019-02-24;2019;2;8;55;24;6;1307;155;11;False
2019-02-24 12:00:00+00:00;True;0.6;103.24;39.5;2019-02-24;2019;2;8;55;24;6;1308;156;12;False
2019-02-24 13:00:00+00:00;True;0.79;96.17;38.7;2019-02-24;2019;2;8;55;24;6;1309;157;13;False
2019-02-24 14:00:00+00:00;True;0.96;63.79;38.6;2019-02-24;2019;2;8;55;24;6;1310;158;14;False
2019-02-24 15:00:00+00:00;True;1.07;42.67;39.6;2019-02-24;2019;2;8;55;24;6;1311;159;15;False
2019-02-24 16:00:00+00:00;True;1.01;13.26;43.5;2019-02-24;2019;2;8;55;24;6;1312;160;16;False
2019-02-24 17:00:00+00:00;True;1.3;2.87;44.8;2019-02-24;2019;2;8;55;24;6;1313;161;17;False
2019-02-24 18:00:00+00:00;True;1.68;2.47;43.0;2019-02-24;2019;2;8;55;24;6;1314;162;18;False
2019-02-24 19:00:00+00:00;True;2.12;1.86;40.2;2019-02-24;2019;2;8;55;24;6;1315;163;19;False
2019-02-24 20:00:00+00:00;True;2.29;1.71;39.8;2019-02-24;2019;2;8;55;24;6;1316;164;20;False
2019-02-24 21:00:00+00:00;True;1.85;0.36;43.2;2019-02-24;2019;2;8;55;24;6;1317;165;21;False
2019-02-24 22:00:00+00:00;True;1.71;0.2;35.2;2019-02-24;2019;2;8;55;24;6;1318;166;22;False
2019-02-24 23:00:00+00:00;True;1.74;0.2;36.5;2019-02-24;2019;2;8;55;24;6;1319;167;23;False
2019-02-25 00:00:00+00:00;True;1.85;2.46;37.0;2019-02-25;2019;2;9;56;25;0;1320;0;0;True
2019-02-25 01:00:00+00:00;True;1.74;3.24;37.9;2019-02-25;2019;2;9;56;25;0;1321;1;1;True
2019-02-25 02:00:00+00:00;True;1.5;4.04;42.1;2019-02-25;2019;2;9;56;25;0;1322;2;2;True
2019-02-25 03:00:00+00:00;True;1.81;4.06;40.3;2019-02-25;2019;2;9;56;25;0;1323;3;3;True
2019-02-25 04:00:00+00:00;True;1.92;4.12;38.3;2019-02-25;2019;2;9;56;25;0;1324;4;4;True
2019-02-25 05:00:00+00:00;True;1.81;4.11;39.8;2019-02-25;2019;2;9;56;25;0;1325;5;5;True
2019-02-25 06:00:00+00:00;True;1.52;3.72;49.1;2019-02-25;2019;2;9;56;25;0;1326;6;6;True
2019-02-25 07:00:00+00:00;True;1.42;15.41;47.7;2019-02-25;2019;2;9;56;25;0;1327;7;7;True
2019-02-25 08:00:00+00:00;True;1.25;75.0;49.2;2019-02-25;2019;2;9;56;25;0;1328;8;8;True
2019-02-25 09:00:00+00:00;True;2.51;199.12;111.3;2019-02-25;2019;2;9;56;25;0;1329;9;9;True
2019-02-25 10:00:00+00:00;True;3.74;302.42;97.1;2019-02-25;2019;2;9;56;25;0;1330;10;10;True
2019-02-25 11:00:00+00:00;True;5.03;352.94;108.8;2019-02-25;2019;2;9;56;25;0;1331;11;11;True
2019-02-25 12:00:00+00:00;True;5.87;382.31;100.2;2019-02-25;2019;2;9;56;25;0;1332;12;12;True
2019-02-25 13:00:00+00:00;True;6.41;362.43;80.9;2019-02-25;2019;2;9;56;25;0;1333;13;13;True
2019-02-25 14:00:00+00:00;True;6.51;261.6;75.0;2019-02-25;2019;2;9;56;25;0;1334;14;14;True
2019-02-25 15:00:00+00:00;True;6.43;191.1;82.0;2019-02-25;2019;2;9;56;25;0;1335;15;15;True
2019-02-25 16:00:00+00:00;True;5.87;81.99;89.8;2019-02-25;2019;2;9;56;25;0;1336;16;16;True
2019-02-25 17:00:00+00:00;True;4.64;8.88;86.4;2019-02-25;2019;2;9;56;25;0;1337;17;17;True
2019-02-25 18:00:00+00:00;True;3.65;1.99;46.5;2019-02-25;2019;2;9;56;25;0;1338;18;18;True
2019-02-25 19:00:00+00:00;True;2.98;1.71;41.8;2019-02-25;2019;2;9;56;25;0;1339;19;19;True
2019-02-25 20:00:00+00:00;True;2.58;1.5;52.1;2019-02-25;2019;2;9;56;25;0;1340;20;20;True
2019-02-25 21:00:00+00:00;True;1.87;1.44;46.5;2019-02-25;2019;2;9;56;25;0;1341;21;21;True
2019-02-25 22:00:00+00:00;True;1.44;1.06;25.5;2019-02-25;2019;2;9;56;25;0;1342;22;22;True
2019-02-25 23:00:00+00:00;True;1.34;0.94;23.3;2019-02-25;2019;2;9;56;25;0;1343;23;23;True
2019-02-26 00:00:00+00:00;True;1.14;1.79;25.0;2019-02-26;2019;2;9;57;26;1;1344;24;0;True
2019-02-26 01:00:00+00:00;True;0.19;4.1;33.7;2019-02-26;2019;2;9;57;26;1;1345;25;1;True
2019-02-26 02:00:00+00:00;True;0.26;4.43;34.4;2019-02-26;2019;2;9;57;26;1;1346;26;2;True
2019-02-26 03:00:00+00:00;True;0.42;3.46;38.0;2019-02-26;2019;2;9;57;26;1;1347;27;3;True
2019-02-26 04:00:00+00:00;True;0.48;2.26;28.2;2019-02-26;2019;2;9;57;26;1;1348;28;4;True
2019-02-26 05:00:00+00:00;True;0.46;2.33;28.7;2019-02-26;2019;2;9;57;26;1;1349;29;5;True
2019-02-26 06:00:00+00:00;True;0.62;2.1;37.4;2019-02-26;2019;2;9;57;26;1;1350;30;6;True
2019-02-26 07:00:00+00:00;True;0.72;7.43;38.5;2019-02-26;2019;2;9;57;26;1;1351;31;7;True
2019-02-26 08:00:00+00:00;True;1.03;44.71;39.0;2019-02-26;2019;2;9;57;26;1;1352;32;8;True
2019-02-26 09:00:00+00:00;True;1.41;136.69;114.2;2019-02-26;2019;2;9;57;26;1;1353;33;9;True
2019-02-26 10:00:00+00:00;True;1.65;177.47;117.5;2019-02-26;2019;2;9;57;26;1;1354;34;10;True
2019-02-26 11:00:00+00:00;True;1.89;256.21;117.9;2019-02-26;2019;2;9;57;26;1;1355;35;11;True
2019-02-26 12:00:00+00:00;True;1.98;169.99;114.3;2019-02-26;2019;2;9;57;26;1;1356;36;12;True
2019-02-26 13:00:00+00:00;True;2.16;161.34;117.8;2019-02-26;2019;2;9;57;26;1;1357;37;13;True
2019-02-26 14:00:00+00:00;True;2.39;164.77;108.6;2019-02-26;2019;2;9;57;26;1;1358;38;14;True
2019-02-26 15:00:00+00:00;True;2.22;95.6;117.1;2019-02-26;2019;2;9;57;26;1;1359;39;15;True
2019-02-26 16:00:00+00:00;True;2.01;42.35;103.1;2019-02-26;2019;2;9;57;26;1;1360;40;16;True
2019-02-26 17:00:00+00:00;True;1.83;5.96;89.6;2019-02-26;2019;2;9;57;26;1;1361;41;17;True
2019-02-26 18:00:00+00:00;True;1.41;1.83;60.1;2019-02-26;2019;2;9;57;26;1;1362;42;18;True
2019-02-26 19:00:00+00:00;True;0.43;0.97;62.0;2019-02-26;2019;2;9;57;26;1;1363;43;19;True
2019-02-26 20:00:00+00:00;True;-0.45;0.73;54.0;2019-02-26;2019;2;9;57;26;1;1364;44;20;True
2019-02-26 21:00:00+00:00;True;-0.98;0.36;69.4;2019-02-26;2019;2;9;57;26;1;1365;45;21;True
2019-02-26 22:00:00+00:00;True;-1.13;0.76;37.9;2019-02-26;2019;2;9;57;26;1;1366;46;22;True
2019-02-26 23:00:00+00:00;True;-1.58;1.41;51.3;2019-02-26;2019;2;9;57;26;1;1367;47;23;True
2019-02-27 00:00:00+00:00;True;-1.85;2.18;39.5;2019-02-27;2019;2;9;58;27;2;1368;48;0;True
2019-02-27 01:00:00+00:00;True;-2.1;1.3;43.8;2019-02-27;2019;2;9;58;27;2;1369;49;1;True
2019-02-27 02:00:00+00:00;True;-2.2;1.18;49.8;2019-02-27;2019;2;9;58;27;2;1370;50;2;True
2019-02-27 03:00:00+00:00;True;-2.27;1.21;47.2;2019-02-27;2019;2;9;58;27;2;1371;51;3;True
2019-02-27 04:00:00+00:00;True;-1.97;1.48;50.2;2019-02-27;2019;2;9;58;27;2;1372;52;4;True
2019-02-27 05:00:00+00:00;True;-1.79;1.65;42.7;2019-02-27;2019;2;9;58;27;2;1373;53;5;True
2019-02-27 06:00:00+00:00;True;-1.25;1.54;38.5;2019-02-27;2019;2;9;58;27;2;1374;54;6;True
2019-02-27 07:00:00+00:00;True;-1.12;9.21;42.8;2019-02-27;2019;2;9;58;27;2;1375;55;7;True
2019-02-27 08:00:00+00:00;True;-0.77;34.72;62.7;2019-02-27;2019;2;9;58;27;2;1376;56;8;True
2019-02-27 09:00:00+00:00;True;-0.26;54.74;134.4;2019-02-27;2019;2;9;58;27;2;1377;57;9;True
2019-02-27 10:00:00+00:00;True;0.08;59.13;123.6;2019-02-27;2019;2;9;58;27;2;1378;58;10;True
2019-02-27 11:00:00+00:00;True;0.65;126.65;110.2;2019-02-27;2019;2;9;58;27;2;1379;59;11;True
2019-02-27 12:00:00+00:00;True;1.6;187.34;117.2;2019-02-27;2019;2;9;58;27;2;1380;60;12;True
2019-02-27 13:00:00+00:00;True;2.27;178.34;101.0;2019-02-27;2019;2;9;58;27;2;1381;61;13;True
2019-02-27 14:00:00+00:00;True;2.43;141.07;114.6;2019-02-27;2019;2;9;58;27;2;1382;62;14;True
2019-02-27 15:00:00+00:00;True;2.72;88.32;99.2;2019-02-27;2019;2;9;58;27;2;1383;63;15;True
2019-02-27 16:00:00+00:00;True;2.59;47.55;116.9;2019-02-27;2019;2;9;58;27;2;1384;64;16;True
2019-02-27 17:00:00+00:00;True;2.36;5.96;101.8;2019-02-27;2019;2;9;58;27;2;1385;65;17;True
2019-02-27 18:00:00+00:00;True;2.1;0.0;62.8;2019-02-27;2019;2;9;58;27;2;1386;66;18;True
2019-02-27 19:00:00+00:00;True;1.93;0.0;47.8;2019-02-27;2019;2;9;58;27;2;1387;67;19;True
2019-02-27 20:00:00+00:00;True;1.75;0.06;50.8;2019-02-27;2019;2;9;58;27;2;1388;68;20;True
2019-02-27 21:00:00+00:00;True;1.5;0.02;53.7;2019-02-27;2019;2;9;58;27;2;1389;69;21;True
2019-02-27 22:00:00+00:00;True;1.13;0.14;36.7;2019-02-27;2019;2;9;58;27;2;1390;70;22;True
2019-02-27 23:00:00+00:00;True;0.58;0.25;49.4;2019-02-27;2019;2;9;58;27;2;1391;71;23;True
2019-02-28 00:00:00+00:00;True;0.18;0.87;35.3;2019-02-28;2019;2;9;59;28;3;1392;72;0;True
2019-02-28 01:00:00+00:00;True;0.25;1.26;35.9;2019-02-28;2019;2;9;59;28;3;1393;73;1;True
2019-02-28 02:00:00+00:00;True;0.84;1.44;35.2;2019-02-28;2019;2;9;59;28;3;1394;74;2;True
2019-02-28 03:00:00+00:00;True;0.91;1.39;37.8;2019-02-28;2019;2;9;59;28;3;1395;75;3;True
2019-02-28 04:00:00+00:00;True;0.85;1.85;48.3;2019-02-28;2019;2;9;59;28;3;1396;76;4;True
2019-02-28 05:00:00+00:00;True;0.79;2.12;42.0;2019-02-28;2019;2;9;59;28;3;1397;77;5;True
2019-02-28 06:00:00+00:00;True;0.57;2.07;43.2;2019-02-28;2019;2;9;59;28;3;1398;78;6;True
2019-02-28 07:00:00+00:00;True;0.65;17.46;38.6;2019-02-28;2019;2;9;59;28;3;1399;79;7;True
2019-02-28 08:00:00+00:00;True;1.03;65.76;53.0;2019-02-28;2019;2;9;59;28;3;1400;80;8;True
2019-02-28 09:00:00+00:00;True;1.89;190.31;114.3;2019-02-28;2019;2;9;59;28;3;1401;81;9;True
2019-02-28 10:00:00+00:00;True;2.94;302.04;114.8;2019-02-28;2019;2;9;59;28;3;1402;82;10;True
2019-02-28 11:00:00+00:00;True;3.56;269.3;104.1;2019-02-28;2019;2;9;59;28;3;1403;83;11;True
2019-02-28 12:00:00+00:00;True;3.71;177.05;96.2;2019-02-28;2019;2;9;59;28;3;1404;84;12;True
2019-02-28 13:00:00+00:00;True;3.57;109.94;114.6;2019-02-28;2019;2;9;59;28;3;1405;85;13;True
2019-02-28 14:00:00+00:00;True;4.19;144.72;96.7;2019-02-28;2019;2;9;59;28;3;1406;86;14;True
2019-02-28 15:00:00+00:00;True;3.47;85.11;110.3;2019-02-28;2019;2;9;59;28;3;1407;87;15;True
2019-02-28 16:00:00+00:00;True;2.18;25.68;122.7;2019-02-28;2019;2;9;59;28;3;1408;88;16;True
2019-02-28 17:00:00+00:00;True;1.3;5.95;104.9;2019-02-28;2019;2;9;59;28;3;1409;89;17;True
2019-02-28 18:00:00+00:00;True;1.0;0.3;58.1;2019-02-28;2019;2;9;59;28;3;1410;90;18;True
2019-02-28 19:00:00+00:00;True;0.65;0.18;58.9;2019-02-28;2019;2;9;59;28;3;1411;91;19;True
2019-02-28 20:00:00+00:00;True;-0.46;0.01;56.0;2019-02-28;2019;2;9;59;28;3;1412;92;20;True
2019-02-28 21:00:00+00:00;True;-1.33;0.0;63.6;2019-02-28;2019;2;9;59;28;3;1413;93;21;True
2019-02-28 22:00:00+00:00;True;-1.95;0.08;36.8;2019-02-28;2019;2;9;59;28;3;1414;94;22;True
2019-02-28 23:00:00+00:00;True;-2.55;0.62;44.7;2019-02-28;2019;2;9;59;28;3;1415;95;23;True
2019-03-01 00:00:00+00:00;True;-3.03;1.37;51.2;2019-03-01;2019;3;9;60;1;4;1416;96;0;True
2019-03-01 01:00:00+00:00;True;-3.67;1.57;54.8;2019-03-01;2019;3;9;60;1;4;1417;97;1;True
2019-03-01 02:00:00+00:00;True;-4.49;2.25;51.6;2019-03-01;2019;3;9;60;1;4;1418;98;2;True
2019-03-01 03:00:00+00:00;True;-5.14;2.7;48.6;2019-03-01;2019;3;9;60;1;4;1419;99;3;True
2019-03-01 04:00:00+00:00;True;-5.36;3.4;48.1;2019-03-01;2019;3;9;60;1;4;1420;100;4;True
2019-03-01 05:00:00+00:00;True;-5.55;3.36;53.9;2019-03-01;2019;3;9;60;1;4;1421;101;5;True
2019-03-01 06:00:00+00:00;True;-6.05;3.37;62.3;2019-03-01;2019;3;9;60;1;4;1422;102;6;True
2019-03-01 07:00:00+00:00;True;-6.38;15.07;63.4;2019-03-01;2019;3;9;60;1;4;1423;103;7;True
2019-03-01 08:00:00+00:00;True;-6.12;65.04;73.5;2019-03-01;2019;3;9;60;1;4;1424;104;8;True
2019-03-01 09:00:00+00:00;True;-6.24;100.4;164.5;2019-03-01;2019;3;9;60;1;4;1425;105;9;True
2019-03-01 10:00:00+00:00;True;-5.82;263.47;165.8;2019-03-01;2019;3;9;60;1;4;1426;106;10;True
2019-03-01 11:00:00+00:00;True;-5.11;165.48;155.4;2019-03-01;2019;3;9;60;1;4;1427;107;11;True
2019-03-01 12:00:00+00:00;True;-4.38;340.28;158.4;2019-03-01;2019;3;9;60;1;4;1428;108;12;True
2019-03-01 13:00:00+00:00;True;-4.29;307.02;157.9;2019-03-01;2019;3;9;60;1;4;1429;109;13;True
2019-03-01 14:00:00+00:00;True;-3.89;223.2;146.6;2019-03-01;2019;3;9;60;1;4;1430;110;14;True
2019-03-01 15:00:00+00:00;True;-3.97;186.88;148.8;2019-03-01;2019;3;9;60;1;4;1431;111;15;True
2019-03-01 16:00:00+00:00;True;-4.0;107.69;159.2;2019-03-01;2019;3;9;60;1;4;1432;112;16;True
2019-03-01 17:00:00+00:00;True;-4.47;22.22;144.3;2019-03-01;2019;3;9;60;1;4;1433;113;17;True
2019-03-01 18:00:00+00:00;True;-5.04;3.24;75.4;2019-03-01;2019;3;9;60;1;4;1434;114;18;True
2019-03-01 19:00:00+00:00;True;-5.61;2.92;74.9;2019-03-01;2019;3;9;60;1;4;1435;115;19;True
2019-03-01 20:00:00+00:00;True;-6.09;2.7;83.7;2019-03-01;2019;3;9;60;1;4;1436;116;20;True
2019-03-01 21:00:00+00:00;True;-6.82;3.07;81.2;2019-03-01;2019;3;9;60;1;4;1437;117;21;True
2019-03-01 22:00:00+00:00;True;-7.43;3.73;55.5;2019-03-01;2019;3;9;60;1;4;1438;118;22;True
2019-03-01 23:00:00+00:00;True;-7.73;4.21;64.2;2019-03-01;2019;3;9;60;1;4;1439;119;23;True
2019-03-02 00:00:00+00:00;True;-7.78;3.75;64.7;2019-03-02;2019;3;9;61;2;5;1440;120;0;False
2019-03-02 01:00:00+00:00;True;-7.73;3.44;71.3;2019-03-02;2019;3;9;61;2;5;1441;121;1;False
2019-03-02 02:00:00+00:00;True;-7.98;4.3;61.0;2019-03-02;2019;3;9;61;2;5;1442;122;2;False
2019-03-02 03:00:00+00:00;True;-8.32;4.43;62.2;2019-03-02;2019;3;9;61;2;5;1443;123;3;False
2019-03-02 04:00:00+00:00;True;-8.39;4.96;62.6;2019-03-02;2019;3;9;61;2;5;1444;124;4;False
2019-03-02 05:00:00+00:00;True;-8.1;5.39;59.0;2019-03-02;2019;3;9;61;2;5;1445;125;5;False
2019-03-02 06:00:00+00:00;True;-7.01;5.48;55.7;2019-03-02;2019;3;9;61;2;5;1446;126;6;False
2019-03-02 07:00:00+00:00;True;-5.78;14.18;80.6;2019-03-02;2019;3;9;61;2;5;1447;127;7;False
2019-03-02 08:00:00+00:00;True;-5.06;49.08;64.8;2019-03-02;2019;3;9;61;2;5;1448;128;8;False
2019-03-02 09:00:00+00:00;True;-4.83;102.42;63.9;2019-03-02;2019;3;9;61;2;5;1449;129;9;False
2019-03-02 10:00:00+00:00;True;-3.37;128.48;49.9;2019-03-02;2019;3;9;61;2;5;1450;130;10;False
2019-03-02 11:00:00+00:00;True;-1.87;152.52;49.9;2019-03-02;2019;3;9;61;2;5;1451;131;11;False
2019-03-02 12:00:00+00:00;True;-0.82;192.06;59.4;2019-03-02;2019;3;9;61;2;5;1452;132;12;False
2019-03-02 13:00:00+00:00;True;-0.07;202.36;35.0;2019-03-02;2019;3;9;61;2;5;1453;133;13;False
2019-03-02 14:00:00+00:00;True;0.37;166.41;33.1;2019-03-02;2019;3;9;61;2;5;1454;134;14;False
2019-03-02 15:00:00+00:00;True;0.8;124.02;41.4;2019-03-02;2019;3;9;61;2;5;1455;135;15;False
2019-03-02 16:00:00+00:00;True;1.19;51.52;37.8;2019-03-02;2019;3;9;61;2;5;1456;136;16;False
2019-03-02 17:00:00+00:00;True;0.78;10.88;47.5;2019-03-02;2019;3;9;61;2;5;1457;137;17;False
2019-03-02 18:00:00+00:00;True;0.74;2.34;52.9;2019-03-02;2019;3;9;61;2;5;1458;138;18;False
2019-03-02 19:00:00+00:00;True;0.99;2.27;54.2;2019-03-02;2019;3;9;61;2;5;1459;139;19;False
2019-03-02 20:00:00+00:00;True;1.1;2.53;40.8;2019-03-02;2019;3;9;61;2;5;1460;140;20;False
2019-03-02 21:00:00+00:00;True;1.42;2.28;41.6;2019-03-02;2019;3;9;61;2;5;1461;141;21;False
2019-03-02 22:00:00+00:00;True;1.35;2.15;27.2;2019-03-02;2019;3;9;61;2;5;1462;142;22;False
2019-03-02 23:00:00+00:00;True;1.16;1.41;26.3;2019-03-02;2019;3;9;61;2;5;1463;143;23;False
2019-03-03 00:00:00+00:00;True;1.23;2.32;31.1;2019-03-03;2019;3;9;62;3;6;1464;144;0;False
2019-03-03 01:00:00+00:00;True;0.72;2.54;36.1;2019-03-03;2019;3;9;62;3;6;1465;145;1;False
2019-03-03 02:00:00+00:00;True;-0.91;3.33;30.2;2019-03-03;2019;3;9;62;3;6;1466;146;2;False
2019-03-03 03:00:00+00:00;True;-1.43;3.61;38.8;2019-03-03;2019;3;9;62;3;6;1467;147;3;False
2019-03-03 04:00:00+00:00;True;-1.28;4.0;42.9;2019-03-03;2019;3;9;62;3;6;1468;148;4;False
2019-03-03 05:00:00+00:00;True;-1.13;4.25;33.6;2019-03-03;2019;3;9;62;3;6;1469;149;5;False
2019-03-03 06:00:00+00:00;True;-1.05;4.69;41.5;2019-03-03;2019;3;9;62;3;6;1470;150;6;False
2019-03-03 07:00:00+00:00;True;-1.1;21.46;46.0;2019-03-03;2019;3;9;62;3;6;1471;151;7;False
2019-03-03 08:00:00+00:00;True;-1.05;75.04;50.7;2019-03-03;2019;3;9;62;3;6;1472;152;8;False
2019-03-03 09:00:00+00:00;True;-0.76;98.28;56.7;2019-03-03;2019;3;9;62;3;6;1473;153;9;False
2019-03-03 10:00:00+00:00;True;-0.6;201.81;52.9;2019-03-03;2019;3;9;62;3;6;1474;154;10;False
2019-03-03 11:00:00+00:00;True;-0.29;316.13;44.5;2019-03-03;2019;3;9;62;3;6;1475;155;11;False
2019-03-03 12:00:00+00:00;True;0.47;448.24;48.4;2019-03-03;2019;3;9;62;3;6;1476;156;12;False
2019-03-03 13:00:00+00:00;True;1.0;384.68;45.2;2019-03-03;2019;3;9;62;3;6;1477;157;13;False
2019-03-03 14:00:00+00:00;True;0.8;227.49;41.3;2019-03-03;2019;3;9;62;3;6;1478;158;14;False
2019-03-03 15:00:00+00:00;True;-0.31;115.52;43.1;2019-03-03;2019;3;9;62;3;6;1479;159;15;False
2019-03-03 16:00:00+00:00;True;-1.22;49.46;39.4;2019-03-03;2019;3;9;62;3;6;1480;160;16;False
2019-03-03 17:00:00+00:00;True;-2.33;7.65;45.8;2019-03-03;2019;3;9;62;3;6;1481;161;17;False
2019-03-03 18:00:00+00:00;True;-2.95;2.52;53.9;2019-03-03;2019;3;9;62;3;6;1482;162;18;False
2019-03-03 19:00:00+00:00;True;-3.32;2.46;50.0;2019-03-03;2019;3;9;62;3;6;1483;163;19;False
2019-03-03 20:00:00+00:00;True;-3.23;1.69;47.9;2019-03-03;2019;3;9;62;3;6;1484;164;20;False
2019-03-03 21:00:00+00:00;True;-3.04;2.14;51.9;2019-03-03;2019;3;9;62;3;6;1485;165;21;False
2019-03-03 22:00:00+00:00;True;-3.02;2.91;49.8;2019-03-03;2019;3;9;62;3;6;1486;166;22;False
2019-03-03 23:00:00+00:00;True;-3.17;2.84;51.3;2019-03-03;2019;3;9;62;3;6;1487;167;23;False
2019-03-04 00:00:00+00:00;True;-3.23;3.72;50.3;2019-03-04;2019;3;10;63;4;0;1488;0;0;True
2019-03-04 01:00:00+00:00;True;-3.16;4.32;52.0;2019-03-04;2019;3;10;63;4;0;1489;1;1;True
2019-03-04 02:00:00+00:00;True;-3.08;4.75;55.1;2019-03-04;2019;3;10;63;4;0;1490;2;2;True
2019-03-04 03:00:00+00:00;True;-3.06;4.54;44.8;2019-03-04;2019;3;10;63;4;0;1491;3;3;True
2019-03-04 04:00:00+00:00;True;-3.15;4.57;54.9;2019-03-04;2019;3;10;63;4;0;1492;4;4;True
2019-03-04 05:00:00+00:00;True;-3.42;4.7;53.5;2019-03-04;2019;3;10;63;4;0;1493;5;5;True
2019-03-04 06:00:00+00:00;True;-3.66;4.99;54.7;2019-03-04;2019;3;10;63;4;0;1494;6;6;True
2019-03-04 07:00:00+00:00;True;-3.82;14.71;63.3;2019-03-04;2019;3;10;63;4;0;1495;7;7;True
2019-03-04 08:00:00+00:00;True;-3.77;36.82;55.3;2019-03-04;2019;3;10;63;4;0;1496;8;8;True
2019-03-04 09:00:00+00:00;True;-3.61;81.03;139.9;2019-03-04;2019;3;10;63;4;0;1497;9;9;True
2019-03-04 10:00:00+00:00;True;-3.44;136.26;128.4;2019-03-04;2019;3;10;63;4;0;1498;10;10;True
2019-03-04 11:00:00+00:00;True;-2.82;169.06;123.7;2019-03-04;2019;3;10;63;4;0;1499;11;11;True
2019-03-04 12:00:00+00:00;True;-2.16;171.64;130.5;2019-03-04;2019;3;10;63;4;0;1500;12;12;True
2019-03-04 13:00:00+00:00;True;-1.34;135.64;118.4;2019-03-04;2019;3;10;63;4;0;1501;13;13;True
2019-03-04 14:00:00+00:00;True;-1.02;97.31;121.7;2019-03-04;2019;3;10;63;4;0;1502;14;14;True
2019-03-04 15:00:00+00:00;True;-1.06;73.12;114.0;2019-03-04;2019;3;10;63;4;0;1503;15;15;True
2019-03-04 16:00:00+00:00;True;-1.14;43.59;122.0;2019-03-04;2019;3;10;63;4;0;1504;16;16;True
2019-03-04 17:00:00+00:00;True;-1.23;8.15;93.8;2019-03-04;2019;3;10;63;4;0;1505;17;17;True
2019-03-04 18:00:00+00:00;True;-1.38;2.67;49.6;2019-03-04;2019;3;10;63;4;0;1506;18;18;True
2019-03-04 19:00:00+00:00;True;-1.52;1.8;45.7;2019-03-04;2019;3;10;63;4;0;1507;19;19;True
2019-03-04 20:00:00+00:00;True;-1.35;1.46;46.5;2019-03-04;2019;3;10;63;4;0;1508;20;20;True
2019-03-04 21:00:00+00:00;True;-0.77;1.65;53.8;2019-03-04;2019;3;10;63;4;0;1509;21;21;True
2019-03-04 22:00:00+00:00;True;-0.21;2.62;28.1;2019-03-04;2019;3;10;63;4;0;1510;22;22;True
2019-03-04 23:00:00+00:00;True;0.38;3.11;38.0;2019-03-04;2019;3;10;63;4;0;1511;23;23;True
2019-03-05 00:00:00+00:00;True;0.76;3.23;31.8;2019-03-05;2019;3;10;64;5;1;1512;24;0;True
2019-03-05 01:00:00+00:00;True;1.34;3.14;23.1;2019-03-05;2019;3;10;64;5;1;1513;25;1;True
2019-03-05 02:00:00+00:00;True;3.46;2.91;22.9;2019-03-05;2019;3;10;64;5;1;1514;26;2;True
2019-03-05 03:00:00+00:00;True;4.22;3.22;33.9;2019-03-05;2019;3;10;64;5;1;1515;27;3;True
2019-03-05 04:00:00+00:00;True;4.35;3.81;18.8;2019-03-05;2019;3;10;64;5;1;1516;28;4;True
2019-03-05 05:00:00+00:00;True;4.05;4.16;36.0;2019-03-05;2019;3;10;64;5;1;1517;29;5;True
2019-03-05 06:00:00+00:00;True;3.72;3.95;40.2;2019-03-05;2019;3;10;64;5;1;1518;30;6;True
2019-03-05 07:00:00+00:00;True;3.5;31.58;26.0;2019-03-05;2019;3;10;64;5;1;1519;31;7;True
2019-03-05 08:00:00+00:00;True;3.58;79.6;25.6;2019-03-05;2019;3;10;64;5;1;1520;32;8;True
2019-03-05 09:00:00+00:00;True;3.67;86.69;95.6;2019-03-05;2019;3;10;64;5;1;1521;33;9;True
2019-03-05 10:00:00+00:00;True;3.75;175.1;98.3;2019-03-05;2019;3;10;64;5;1;1522;34;10;True
2019-03-05 11:00:00+00:00;True;3.82;192.6;95.1;2019-03-05;2019;3;10;64;5;1;1523;35;11;True
2019-03-05 12:00:00+00:00;True;2.71;94.36;85.3;2019-03-05;2019;3;10;64;5;1;1524;36;12;True
2019-03-05 13:00:00+00:00;True;-0.2;112.92;126.3;2019-03-05;2019;3;10;64;5;1;1525;37;13;True
2019-03-05 14:00:00+00:00;True;-0.99;93.28;123.1;2019-03-05;2019;3;10;64;5;1;1526;38;14;True
2019-03-05 15:00:00+00:00;True;-1.52;45.59;136.5;2019-03-05;2019;3;10;64;5;1;1527;39;15;True
2019-03-05 16:00:00+00:00;True;-2.32;30.59;138.5;2019-03-05;2019;3;10;64;5;1;1528;40;16;True
2019-03-05 17:00:00+00:00;True;-2.68;8.93;121.3;2019-03-05;2019;3;10;64;5;1;1529;41;17;True
2019-03-05 18:00:00+00:00;True;-3.02;2.22;66.0;2019-03-05;2019;3;10;64;5;1;1530;42;18;True
2019-03-05 19:00:00+00:00;True;-3.47;2.49;75.0;2019-03-05;2019;3;10;64;5;1;1531;43;19;True
2019-03-05 20:00:00+00:00;True;-4.03;1.68;75.9;2019-03-05;2019;3;10;64;5;1;1532;44;20;True
2019-03-05 21:00:00+00:00;True;-4.62;1.61;77.1;2019-03-05;2019;3;10;64;5;1;1533;45;21;True
2019-03-05 22:00:00+00:00;True;-5.31;1.23;45.7;2019-03-05;2019;3;10;64;5;1;1534;46;22;True
2019-03-05 23:00:00+00:00;True;-6.09;2.84;48.6;2019-03-05;2019;3;10;64;5;1;1535;47;23;True
2019-03-06 00:00:00+00:00;True;-6.65;3.31;59.7;2019-03-06;2019;3;10;65;6;2;1536;48;0;True
2019-03-06 01:00:00+00:00;True;-7.24;4.18;57.9;2019-03-06;2019;3;10;65;6;2;1537;49;1;True
2019-03-06 02:00:00+00:00;True;-7.99;4.33;60.1;2019-03-06;2019;3;10;65;6;2;1538;50;2;True
2019-03-06 03:00:00+00:00;True;-8.69;5.09;64.2;2019-03-06;2019;3;10;65;6;2;1539;51;3;True
2019-03-06 04:00:00+00:00;True;-9.22;4.35;63.2;2019-03-06;2019;3;10;65;6;2;1540;52;4;True
2019-03-06 05:00:00+00:00;True;-9.76;4.6;63.6;2019-03-06;2019;3;10;65;6;2;1541;53;5;True
2019-03-06 06:00:00+00:00;True;-10.23;5.79;66.6;2019-03-06;2019;3;10;65;6;2;1542;54;6;True
2019-03-06 07:00:00+00:00;True;-10.5;50.92;85.2;2019-03-06;2019;3;10;65;6;2;1543;55;7;True
2019-03-06 08:00:00+00:00;True;-9.75;170.54;85.8;2019-03-06;2019;3;10;65;6;2;1544;56;8;True
2019-03-06 09:00:00+00:00;True;-8.62;295.96;178.8;2019-03-06;2019;3;10;65;6;2;1545;57;9;True
2019-03-06 10:00:00+00:00;True;-7.13;393.04;183.1;2019-03-06;2019;3;10;65;6;2;1546;58;10;True
2019-03-06 11:00:00+00:00;True;-6.05;455.14;171.8;2019-03-06;2019;3;10;65;6;2;1547;59;11;True
2019-03-06 12:00:00+00:00;True;-5.1;471.6;171.8;2019-03-06;2019;3;10;65;6;2;1548;60;12;True
2019-03-06 13:00:00+00:00;True;-4.18;443.69;167.2;2019-03-06;2019;3;10;65;6;2;1549;61;13;True
2019-03-06 14:00:00+00:00;True;-3.63;375.82;140.8;2019-03-06;2019;3;10;65;6;2;1550;62;14;True
2019-03-06 15:00:00+00:00;True;-3.16;272.89;142.2;2019-03-06;2019;3;10;65;6;2;1551;63;15;True
2019-03-06 16:00:00+00:00;True;-3.23;119.99;143.8;2019-03-06;2019;3;10;65;6;2;1552;64;16;True
2019-03-06 17:00:00+00:00;True;-3.32;23.11;130.0;2019-03-06;2019;3;10;65;6;2;1553;65;17;True
2019-03-06 18:00:00+00:00;True;-3.52;2.68;102.0;2019-03-06;2019;3;10;65;6;2;1554;66;18;True
2019-03-06 19:00:00+00:00;True;-4.0;2.27;72.4;2019-03-06;2019;3;10;65;6;2;1555;67;19;True
2019-03-06 20:00:00+00:00;True;-4.11;2.78;74.6;2019-03-06;2019;3;10;65;6;2;1556;68;20;True
2019-03-06 21:00:00+00:00;True;-3.97;3.01;77.4;2019-03-06;2019;3;10;65;6;2;1557;69;21;True
2019-03-06 22:00:00+00:00;True;-3.69;2.52;42.0;2019-03-06;2019;3;10;65;6;2;1558;70;22;True
2019-03-06 23:00:00+00:00;True;-3.6;2.12;44.7;2019-03-06;2019;3;10;65;6;2;1559;71;23;True
2019-03-07 00:00:00+00:00;True;-4.0;2.76;58.3;2019-03-07;2019;3;10;66;7;3;1560;72;0;True
2019-03-07 01:00:00+00:00;True;-4.2;3.12;54.7;2019-03-07;2019;3;10;66;7;3;1561;73;1;True
2019-03-07 02:00:00+00:00;True;-4.3;4.16;57.3;2019-03-07;2019;3;10;66;7;3;1562;74;2;True
2019-03-07 03:00:00+00:00;True;-3.8;4.47;47.3;2019-03-07;2019;3;10;66;7;3;1563;75;3;True
2019-03-07 04:00:00+00:00;True;-3.87;4.79;44.6;2019-03-07;2019;3;10;66;7;3;1564;76;4;True
2019-03-07 05:00:00+00:00;True;-3.7;4.36;53.3;2019-03-07;2019;3;10;66;7;3;1565;77;5;True
2019-03-07 06:00:00+00:00;True;-3.43;5.45;54.8;2019-03-07;2019;3;10;66;7;3;1566;78;6;True
2019-03-07 07:00:00+00:00;True;-3.43;30.64;61.5;2019-03-07;2019;3;10;66;7;3;1567;79;7;True
2019-03-07 08:00:00+00:00;True;-2.97;91.81;62.3;2019-03-07;2019;3;10;66;7;3;1568;80;8;True
2019-03-07 09:00:00+00:00;True;-2.05;116.09;145.5;2019-03-07;2019;3;10;66;7;3;1569;81;9;True
2019-03-07 10:00:00+00:00;True;-0.61;155.04;131.7;2019-03-07;2019;3;10;66;7;3;1570;82;10;True
2019-03-07 11:00:00+00:00;True;0.34;160.39;115.1;2019-03-07;2019;3;10;66;7;3;1571;83;11;True
2019-03-07 12:00:00+00:00;True;1.36;176.3;115.0;2019-03-07;2019;3;10;66;7;3;1572;84;12;True
2019-03-07 13:00:00+00:00;True;1.83;113.79;128.8;2019-03-07;2019;3;10;66;7;3;1573;85;13;True
2019-03-07 14:00:00+00:00;True;1.89;64.88;112.4;2019-03-07;2019;3;10;66;7;3;1574;86;14;True
2019-03-07 15:00:00+00:00;True;2.26;50.43;116.5;2019-03-07;2019;3;10;66;7;3;1575;87;15;True
2019-03-07 16:00:00+00:00;True;3.1;20.28;130.0;2019-03-07;2019;3;10;66;7;3;1576;88;16;True
2019-03-07 17:00:00+00:00;True;2.91;6.34;89.4;2019-03-07;2019;3;10;66;7;3;1577;89;17;True
2019-03-07 18:00:00+00:00;True;2.14;1.73;54.8;2019-03-07;2019;3;10;66;7;3;1578;90;18;True
2019-03-07 19:00:00+00:00;True;1.74;1.44;46.2;2019-03-07;2019;3;10;66;7;3;1579;91;19;True
2019-03-07 20:00:00+00:00;True;1.9;2.03;50.8;2019-03-07;2019;3;10;66;7;3;1580;92;20;True
2019-03-07 21:00:00+00:00;True;2.48;1.6;54.9;2019-03-07;2019;3;10;66;7;3;1581;93;21;True
2019-03-07 22:00:00+00:00;True;2.94;1.96;44.3;2019-03-07;2019;3;10;66;7;3;1582;94;22;True
2019-03-07 23:00:00+00:00;True;3.18;2.52;32.6;2019-03-07;2019;3;10;66;7;3;1583;95;23;True
2019-03-08 00:00:00+00:00;True;3.46;3.51;38.2;2019-03-08;2019;3;10;67;8;4;1584;96;0;True
2019-03-08 01:00:00+00:00;True;3.4;3.39;26.6;2019-03-08;2019;3;10;67;8;4;1585;97;1;True
2019-03-08 02:00:00+00:00;True;3.82;3.26;26.4;2019-03-08;2019;3;10;67;8;4;1586;98;2;True
2019-03-08 03:00:00+00:00;True;4.25;3.42;33.2;2019-03-08;2019;3;10;67;8;4;1587;99;3;True
2019-03-08 04:00:00+00:00;True;4.07;3.51;47.7;2019-03-08;2019;3;10;67;8;4;1588;100;4;True
2019-03-08 05:00:00+00:00;True;3.84;3.13;27.2;2019-03-08;2019;3;10;67;8;4;1589;101;5;True
2019-03-08 06:00:00+00:00;True;3.97;4.47;45.5;2019-03-08;2019;3;10;67;8;4;1590;102;6;True
2019-03-08 07:00:00+00:00;True;3.79;30.95;44.1;2019-03-08;2019;3;10;67;8;4;1591;103;7;True
2019-03-08 08:00:00+00:00;True;4.32;160.37;53.0;2019-03-08;2019;3;10;67;8;4;1592;104;8;True
2019-03-08 09:00:00+00:00;True;5.47;280.94;96.8;2019-03-08;2019;3;10;67;8;4;1593;105;9;True
2019-03-08 10:00:00+00:00;True;6.51;343.93;85.5;2019-03-08;2019;3;10;67;8;4;1594;106;10;True
2019-03-08 11:00:00+00:00;True;7.62;402.06;65.6;2019-03-08;2019;3;10;67;8;4;1595;107;11;True
2019-03-08 12:00:00+00:00;True;8.13;355.27;77.3;2019-03-08;2019;3;10;67;8;4;1596;108;12;True
2019-03-08 13:00:00+00:00;True;8.78;314.01;75.1;2019-03-08;2019;3;10;67;8;4;1597;109;13;True
2019-03-08 14:00:00+00:00;True;8.87;133.28;69.6;2019-03-08;2019;3;10;67;8;4;1598;110;14;True
2019-03-08 15:00:00+00:00;True;8.33;78.66;68.2;2019-03-08;2019;3;10;67;8;4;1599;111;15;True
2019-03-08 16:00:00+00:00;True;8.51;85.58;83.2;2019-03-08;2019;3;10;67;8;4;1600;112;16;True
2019-03-08 17:00:00+00:00;True;8.52;9.81;54.5;2019-03-08;2019;3;10;67;8;4;1601;113;17;True
2019-03-08 18:00:00+00:00;True;4.98;1.63;31.1;2019-03-08;2019;3;10;67;8;4;1602;114;18;True
2019-03-08 19:00:00+00:00;True;4.52;0.93;51.4;2019-03-08;2019;3;10;67;8;4;1603;115;19;True
2019-03-08 20:00:00+00:00;True;4.72;2.16;46.3;2019-03-08;2019;3;10;67;8;4;1604;116;20;True
2019-03-08 21:00:00+00:00;True;4.43;2.74;36.5;2019-03-08;2019;3;10;67;8;4;1605;117;21;True
2019-03-08 22:00:00+00:00;True;4.11;2.22;19.0;2019-03-08;2019;3;10;67;8;4;1606;118;22;True
2019-03-08 23:00:00+00:00;True;3.14;2.56;38.0;2019-03-08;2019;3;10;67;8;4;1607;119;23;True
2019-03-09 00:00:00+00:00;True;1.93;2.92;31.1;2019-03-09;2019;3;10;68;9;5;1608;120;0;False
2019-03-09 01:00:00+00:00;True;1.12;3.59;28.3;2019-03-09;2019;3;10;68;9;5;1609;121;1;False
2019-03-09 02:00:00+00:00;True;0.71;4.0;30.9;2019-03-09;2019;3;10;68;9;5;1610;122;2;False
2019-03-09 03:00:00+00:00;True;0.31;4.41;31.4;2019-03-09;2019;3;10;68;9;5;1611;123;3;False
2019-03-09 04:00:00+00:00;True;-0.26;4.92;39.2;2019-03-09;2019;3;10;68;9;5;1612;124;4;False
2019-03-09 05:00:00+00:00;True;-0.82;5.2;45.1;2019-03-09;2019;3;10;68;9;5;1613;125;5;False
2019-03-09 06:00:00+00:00;True;-0.75;5.98;40.3;2019-03-09;2019;3;10;68;9;5;1614;126;6;False
2019-03-09 07:00:00+00:00;True;0.2;51.98;39.3;2019-03-09;2019;3;10;68;9;5;1615;127;7;False
2019-03-09 08:00:00+00:00;True;0.67;131.62;60.6;2019-03-09;2019;3;10;68;9;5;1616;128;8;False
2019-03-09 09:00:00+00:00;True;1.31;186.08;41.2;2019-03-09;2019;3;10;68;9;5;1617;129;9;False
2019-03-09 10:00:00+00:00;True;1.83;264.38;43.2;2019-03-09;2019;3;10;68;9;5;1618;130;10;False
2019-03-09 11:00:00+00:00;True;2.51;372.18;33.3;2019-03-09;2019;3;10;68;9;5;1619;131;11;False
2019-03-09 12:00:00+00:00;True;3.06;422.92;29.1;2019-03-09;2019;3;10;68;9;5;1620;132;12;False
2019-03-09 13:00:00+00:00;True;3.23;284.8;36.8;2019-03-09;2019;3;10;68;9;5;1621;133;13;False
2019-03-09 14:00:00+00:00;True;3.67;238.72;31.0;2019-03-09;2019;3;10;68;9;5;1622;134;14;False
2019-03-09 15:00:00+00:00;True;3.19;92.44;45.7;2019-03-09;2019;3;10;68;9;5;1623;135;15;False
2019-03-09 16:00:00+00:00;True;2.4;61.12;43.6;2019-03-09;2019;3;10;68;9;5;1624;136;16;False
2019-03-09 17:00:00+00:00;True;2.42;22.39;35.7;2019-03-09;2019;3;10;68;9;5;1625;137;17;False
2019-03-09 18:00:00+00:00;True;3.03;2.16;36.0;2019-03-09;2019;3;10;68;9;5;1626;138;18;False
2019-03-09 19:00:00+00:00;True;2.7;1.56;45.8;2019-03-09;2019;3;10;68;9;5;1627;139;19;False
2019-03-09 20:00:00+00:00;True;2.28;1.96;37.0;2019-03-09;2019;3;10;68;9;5;1628;140;20;False
2019-03-09 21:00:00+00:00;True;2.43;1.73;46.6;2019-03-09;2019;3;10;68;9;5;1629;141;21;False
2019-03-09 22:00:00+00:00;True;2.01;1.78;22.1;2019-03-09;2019;3;10;68;9;5;1630;142;22;False
2019-03-09 23:00:00+00:00;True;2.0;2.65;20.1;2019-03-09;2019;3;10;68;9;5;1631;143;23;False
2019-03-10 00:00:00+00:00;True;1.65;2.85;19.7;2019-03-10;2019;3;10;69;10;6;1632;144;0;False
2019-03-10 01:00:00+00:00;True;1.44;2.97;22.4;2019-03-10;2019;3;10;69;10;6;1633;145;1;False
2019-03-10 02:00:00+00:00;True;1.81;3.36;21.5;2019-03-10;2019;3;10;69;10;6;1634;146;2;False
2019-03-10 03:00:00+00:00;True;2.32;3.91;34.6;2019-03-10;2019;3;10;69;10;6;1635;147;3;False
2019-03-10 04:00:00+00:00;True;2.38;4.15;22.4;2019-03-10;2019;3;10;69;10;6;1636;148;4;False
2019-03-10 05:00:00+00:00;True;2.25;4.29;28.9;2019-03-10;2019;3;10;69;10;6;1637;149;5;False
2019-03-10 06:00:00+00:00;True;2.35;4.69;35.3;2019-03-10;2019;3;10;69;10;6;1638;150;6;False
2019-03-10 07:00:00+00:00;True;2.37;20.58;29.3;2019-03-10;2019;3;10;69;10;6;1639;151;7;False
2019-03-10 08:00:00+00:00;True;2.59;94.51;40.7;2019-03-10;2019;3;10;69;10;6;1640;152;8;False
2019-03-10 09:00:00+00:00;True;2.82;102.81;34.5;2019-03-10;2019;3;10;69;10;6;1641;153;9;False
2019-03-10 10:00:00+00:00;True;2.98;145.46;38.0;2019-03-10;2019;3;10;69;10;6;1642;154;10;False
2019-03-10 11:00:00+00:00;True;2.9;155.44;33.1;2019-03-10;2019;3;10;69;10;6;1643;155;11;False
2019-03-10 12:00:00+00:00;True;2.91;143.75;39.1;2019-03-10;2019;3;10;69;10;6;1644;156;12;False
2019-03-10 13:00:00+00:00;True;3.12;139.03;26.4;2019-03-10;2019;3;10;69;10;6;1645;157;13;False
2019-03-10 14:00:00+00:00;True;2.49;100.78;33.1;2019-03-10;2019;3;10;69;10;6;1646;158;14;False
2019-03-10 15:00:00+00:00;True;1.76;59.43;33.5;2019-03-10;2019;3;10;69;10;6;1647;159;15;False
2019-03-10 16:00:00+00:00;True;0.83;34.85;33.7;2019-03-10;2019;3;10;69;10;6;1648;160;16;False
2019-03-10 17:00:00+00:00;True;0.26;12.15;47.8;2019-03-10;2019;3;10;69;10;6;1649;161;17;False
2019-03-10 18:00:00+00:00;True;-0.06;2.66;39.8;2019-03-10;2019;3;10;69;10;6;1650;162;18;False
2019-03-10 19:00:00+00:00;True;-0.24;1.73;43.8;2019-03-10;2019;3;10;69;10;6;1651;163;19;False
2019-03-10 20:00:00+00:00;True;-0.4;1.97;41.8;2019-03-10;2019;3;10;69;10;6;1652;164;20;False
2019-03-10 21:00:00+00:00;True;-0.69;1.78;54.2;2019-03-10;2019;3;10;69;10;6;1653;165;21;False
2019-03-10 22:00:00+00:00;True;-1.13;2.21;47.5;2019-03-10;2019;3;10;69;10;6;1654;166;22;False
2019-03-10 23:00:00+00:00;True;-1.28;3.25;34.4;2019-03-10;2019;3;10;69;10;6;1655;167;23;False
2019-03-11 00:00:00+00:00;True;-1.31;3.96;37.0;2019-03-11;2019;3;11;70;11;0;1656;0;0;True
2019-03-11 01:00:00+00:00;True;-1.4;4.09;39.0;2019-03-11;2019;3;11;70;11;0;1657;1;1;True
2019-03-11 02:00:00+00:00;True;-2.01;4.59;37.6;2019-03-11;2019;3;11;70;11;0;1658;2;2;True
2019-03-11 03:00:00+00:00;True;-2.69;4.19;44.3;2019-03-11;2019;3;11;70;11;0;1659;3;3;True
2019-03-11 04:00:00+00:00;True;-3.34;4.84;43.3;2019-03-11;2019;3;11;70;11;0;1660;4;4;True
2019-03-11 05:00:00+00:00;True;-3.86;4.45;43.1;2019-03-11;2019;3;11;70;11;0;1661;5;5;True
2019-03-11 06:00:00+00:00;True;-4.29;7.22;53.4;2019-03-11;2019;3;11;70;11;0;1662;6;6;True
2019-03-11 07:00:00+00:00;True;-4.08;73.2;61.6;2019-03-11;2019;3;11;70;11;0;1663;7;7;True
2019-03-11 08:00:00+00:00;True;-3.34;185.61;59.5;2019-03-11;2019;3;11;70;11;0;1664;8;8;True
2019-03-11 09:00:00+00:00;True;-3.0;208.67;129.1;2019-03-11;2019;3;11;70;11;0;1665;9;9;True
2019-03-11 10:00:00+00:00;True;-2.51;258.59;123.9;2019-03-11;2019;3;11;70;11;0;1666;10;10;True
2019-03-11 11:00:00+00:00;True;-2.15;360.13;117.4;2019-03-11;2019;3;11;70;11;0;1667;11;11;True
2019-03-11 12:00:00+00:00;True;-3.26;266.23;126.8;2019-03-11;2019;3;11;70;11;0;1668;12;12;True
2019-03-11 13:00:00+00:00;True;-3.11;362.13;128.4;2019-03-11;2019;3;11;70;11;0;1669;13;13;True
2019-03-11 14:00:00+00:00;True;-3.24;301.1;119.8;2019-03-11;2019;3;11;70;11;0;1670;14;14;True
2019-03-11 15:00:00+00:00;True;-3.41;197.73;125.0;2019-03-11;2019;3;11;70;11;0;1671;15;15;True
2019-03-11 16:00:00+00:00;True;-2.72;145.06;124.8;2019-03-11;2019;3;11;70;11;0;1672;16;16;True
2019-03-11 17:00:00+00:00;True;-2.79;37.34;102.1;2019-03-11;2019;3;11;70;11;0;1673;17;17;True
2019-03-11 18:00:00+00:00;True;-3.06;3.44;50.4;2019-03-11;2019;3;11;70;11;0;1674;18;18;True
2019-03-11 19:00:00+00:00;True;-4.09;1.68;66.5;2019-03-11;2019;3;11;70;11;0;1675;19;19;True
2019-03-11 20:00:00+00:00;True;-4.26;1.69;55.6;2019-03-11;2019;3;11;70;11;0;1676;20;20;True
2019-03-11 21:00:00+00:00;True;-4.28;2.26;62.4;2019-03-11;2019;3;11;70;11;0;1677;21;21;True
2019-03-11 22:00:00+00:00;True;-4.48;3.83;29.9;2019-03-11;2019;3;11;70;11;0;1678;22;22;True
2019-03-11 23:00:00+00:00;True;-4.63;3.75;35.8;2019-03-11;2019;3;11;70;11;0;1679;23;23;True
2019-03-12 00:00:00+00:00;True;-4.4;4.7;44.7;2019-03-12;2019;3;11;71;12;1;1680;24;0;True
2019-03-12 01:00:00+00:00;True;-4.58;5.2;34.9;2019-03-12;2019;3;11;71;12;1;1681;25;1;True
2019-03-12 02:00:00+00:00;True;-4.55;5.63;43.6;2019-03-12;2019;3;11;71;12;1;1682;26;2;True
2019-03-12 03:00:00+00:00;True;-4.89;5.41;47.1;2019-03-12;2019;3;11;71;12;1;1683;27;3;True
2019-03-12 04:00:00+00:00;True;-5.78;5.44;40.9;2019-03-12;2019;3;11;71;12;1;1684;28;4;True
2019-03-12 05:00:00+00:00;True;-6.25;5.9;44.1;2019-03-12;2019;3;11;71;12;1;1685;29;5;True
2019-03-12 06:00:00+00:00;True;-6.27;8.23;49.3;2019-03-12;2019;3;11;71;12;1;1686;30;6;True
2019-03-12 07:00:00+00:00;True;-6.51;61.3;56.4;2019-03-12;2019;3;11;71;12;1;1687;31;7;True
2019-03-12 08:00:00+00:00;True;-6.21;187.26;62.1;2019-03-12;2019;3;11;71;12;1;1688;32;8;True
2019-03-12 09:00:00+00:00;True;-5.28;326.03;178.5;2019-03-12;2019;3;11;71;12;1;1689;33;9;True
2019-03-12 10:00:00+00:00;True;-4.45;284.26;148.3;2019-03-12;2019;3;11;71;12;1;1690;34;10;True
2019-03-12 11:00:00+00:00;True;-4.01;265.97;147.3;2019-03-12;2019;3;11;71;12;1;1691;35;11;True
2019-03-12 12:00:00+00:00;True;-3.66;292.34;157.3;2019-03-12;2019;3;11;71;12;1;1692;36;12;True
2019-03-12 13:00:00+00:00;True;-3.24;271.93;147.0;2019-03-12;2019;3;11;71;12;1;1693;37;13;True
2019-03-12 14:00:00+00:00;True;-3.0;222.34;151.1;2019-03-12;2019;3;11;71;12;1;1694;38;14;True
2019-03-12 15:00:00+00:00;True;-2.71;138.86;161.7;2019-03-12;2019;3;11;71;12;1;1695;39;15;True
2019-03-12 16:00:00+00:00;True;-2.38;137.78;141.9;2019-03-12;2019;3;11;71;12;1;1696;40;16;True
2019-03-12 17:00:00+00:00;True;-2.43;47.48;126.2;2019-03-12;2019;3;11;71;12;1;1697;41;17;True
2019-03-12 18:00:00+00:00;True;-2.62;3.24;62.4;2019-03-12;2019;3;11;71;12;1;1698;42;18;True
2019-03-12 19:00:00+00:00;True;-2.71;2.83;68.3;2019-03-12;2019;3;11;71;12;1;1699;43;19;True
2019-03-12 20:00:00+00:00;True;-2.92;2.39;65.2;2019-03-12;2019;3;11;71;12;1;1700;44;20;True
2019-03-12 21:00:00+00:00;True;-3.08;1.79;62.3;2019-03-12;2019;3;11;71;12;1;1701;45;21;True
2019-03-12 22:00:00+00:00;True;-3.12;2.83;46.1;2019-03-12;2019;3;11;71;12;1;1702;46;22;True
2019-03-12 23:00:00+00:00;True;-3.03;3.91;52.7;2019-03-12;2019;3;11;71;12;1;1703;47;23;True
2019-03-13 00:00:00+00:00;True;-3.11;4.78;39.0;2019-03-13;2019;3;11;72;13;2;1704;48;0;True
2019-03-13 01:00:00+00:00;True;-3.24;5.0;42.4;2019-03-13;2019;3;11;72;13;2;1705;49;1;True
2019-03-13 02:00:00+00:00;True;-3.52;5.34;52.7;2019-03-13;2019;3;11;72;13;2;1706;50;2;True
2019-03-13 03:00:00+00:00;True;-3.56;5.67;46.6;2019-03-13;2019;3;11;72;13;2;1707;51;3;True
2019-03-13 04:00:00+00:00;True;-3.62;5.65;42.1;2019-03-13;2019;3;11;72;13;2;1708;52;4;True
2019-03-13 05:00:00+00:00;True;-3.61;5.87;42.9;2019-03-13;2019;3;11;72;13;2;1709;53;5;True
2019-03-13 06:00:00+00:00;True;-3.7;7.05;48.5;2019-03-13;2019;3;11;72;13;2;1710;54;6;True
2019-03-13 07:00:00+00:00;True;-3.4;33.57;51.4;2019-03-13;2019;3;11;72;13;2;1711;55;7;True
2019-03-13 08:00:00+00:00;True;-3.03;105.32;66.3;2019-03-13;2019;3;11;72;13;2;1712;56;8;True
2019-03-13 09:00:00+00:00;True;-2.07;173.21;139.2;2019-03-13;2019;3;11;72;13;2;1713;57;9;True
2019-03-13 10:00:00+00:00;True;-1.7;235.75;124.8;2019-03-13;2019;3;11;72;13;2;1714;58;10;True
2019-03-13 11:00:00+00:00;True;-1.25;376.63;121.6;2019-03-13;2019;3;11;72;13;2;1715;59;11;True
2019-03-13 12:00:00+00:00;True;-0.4;504.78;127.6;2019-03-13;2019;3;11;72;13;2;1716;60;12;True
2019-03-13 13:00:00+00:00;True;0.45;479.26;117.5;2019-03-13;2019;3;11;72;13;2;1717;61;13;True
2019-03-13 14:00:00+00:00;True;1.05;364.05;122.6;2019-03-13;2019;3;11;72;13;2;1718;62;14;True
2019-03-13 15:00:00+00:00;True;1.45;246.03;115.5;2019-03-13;2019;3;11;72;13;2;1719;63;15;True
2019-03-13 16:00:00+00:00;True;1.21;108.98;128.4;2019-03-13;2019;3;11;72;13;2;1720;64;16;True
2019-03-13 17:00:00+00:00;True;0.08;33.17;107.3;2019-03-13;2019;3;11;72;13;2;1721;65;17;True
2019-03-13 18:00:00+00:00;True;-0.56;3.77;57.1;2019-03-13;2019;3;11;72;13;2;1722;66;18;True
2019-03-13 19:00:00+00:00;True;-0.32;2.74;98.5;2019-03-13;2019;3;11;72;13;2;1723;67;19;True
2019-03-13 20:00:00+00:00;True;-0.39;2.58;63.5;2019-03-13;2019;3;11;72;13;2;1724;68;20;True
2019-03-13 21:00:00+00:00;True;-0.18;1.45;49.8;2019-03-13;2019;3;11;72;13;2;1725;69;21;True
2019-03-13 22:00:00+00:00;True;0.04;2.13;38.3;2019-03-13;2019;3;11;72;13;2;1726;70;22;True
2019-03-13 23:00:00+00:00;True;-0.58;3.07;37.7;2019-03-13;2019;3;11;72;13;2;1727;71;23;True
2019-03-14 00:00:00+00:00;True;-0.95;4.05;44.5;2019-03-14;2019;3;11;73;14;3;1728;72;0;True
2019-03-14 01:00:00+00:00;True;-0.92;4.43;50.5;2019-03-14;2019;3;11;73;14;3;1729;73;1;True
2019-03-14 02:00:00+00:00;True;-0.68;3.94;35.2;2019-03-14;2019;3;11;73;14;3;1730;74;2;True
2019-03-14 03:00:00+00:00;True;-0.38;3.91;34.9;2019-03-14;2019;3;11;73;14;3;1731;75;3;True
2019-03-14 04:00:00+00:00;True;-0.42;4.29;47.5;2019-03-14;2019;3;11;73;14;3;1732;76;4;True
2019-03-14 05:00:00+00:00;True;-0.26;4.45;48.1;2019-03-14;2019;3;11;73;14;3;1733;77;5;True
2019-03-14 06:00:00+00:00;True;0.15;6.71;34.7;2019-03-14;2019;3;11;73;14;3;1734;78;6;True
2019-03-14 07:00:00+00:00;True;0.42;39.92;43.9;2019-03-14;2019;3;11;73;14;3;1735;79;7;True
2019-03-14 08:00:00+00:00;True;0.32;118.02;56.7;2019-03-14;2019;3;11;73;14;3;1736;80;8;True
2019-03-14 09:00:00+00:00;True;0.7;160.98;118.4;2019-03-14;2019;3;11;73;14;3;1737;81;9;True
2019-03-14 10:00:00+00:00;True;1.24;153.12;109.0;2019-03-14;2019;3;11;73;14;3;1738;82;10;True
2019-03-14 11:00:00+00:00;True;1.87;181.44;101.9;2019-03-14;2019;3;11;73;14;3;1739;83;11;True
2019-03-14 12:00:00+00:00;True;3.12;331.96;100.4;2019-03-14;2019;3;11;73;14;3;1740;84;12;True
2019-03-14 13:00:00+00:00;True;4.29;212.92;91.3;2019-03-14;2019;3;11;73;14;3;1741;85;13;True
2019-03-14 14:00:00+00:00;True;5.02;189.05;96.1;2019-03-14;2019;3;11;73;14;3;1742;86;14;True
2019-03-14 15:00:00+00:00;True;5.44;183.29;101.7;2019-03-14;2019;3;11;73;14;3;1743;87;15;True
2019-03-14 16:00:00+00:00;True;5.58;91.86;90.2;2019-03-14;2019;3;11;73;14;3;1744;88;16;True
2019-03-14 17:00:00+00:00;True;4.83;29.51;75.5;2019-03-14;2019;3;11;73;14;3;1745;89;17;True
2019-03-14 18:00:00+00:00;True;4.01;1.65;45.5;2019-03-14;2019;3;11;73;14;3;1746;90;18;True
2019-03-14 19:00:00+00:00;True;3.5;0.95;53.9;2019-03-14;2019;3;11;73;14;3;1747;91;19;True
2019-03-14 20:00:00+00:00;True;3.12;0.84;37.9;2019-03-14;2019;3;11;73;14;3;1748;92;20;True
2019-03-14 21:00:00+00:00;True;3.28;1.15;50.9;2019-03-14;2019;3;11;73;14;3;1749;93;21;True
2019-03-14 22:00:00+00:00;True;2.87;1.18;31.8;2019-03-14;2019;3;11;73;14;3;1750;94;22;True
2019-03-14 23:00:00+00:00;True;2.72;2.06;27.1;2019-03-14;2019;3;11;73;14;3;1751;95;23;True
2019-03-15 00:00:00+00:00;True;2.54;3.04;26.4;2019-03-15;2019;3;11;74;15;4;1752;96;0;True
2019-03-15 01:00:00+00:00;True;2.6;3.36;37.8;2019-03-15;2019;3;11;74;15;4;1753;97;1;True
2019-03-15 02:00:00+00:00;True;2.67;3.49;32.6;2019-03-15;2019;3;11;74;15;4;1754;98;2;True
2019-03-15 03:00:00+00:00;True;2.39;3.96;29.0;2019-03-15;2019;3;11;74;15;4;1755;99;3;True
2019-03-15 04:00:00+00:00;True;2.32;3.84;29.3;2019-03-15;2019;3;11;74;15;4;1756;100;4;True
2019-03-15 05:00:00+00:00;True;2.3;2.9;29.6;2019-03-15;2019;3;11;74;15;4;1757;101;5;True
2019-03-15 06:00:00+00:00;True;1.92;6.09;34.6;2019-03-15;2019;3;11;74;15;4;1758;102;6;True
2019-03-15 07:00:00+00:00;True;1.82;29.32;46.6;2019-03-15;2019;3;11;74;15;4;1759;103;7;True
2019-03-15 08:00:00+00:00;True;2.54;194.89;43.5;2019-03-15;2019;3;11;74;15;4;1760;104;8;True
2019-03-15 09:00:00+00:00;True;4.16;324.13;113.5;2019-03-15;2019;3;11;74;15;4;1761;105;9;True
2019-03-15 10:00:00+00:00;True;4.4;244.0;89.0;2019-03-15;2019;3;11;74;15;4;1762;106;10;True
2019-03-15 11:00:00+00:00;True;4.83;322.21;96.8;2019-03-15;2019;3;11;74;15;4;1763;107;11;True
2019-03-15 12:00:00+00:00;True;4.96;257.11;99.6;2019-03-15;2019;3;11;74;15;4;1764;108;12;True
2019-03-15 13:00:00+00:00;True;4.82;189.9;90.6;2019-03-15;2019;3;11;74;15;4;1765;109;13;True
2019-03-15 14:00:00+00:00;True;5.28;142.73;77.7;2019-03-15;2019;3;11;74;15;4;1766;110;14;True
2019-03-15 15:00:00+00:00;True;6.41;257.73;77.5;2019-03-15;2019;3;11;74;15;4;1767;111;15;True
2019-03-15 16:00:00+00:00;True;6.79;124.44;85.9;2019-03-15;2019;3;11;74;15;4;1768;112;16;True
2019-03-15 17:00:00+00:00;True;6.35;46.92;67.3;2019-03-15;2019;3;11;74;15;4;1769;113;17;True
2019-03-15 18:00:00+00:00;True;5.25;3.34;77.9;2019-03-15;2019;3;11;74;15;4;1770;114;18;True
2019-03-15 19:00:00+00:00;True;4.32;1.39;31.7;2019-03-15;2019;3;11;74;15;4;1771;115;19;True
2019-03-15 20:00:00+00:00;True;3.79;1.53;24.4;2019-03-15;2019;3;11;74;15;4;1772;116;20;True
2019-03-15 21:00:00+00:00;True;3.83;1.7;23.5;2019-03-15;2019;3;11;74;15;4;1773;117;21;True
2019-03-15 22:00:00+00:00;True;3.53;1.29;15.7;2019-03-15;2019;3;11;74;15;4;1774;118;22;True
2019-03-15 23:00:00+00:00;True;3.07;2.13;18.0;2019-03-15;2019;3;11;74;15;4;1775;119;23;True
2019-03-16 00:00:00+00:00;True;2.87;3.27;29.6;2019-03-16;2019;3;11;75;16;5;1776;120;0;False
2019-03-16 01:00:00+00:00;True;2.75;3.55;18.6;2019-03-16;2019;3;11;75;16;5;1777;121;1;False
2019-03-16 02:00:00+00:00;True;2.63;4.08;20.9;2019-03-16;2019;3;11;75;16;5;1778;122;2;False
2019-03-16 03:00:00+00:00;True;2.65;4.27;28.0;2019-03-16;2019;3;11;75;16;5;1779;123;3;False
2019-03-16 04:00:00+00:00;True;2.56;4.21;36.9;2019-03-16;2019;3;11;75;16;5;1780;124;4;False
2019-03-16 05:00:00+00:00;True;2.25;4.2;32.8;2019-03-16;2019;3;11;75;16;5;1781;125;5;False
2019-03-16 06:00:00+00:00;True;2.02;5.4;31.8;2019-03-16;2019;3;11;75;16;5;1782;126;6;False
2019-03-16 07:00:00+00:00;True;1.96;11.72;25.2;2019-03-16;2019;3;11;75;16;5;1783;127;7;False
2019-03-16 08:00:00+00:00;True;1.92;31.07;32.0;2019-03-16;2019;3;11;75;16;5;1784;128;8;False
2019-03-16 09:00:00+00:00;True;2.06;66.56;38.2;2019-03-16;2019;3;11;75;16;5;1785;129;9;False
2019-03-16 10:00:00+00:00;True;2.34;98.76;30.3;2019-03-16;2019;3;11;75;16;5;1786;130;10;False
2019-03-16 11:00:00+00:00;True;2.61;154.34;22.1;2019-03-16;2019;3;11;75;16;5;1787;131;11;False
2019-03-16 12:00:00+00:00;True;2.72;124.08;24.8;2019-03-16;2019;3;11;75;16;5;1788;132;12;False
2019-03-16 13:00:00+00:00;True;2.88;100.18;19.4;2019-03-16;2019;3;11;75;16;5;1789;133;13;False
2019-03-16 14:00:00+00:00;True;2.91;65.9;36.1;2019-03-16;2019;3;11;75;16;5;1790;134;14;False
2019-03-16 15:00:00+00:00;True;2.94;39.07;29.4;2019-03-16;2019;3;11;75;16;5;1791;135;15;False
2019-03-16 16:00:00+00:00;True;2.63;39.59;24.4;2019-03-16;2019;3;11;75;16;5;1792;136;16;False
2019-03-16 17:00:00+00:00;True;2.31;14.57;40.7;2019-03-16;2019;3;11;75;16;5;1793;137;17;False
2019-03-16 18:00:00+00:00;True;2.08;2.2;24.4;2019-03-16;2019;3;11;75;16;5;1794;138;18;False
2019-03-16 19:00:00+00:00;True;1.99;1.36;27.5;2019-03-16;2019;3;11;75;16;5;1795;139;19;False
2019-03-16 20:00:00+00:00;True;2.08;2.15;26.8;2019-03-16;2019;3;11;75;16;5;1796;140;20;False
2019-03-16 21:00:00+00:00;True;2.05;2.04;41.2;2019-03-16;2019;3;11;75;16;5;1797;141;21;False
2019-03-16 22:00:00+00:00;True;1.91;2.11;25.0;2019-03-16;2019;3;11;75;16;5;1798;142;22;False
2019-03-16 23:00:00+00:00;True;1.84;2.45;23.3;2019-03-16;2019;3;11;75;16;5;1799;143;23;False
2019-03-17 00:00:00+00:00;True;1.96;2.71;32.1;2019-03-17;2019;3;11;76;17;6;1800;144;0;False
2019-03-17 01:00:00+00:00;True;2.05;3.18;25.5;2019-03-17;2019;3;11;76;17;6;1801;145;1;False
2019-03-17 02:00:00+00:00;True;1.41;4.01;20.7;2019-03-17;2019;3;11;76;17;6;1802;146;2;False
2019-03-17 03:00:00+00:00;True;1.45;4.32;25.0;2019-03-17;2019;3;11;76;17;6;1803;147;3;False
2019-03-17 04:00:00+00:00;True;1.27;5.01;20.2;2019-03-17;2019;3;11;76;17;6;1804;148;4;False
2019-03-17 05:00:00+00:00;True;1.15;4.7;26.1;2019-03-17;2019;3;11;76;17;6;1805;149;5;False
2019-03-17 06:00:00+00:00;True;1.17;7.44;35.1;2019-03-17;2019;3;11;76;17;6;1806;150;6;False
2019-03-17 07:00:00+00:00;True;1.15;36.9;28.3;2019-03-17;2019;3;11;76;17;6;1807;151;7;False
2019-03-17 08:00:00+00:00;True;1.31;89.42;28.4;2019-03-17;2019;3;11;76;17;6;1808;152;8;False
2019-03-17 09:00:00+00:00;True;1.32;119.83;22.6;2019-03-17;2019;3;11;76;17;6;1809;153;9;False
2019-03-17 10:00:00+00:00;True;1.29;127.21;20.6;2019-03-17;2019;3;11;76;17;6;1810;154;10;False
2019-03-17 11:00:00+00:00;True;1.36;194.46;30.2;2019-03-17;2019;3;11;76;17;6;1811;155;11;False
2019-03-17 12:00:00+00:00;True;1.67;208.28;18.1;2019-03-17;2019;3;11;76;17;6;1812;156;12;False
2019-03-17 13:00:00+00:00;True;1.92;203.39;19.5;2019-03-17;2019;3;11;76;17;6;1813;157;13;False
2019-03-17 14:00:00+00:00;True;2.2;145.88;30.3;2019-03-17;2019;3;11;76;17;6;1814;158;14;False
2019-03-17 15:00:00+00:00;True;2.83;123.07;35.8;2019-03-17;2019;3;11;76;17;6;1815;159;15;False
2019-03-17 16:00:00+00:00;True;2.79;41.26;25.7;2019-03-17;2019;3;11;76;17;6;1816;160;16;False
2019-03-17 17:00:00+00:00;True;2.92;19.01;41.6;2019-03-17;2019;3;11;76;17;6;1817;161;17;False
2019-03-17 18:00:00+00:00;True;2.92;1.5;36.9;2019-03-17;2019;3;11;76;17;6;1818;162;18;False
2019-03-17 19:00:00+00:00;True;2.95;1.11;40.7;2019-03-17;2019;3;11;76;17;6;1819;163;19;False
2019-03-17 20:00:00+00:00;True;2.93;1.63;24.9;2019-03-17;2019;3;11;76;17;6;1820;164;20;False
2019-03-17 21:00:00+00:00;True;3.15;1.9;27.1;2019-03-17;2019;3;11;76;17;6;1821;165;21;False
2019-03-17 22:00:00+00:00;True;3.6;2.08;16.0;2019-03-17;2019;3;11;76;17;6;1822;166;22;False
2019-03-17 23:00:00+00:00;True;3.7;2.78;18.8;2019-03-17;2019;3;11;76;17;6;1823;167;23;False
2019-03-18 00:00:00+00:00;True;3.92;2.41;17.2;2019-03-18;2019;3;12;77;18;0;1824;0;0;True
2019-03-18 01:00:00+00:00;True;4.28;3.25;18.4;2019-03-18;2019;3;12;77;18;0;1825;1;1;True
2019-03-18 02:00:00+00:00;True;4.5;3.48;17.3;2019-03-18;2019;3;12;77;18;0;1826;2;2;True
2019-03-18 03:00:00+00:00;True;4.62;4.1;19.6;2019-03-18;2019;3;12;77;18;0;1827;3;3;True
2019-03-18 04:00:00+00:00;True;4.58;4.47;28.7;2019-03-18;2019;3;12;77;18;0;1828;4;4;True
2019-03-18 05:00:00+00:00;True;3.2;4.17;22.4;2019-03-18;2019;3;12;77;18;0;1829;5;5;True
2019-03-18 06:00:00+00:00;True;3.02;5.37;19.2;2019-03-18;2019;3;12;77;18;0;1830;6;6;True
2019-03-18 07:00:00+00:00;True;2.78;40.46;23.9;2019-03-18;2019;3;12;77;18;0;1831;7;7;True
2019-03-18 08:00:00+00:00;True;2.81;57.82;21.9;2019-03-18;2019;3;12;77;18;0;1832;8;8;True
2019-03-18 09:00:00+00:00;True;3.28;83.57;99.2;2019-03-18;2019;3;12;77;18;0;1833;9;9;True
2019-03-18 10:00:00+00:00;True;3.65;108.48;87.7;2019-03-18;2019;3;12;77;18;0;1834;10;10;True
2019-03-18 11:00:00+00:00;True;3.96;113.68;101.2;2019-03-18;2019;3;12;77;18;0;1835;11;11;True
2019-03-18 12:00:00+00:00;True;4.25;95.64;75.9;2019-03-18;2019;3;12;77;18;0;1836;12;12;True
2019-03-18 13:00:00+00:00;True;4.63;193.43;110.1;2019-03-18;2019;3;12;77;18;0;1837;13;13;True
2019-03-18 14:00:00+00:00;True;5.27;236.64;70.8;2019-03-18;2019;3;12;77;18;0;1838;14;14;True
2019-03-18 15:00:00+00:00;True;4.9;90.55;83.9;2019-03-18;2019;3;12;77;18;0;1839;15;15;True
2019-03-18 16:00:00+00:00;True;3.72;72.01;89.5;2019-03-18;2019;3;12;77;18;0;1840;16;16;True
2019-03-18 17:00:00+00:00;True;2.66;53.98;84.9;2019-03-18;2019;3;12;77;18;0;1841;17;17;True
2019-03-18 18:00:00+00:00;True;2.78;3.87;41.4;2019-03-18;2019;3;12;77;18;0;1842;18;18;True
2019-03-18 19:00:00+00:00;True;2.48;0.9;35.2;2019-03-18;2019;3;12;77;18;0;1843;19;19;True
2019-03-18 20:00:00+00:00;True;2.24;1.06;39.1;2019-03-18;2019;3;12;77;18;0;1844;20;20;True
2019-03-18 21:00:00+00:00;True;1.85;0.65;44.6;2019-03-18;2019;3;12;77;18;0;1845;21;21;True
2019-03-18 22:00:00+00:00;True;1.53;0.7;20.1;2019-03-18;2019;3;12;77;18;0;1846;22;22;True
2019-03-18 23:00:00+00:00;True;1.77;1.48;22.6;2019-03-18;2019;3;12;77;18;0;1847;23;23;True
2019-03-19 00:00:00+00:00;True;2.16;2.37;27.5;2019-03-19;2019;3;12;78;19;1;1848;24;0;True
2019-03-19 01:00:00+00:00;True;2.55;2.46;25.2;2019-03-19;2019;3;12;78;19;1;1849;25;1;True
2019-03-19 02:00:00+00:00;True;2.53;2.1;23.9;2019-03-19;2019;3;12;78;19;1;1850;26;2;True
2019-03-19 03:00:00+00:00;True;2.3;1.57;25.0;2019-03-19;2019;3;12;78;19;1;1851;27;3;True
2019-03-19 04:00:00+00:00;True;2.28;1.92;29.7;2019-03-19;2019;3;12;78;19;1;1852;28;4;True
2019-03-19 05:00:00+00:00;True;2.26;2.16;23.9;2019-03-19;2019;3;12;78;19;1;1853;29;5;True
2019-03-19 06:00:00+00:00;True;2.66;4.68;20.8;2019-03-19;2019;3;12;78;19;1;1854;30;6;True
2019-03-19 07:00:00+00:00;True;2.43;29.42;34.5;2019-03-19;2019;3;12;78;19;1;1855;31;7;True
2019-03-19 08:00:00+00:00;True;2.38;160.15;39.9;2019-03-19;2019;3;12;78;19;1;1856;32;8;True
2019-03-19 09:00:00+00:00;True;3.15;184.02;97.5;2019-03-19;2019;3;12;78;19;1;1857;33;9;True
2019-03-19 10:00:00+00:00;True;3.21;152.92;88.5;2019-03-19;2019;3;12;78;19;1;1858;34;10;True
2019-03-19 11:00:00+00:00;True;3.06;205.47;109.1;2019-03-19;2019;3;12;78;19;1;1859;35;11;True
2019-03-19 12:00:00+00:00;True;3.51;322.31;95.7;2019-03-19;2019;3;12;78;19;1;1860;36;12;True
2019-03-19 13:00:00+00:00;True;4.07;266.37;66.0;2019-03-19;2019;3;12;78;19;1;1861;37;13;True
2019-03-19 14:00:00+00:00;True;3.84;217.0;101.4;2019-03-19;2019;3;12;78;19;1;1862;38;14;True
2019-03-19 15:00:00+00:00;True;3.97;155.35;87.7;2019-03-19;2019;3;12;78;19;1;1863;39;15;True
2019-03-19 16:00:00+00:00;True;3.53;71.93;86.2;2019-03-19;2019;3;12;78;19;1;1864;40;16;True
2019-03-19 17:00:00+00:00;True;2.93;25.69;75.7;2019-03-19;2019;3;12;78;19;1;1865;41;17;True
2019-03-19 18:00:00+00:00;True;2.39;3.05;49.8;2019-03-19;2019;3;12;78;19;1;1866;42;18;True
2019-03-19 19:00:00+00:00;True;1.44;1.76;94.0;2019-03-19;2019;3;12;78;19;1;1867;43;19;True
2019-03-19 20:00:00+00:00;True;1.34;1.16;55.6;2019-03-19;2019;3;12;78;19;1;1868;44;20;True
2019-03-19 21:00:00+00:00;True;1.48;1.52;41.2;2019-03-19;2019;3;12;78;19;1;1869;45;21;True
2019-03-19 22:00:00+00:00;True;1.01;2.14;40.6;2019-03-19;2019;3;12;78;19;1;1870;46;22;True
2019-03-19 23:00:00+00:00;True;0.59;3.06;42.0;2019-03-19;2019;3;12;78;19;1;1871;47;23;True
2019-03-20 00:00:00+00:00;True;0.33;3.64;38.9;2019-03-20;2019;3;12;79;20;2;1872;48;0;True
2019-03-20 01:00:00+00:00;True;0.09;4.12;32.4;2019-03-20;2019;3;12;79;20;2;1873;49;1;True
2019-03-20 02:00:00+00:00;True;0.02;4.69;32.8;2019-03-20;2019;3;12;79;20;2;1874;50;2;True
2019-03-20 03:00:00+00:00;True;-0.02;4.77;45.9;2019-03-20;2019;3;12;79;20;2;1875;51;3;True
2019-03-20 04:00:00+00:00;True;-0.12;4.78;33.4;2019-03-20;2019;3;12;79;20;2;1876;52;4;True
2019-03-20 05:00:00+00:00;True;-0.32;4.83;42.0;2019-03-20;2019;3;12;79;20;2;1877;53;5;True
2019-03-20 06:00:00+00:00;True;-0.56;10.72;48.8;2019-03-20;2019;3;12;79;20;2;1878;54;6;True
2019-03-20 07:00:00+00:00;True;-0.89;42.91;51.3;2019-03-20;2019;3;12;79;20;2;1879;55;7;True
2019-03-20 08:00:00+00:00;True;-0.85;79.99;59.8;2019-03-20;2019;3;12;79;20;2;1880;56;8;True
2019-03-20 09:00:00+00:00;True;-0.71;107.29;121.9;2019-03-20;2019;3;12;79;20;2;1881;57;9;True
2019-03-20 10:00:00+00:00;True;-0.09;242.73;132.4;2019-03-20;2019;3;12;79;20;2;1882;58;10;True
2019-03-20 11:00:00+00:00;True;1.63;470.69;106.7;2019-03-20;2019;3;12;79;20;2;1883;59;11;True
2019-03-20 12:00:00+00:00;True;3.25;434.04;100.9;2019-03-20;2019;3;12;79;20;2;1884;60;12;True
2019-03-20 13:00:00+00:00;True;3.99;272.27;94.0;2019-03-20;2019;3;12;79;20;2;1885;61;13;True
2019-03-20 14:00:00+00:00;True;4.82;322.43;90.0;2019-03-20;2019;3;12;79;20;2;1886;62;14;True
2019-03-20 15:00:00+00:00;True;4.75;106.38;96.5;2019-03-20;2019;3;12;79;20;2;1887;63;15;True
2019-03-20 16:00:00+00:00;True;4.32;61.52;84.9;2019-03-20;2019;3;12;79;20;2;1888;64;16;True
2019-03-20 17:00:00+00:00;True;4.24;26.07;73.9;2019-03-20;2019;3;12;79;20;2;1889;65;17;True
2019-03-20 18:00:00+00:00;True;4.21;5.22;59.9;2019-03-20;2019;3;12;79;20;2;1890;66;18;True
2019-03-20 19:00:00+00:00;True;2.59;1.87;40.2;2019-03-20;2019;3;12;79;20;2;1891;67;19;True
2019-03-20 20:00:00+00:00;True;1.91;0.23;43.6;2019-03-20;2019;3;12;79;20;2;1892;68;20;True
2019-03-20 21:00:00+00:00;True;1.74;0.32;44.7;2019-03-20;2019;3;12;79;20;2;1893;69;21;True
2019-03-20 22:00:00+00:00;True;1.61;0.13;33.7;2019-03-20;2019;3;12;79;20;2;1894;70;22;True
2019-03-20 23:00:00+00:00;True;1.67;1.1;24.4;2019-03-20;2019;3;12;79;20;2;1895;71;23;True
2019-03-21 00:00:00+00:00;True;2.06;1.76;34.3;2019-03-21;2019;3;12;80;21;3;1896;72;0;True
2019-03-21 01:00:00+00:00;True;2.12;1.8;26.9;2019-03-21;2019;3;12;80;21;3;1897;73;1;True
2019-03-21 02:00:00+00:00;True;1.83;2.3;40.3;2019-03-21;2019;3;12;80;21;3;1898;74;2;True
2019-03-21 03:00:00+00:00;True;1.69;2.47;36.8;2019-03-21;2019;3;12;80;21;3;1899;75;3;True
2019-03-21 04:00:00+00:00;True;1.61;2.19;28.4;2019-03-21;2019;3;12;80;21;3;1900;76;4;True
2019-03-21 05:00:00+00:00;True;1.54;2.34;30.1;2019-03-21;2019;3;12;80;21;3;1901;77;5;True
2019-03-21 06:00:00+00:00;True;1.47;9.76;30.2;2019-03-21;2019;3;12;80;21;3;1902;78;6;True
2019-03-21 07:00:00+00:00;True;1.33;54.8;36.9;2019-03-21;2019;3;12;80;21;3;1903;79;7;True
2019-03-21 08:00:00+00:00;True;1.8;171.54;50.1;2019-03-21;2019;3;12;80;21;3;1904;80;8;True
2019-03-21 09:00:00+00:00;True;3.22;327.86;110.4;2019-03-21;2019;3;12;80;21;3;1905;81;9;True
2019-03-21 10:00:00+00:00;True;4.67;294.92;93.6;2019-03-21;2019;3;12;80;21;3;1906;82;10;True
2019-03-21 11:00:00+00:00;True;6.29;326.14;85.2;2019-03-21;2019;3;12;80;21;3;1907;83;11;True
2019-03-21 12:00:00+00:00;True;7.17;266.81;74.2;2019-03-21;2019;3;12;80;21;3;1908;84;12;True
2019-03-21 13:00:00+00:00;True;7.18;319.73;17.0;2019-03-21;2019;3;12;80;21;3;1909;85;13;True
2019-03-21 14:00:00+00:00;True;7.22;237.46;12.1;2019-03-21;2019;3;12;80;21;3;1910;86;14;True
2019-03-21 15:00:00+00:00;True;7.26;118.8;78.9;2019-03-21;2019;3;12;80;21;3;1911;87;15;True
2019-03-21 18:00:00+00:00;True;5.21;3.23;43.6;2019-03-21;2019;3;12;80;21;3;1914;90;18;True
2019-03-21 19:00:00+00:00;True;5.09;1.45;37.8;2019-03-21;2019;3;12;80;21;3;1915;91;19;True
2019-03-21 20:00:00+00:00;True;5.21;0.8;34.3;2019-03-21;2019;3;12;80;21;3;1916;92;20;True
2019-03-21 21:00:00+00:00;True;5.11;1.04;38.6;2019-03-21;2019;3;12;80;21;3;1917;93;21;True
2019-03-21 22:00:00+00:00;True;4.75;1.34;14.6;2019-03-21;2019;3;12;80;21;3;1918;94;22;True
2019-03-21 23:00:00+00:00;True;4.5;2.25;22.3;2019-03-21;2019;3;12;80;21;3;1919;95;23;True
2019-03-22 00:00:00+00:00;True;4.43;2.69;26.2;2019-03-22;2019;3;12;81;22;4;1920;96;0;True
2019-03-22 01:00:00+00:00;True;4.32;2.84;25.8;2019-03-22;2019;3;12;81;22;4;1921;97;1;True
2019-03-22 02:00:00+00:00;True;4.08;2.84;26.7;2019-03-22;2019;3;12;81;22;4;1922;98;2;True
2019-03-22 03:00:00+00:00;True;3.36;3.03;38.3;2019-03-22;2019;3;12;81;22;4;1923;99;3;True
2019-03-22 04:00:00+00:00;True;2.46;3.12;30.9;2019-03-22;2019;3;12;81;22;4;1924;100;4;True
2019-03-22 05:00:00+00:00;True;1.53;3.26;47.5;2019-03-22;2019;3;12;81;22;4;1925;101;5;True
2019-03-22 06:00:00+00:00;True;0.98;29.13;33.3;2019-03-22;2019;3;12;81;22;4;1926;102;6;True
2019-03-22 07:00:00+00:00;True;1.08;138.66;51.4;2019-03-22;2019;3;12;81;22;4;1927;103;7;True
2019-03-22 08:00:00+00:00;True;1.66;275.81;50.7;2019-03-22;2019;3;12;81;22;4;1928;104;8;True
2019-03-22 09:00:00+00:00;True;2.52;399.31;120.6;2019-03-22;2019;3;12;81;22;4;1929;105;9;True
2019-03-22 10:00:00+00:00;True;3.55;495.02;112.4;2019-03-22;2019;3;12;81;22;4;1930;106;10;True
2019-03-22 11:00:00+00:00;True;4.51;558.51;97.7;2019-03-22;2019;3;12;81;22;4;1931;107;11;True
2019-03-22 12:00:00+00:00;True;5.25;572.71;90.3;2019-03-22;2019;3;12;81;22;4;1932;108;12;True
2019-03-22 13:00:00+00:00;True;5.87;541.42;101.3;2019-03-22;2019;3;12;81;22;4;1933;109;13;True
2019-03-22 14:00:00+00:00;True;6.15;472.27;78.7;2019-03-22;2019;3;12;81;22;4;1934;110;14;True
2019-03-22 15:00:00+00:00;True;6.1;367.18;84.7;2019-03-22;2019;3;12;81;22;4;1935;111;15;True
2019-03-22 16:00:00+00:00;True;5.93;236.77;88.5;2019-03-22;2019;3;12;81;22;4;1936;112;16;True
2019-03-22 17:00:00+00:00;True;5.52;94.98;80.7;2019-03-22;2019;3;12;81;22;4;1937;113;17;True
2019-03-22 18:00:00+00:00;True;4.6;11.48;68.6;2019-03-22;2019;3;12;81;22;4;1938;114;18;True
2019-03-22 19:00:00+00:00;True;3.47;0.93;43.4;2019-03-22;2019;3;12;81;22;4;1939;115;19;True
2019-03-22 20:00:00+00:00;True;2.51;0.8;56.1;2019-03-22;2019;3;12;81;22;4;1940;116;20;True
2019-03-22 21:00:00+00:00;True;1.43;0.96;59.5;2019-03-22;2019;3;12;81;22;4;1941;117;21;True
2019-03-22 22:00:00+00:00;True;0.81;1.49;32.9;2019-03-22;2019;3;12;81;22;4;1942;118;22;True
2019-03-22 23:00:00+00:00;True;0.18;2.06;35.5;2019-03-22;2019;3;12;81;22;4;1943;119;23;True
2019-03-23 00:00:00+00:00;True;-0.44;3.06;47.3;2019-03-23;2019;3;12;82;23;5;1944;120;0;False
2019-03-23 01:00:00+00:00;True;-0.75;3.47;42.7;2019-03-23;2019;3;12;82;23;5;1945;121;1;False
2019-03-23 02:00:00+00:00;True;-0.93;3.13;38.5;2019-03-23;2019;3;12;82;23;5;1946;122;2;False
2019-03-23 03:00:00+00:00;True;-0.62;1.66;39.9;2019-03-23;2019;3;12;82;23;5;1947;123;3;False
2019-03-23 04:00:00+00:00;True;-0.81;1.98;45.0;2019-03-23;2019;3;12;82;23;5;1948;124;4;False
2019-03-23 05:00:00+00:00;True;-0.52;3.14;38.8;2019-03-23;2019;3;12;82;23;5;1949;125;5;False
2019-03-23 06:00:00+00:00;True;-0.64;21.74;38.6;2019-03-23;2019;3;12;82;23;5;1950;126;6;False
2019-03-23 07:00:00+00:00;True;-0.67;92.07;55.7;2019-03-23;2019;3;12;82;23;5;1951;127;7;False
2019-03-23 08:00:00+00:00;True;1.07;276.79;56.9;2019-03-23;2019;3;12;82;23;5;1952;128;8;False
2019-03-23 09:00:00+00:00;True;3.44;347.02;48.1;2019-03-23;2019;3;12;82;23;5;1953;129;9;False
2019-03-23 10:00:00+00:00;True;4.61;389.31;23.1;2019-03-23;2019;3;12;82;23;5;1954;130;10;False
2019-03-23 11:00:00+00:00;True;6.37;440.54;30.0;2019-03-23;2019;3;12;82;23;5;1955;131;11;False
2019-03-23 12:00:00+00:00;True;7.89;319.81;23.6;2019-03-23;2019;3;12;82;23;5;1956;132;12;False
2019-03-23 13:00:00+00:00;True;8.25;80.37;28.3;2019-03-23;2019;3;12;82;23;5;1957;133;13;False
2019-03-23 14:00:00+00:00;True;7.22;64.08;29.8;2019-03-23;2019;3;12;82;23;5;1958;134;14;False
2019-03-23 15:00:00+00:00;True;7.03;34.57;30.0;2019-03-23;2019;3;12;82;23;5;1959;135;15;False
2019-03-23 16:00:00+00:00;True;7.36;37.54;28.3;2019-03-23;2019;3;12;82;23;5;1960;136;16;False
2019-03-23 17:00:00+00:00;True;7.06;7.47;24.7;2019-03-23;2019;3;12;82;23;5;1961;137;17;False
2019-03-23 18:00:00+00:00;True;6.28;0.01;36.8;2019-03-23;2019;3;12;82;23;5;1962;138;18;False
2019-03-23 19:00:00+00:00;True;5.99;0.0;25.8;2019-03-23;2019;3;12;82;23;5;1963;139;19;False
2019-03-23 20:00:00+00:00;True;5.65;0.0;28.1;2019-03-23;2019;3;12;82;23;5;1964;140;20;False
2019-03-23 21:00:00+00:00;True;5.38;0.01;26.7;2019-03-23;2019;3;12;82;23;5;1965;141;21;False
2019-03-23 22:00:00+00:00;True;4.87;0.01;17.4;2019-03-23;2019;3;12;82;23;5;1966;142;22;False
2019-03-23 23:00:00+00:00;True;4.21;0.06;30.0;2019-03-23;2019;3;12;82;23;5;1967;143;23;False
2019-03-24 00:00:00+00:00;True;3.41;0.53;30.1;2019-03-24;2019;3;12;83;24;6;1968;144;0;False
2019-03-24 01:00:00+00:00;True;2.34;0.9;25.3;2019-03-24;2019;3;12;83;24;6;1969;145;1;False
2019-03-24 02:00:00+00:00;True;2.37;1.41;23.0;2019-03-24;2019;3;12;83;24;6;1970;146;2;False
2019-03-24 03:00:00+00:00;True;2.17;1.68;24.3;2019-03-24;2019;3;12;83;24;6;1971;147;3;False
2019-03-24 04:00:00+00:00;True;1.85;1.7;35.1;2019-03-24;2019;3;12;83;24;6;1972;148;4;False
2019-03-24 05:00:00+00:00;True;1.59;1.99;21.3;2019-03-24;2019;3;12;83;24;6;1973;149;5;False
2019-03-24 06:00:00+00:00;True;1.35;30.23;38.0;2019-03-24;2019;3;12;83;24;6;1974;150;6;False
2019-03-24 07:00:00+00:00;True;1.77;145.07;30.5;2019-03-24;2019;3;12;83;24;6;1975;151;7;False
2019-03-24 08:00:00+00:00;True;2.85;283.13;47.3;2019-03-24;2019;3;12;83;24;6;1976;152;8;False
2019-03-24 09:00:00+00:00;True;4.03;406.62;39.5;2019-03-24;2019;3;12;83;24;6;1977;153;9;False
2019-03-24 10:00:00+00:00;True;4.8;502.82;36.1;2019-03-24;2019;3;12;83;24;6;1978;154;10;False
2019-03-24 11:00:00+00:00;True;5.11;425.65;29.3;2019-03-24;2019;3;12;83;24;6;1979;155;11;False
2019-03-24 12:00:00+00:00;True;5.81;519.52;26.0;2019-03-24;2019;3;12;83;24;6;1980;156;12;False
2019-03-24 13:00:00+00:00;True;6.37;549.72;25.4;2019-03-24;2019;3;12;83;24;6;1981;157;13;False
2019-03-24 14:00:00+00:00;True;6.6;455.06;31.3;2019-03-24;2019;3;12;83;24;6;1982;158;14;False
2019-03-24 15:00:00+00:00;True;6.64;360.66;31.5;2019-03-24;2019;3;12;83;24;6;1983;159;15;False
2019-03-24 16:00:00+00:00;True;6.6;243.43;25.5;2019-03-24;2019;3;12;83;24;6;1984;160;16;False
2019-03-24 17:00:00+00:00;True;6.27;104.54;41.2;2019-03-24;2019;3;12;83;24;6;1985;161;17;False
2019-03-24 18:00:00+00:00;True;5.2;14.02;28.1;2019-03-24;2019;3;12;83;24;6;1986;162;18;False
2019-03-24 19:00:00+00:00;True;3.62;0.63;47.0;2019-03-24;2019;3;12;83;24;6;1987;163;19;False
2019-03-24 20:00:00+00:00;True;2.65;1.12;32.5;2019-03-24;2019;3;12;83;24;6;1988;164;20;False
2019-03-24 21:00:00+00:00;True;1.79;1.04;48.3;2019-03-24;2019;3;12;83;24;6;1989;165;21;False
2019-03-24 22:00:00+00:00;True;1.5;1.75;38.4;2019-03-24;2019;3;12;83;24;6;1990;166;22;False
2019-03-24 23:00:00+00:00;True;1.69;2.42;31.6;2019-03-24;2019;3;12;83;24;6;1991;167;23;False
2019-03-25 00:00:00+00:00;True;1.37;3.42;44.5;2019-03-25;2019;3;13;84;25;0;1992;0;0;True
2019-03-25 01:00:00+00:00;True;1.22;3.5;32.0;2019-03-25;2019;3;13;84;25;0;1993;1;1;True
2019-03-25 02:00:00+00:00;True;1.13;3.48;40.1;2019-03-25;2019;3;13;84;25;0;1994;2;2;True
2019-03-25 03:00:00+00:00;True;0.61;3.4;33.2;2019-03-25;2019;3;13;84;25;0;1995;3;3;True
2019-03-25 04:00:00+00:00;True;0.18;3.38;32.8;2019-03-25;2019;3;13;84;25;0;1996;4;4;True
2019-03-25 05:00:00+00:00;True;-0.15;4.34;38.2;2019-03-25;2019;3;13;84;25;0;1997;5;5;True
2019-03-25 06:00:00+00:00;True;-0.25;52.83;35.3;2019-03-25;2019;3;13;84;25;0;1998;6;6;True
2019-03-25 07:00:00+00:00;True;0.17;105.31;46.2;2019-03-25;2019;3;13;84;25;0;1999;7;7;True
2019-03-25 08:00:00+00:00;True;0.65;173.76;35.9;2019-03-25;2019;3;13;84;25;0;2000;8;8;True
2019-03-25 09:00:00+00:00;True;1.79;251.05;90.7;2019-03-25;2019;3;13;84;25;0;2001;9;9;True
2019-03-25 10:00:00+00:00;True;3.11;288.71;105.3;2019-03-25;2019;3;13;84;25;0;2002;10;10;True
2019-03-25 11:00:00+00:00;True;3.98;329.97;78.4;2019-03-25;2019;3;13;84;25;0;2003;11;11;True
2019-03-25 12:00:00+00:00;True;5.0;467.68;74.8;2019-03-25;2019;3;13;84;25;0;2004;12;12;True
2019-03-25 13:00:00+00:00;True;4.26;188.91;67.4;2019-03-25;2019;3;13;84;25;0;2005;13;13;True
2019-03-25 14:00:00+00:00;True;3.26;176.74;93.8;2019-03-25;2019;3;13;84;25;0;2006;14;14;True
2019-03-25 15:00:00+00:00;True;4.68;234.72;77.2;2019-03-25;2019;3;13;84;25;0;2007;15;15;True
2019-03-25 16:00:00+00:00;True;4.15;105.61;73.5;2019-03-25;2019;3;13;84;25;0;2008;16;16;True
2019-03-25 17:00:00+00:00;True;2.09;12.31;75.8;2019-03-25;2019;3;13;84;25;0;2009;17;17;True
2019-03-25 18:00:00+00:00;True;0.85;1.7;44.1;2019-03-25;2019;3;13;84;25;0;2010;18;18;True
2019-03-25 19:00:00+00:00;True;0.74;0.2;44.7;2019-03-25;2019;3;13;84;25;0;2011;19;19;True
2019-03-25 20:00:00+00:00;True;0.65;0.34;58.8;2019-03-25;2019;3;13;84;25;0;2012;20;20;True
2019-03-25 21:00:00+00:00;True;-0.14;0.01;48.8;2019-03-25;2019;3;13;84;25;0;2013;21;21;True
2019-03-25 22:00:00+00:00;True;-0.54;0.91;26.6;2019-03-25;2019;3;13;84;25;0;2014;22;22;True
2019-03-25 23:00:00+00:00;True;-1.01;2.53;22.9;2019-03-25;2019;3;13;84;25;0;2015;23;23;True
2019-03-26 00:00:00+00:00;True;-1.33;1.41;26.2;2019-03-26;2019;3;13;85;26;1;2016;24;0;True
2019-03-26 01:00:00+00:00;True;-1.68;1.56;28.8;2019-03-26;2019;3;13;85;26;1;2017;25;1;True
2019-03-26 02:00:00+00:00;True;-1.93;2.29;41.4;2019-03-26;2019;3;13;85;26;1;2018;26;2;True
2019-03-26 03:00:00+00:00;True;-2.19;2.17;41.4;2019-03-26;2019;3;13;85;26;1;2019;27;3;True
2019-03-26 04:00:00+00:00;True;-2.4;2.27;36.7;2019-03-26;2019;3;13;85;26;1;2020;28;4;True
2019-03-26 05:00:00+00:00;True;-2.6;2.27;32.3;2019-03-26;2019;3;13;85;26;1;2021;29;5;True
2019-03-26 06:00:00+00:00;True;-2.75;18.98;45.2;2019-03-26;2019;3;13;85;26;1;2022;30;6;True
2019-03-26 07:00:00+00:00;True;-2.3;168.06;39.0;2019-03-26;2019;3;13;85;26;1;2023;31;7;True
2019-03-26 08:00:00+00:00;True;-1.19;282.46;47.0;2019-03-26;2019;3;13;85;26;1;2024;32;8;True
2019-03-26 09:00:00+00:00;True;0.25;425.1;131.7;2019-03-26;2019;3;13;85;26;1;2025;33;9;True
2019-03-26 10:00:00+00:00;True;1.26;497.39;122.9;2019-03-26;2019;3;13;85;26;1;2026;34;10;True
2019-03-26 11:00:00+00:00;True;2.22;562.51;110.2;2019-03-26;2019;3;13;85;26;1;2027;35;11;True
2019-03-26 12:00:00+00:00;True;3.04;549.46;103.4;2019-03-26;2019;3;13;85;26;1;2028;36;12;True
2019-03-26 13:00:00+00:00;True;3.79;598.82;110.7;2019-03-26;2019;3;13;85;26;1;2029;37;13;True
2019-03-26 14:00:00+00:00;True;4.24;530.63;109.5;2019-03-26;2019;3;13;85;26;1;2030;38;14;True
2019-03-26 15:00:00+00:00;True;3.34;393.24;107.9;2019-03-26;2019;3;13;85;26;1;2031;39;15;True
2019-03-26 16:00:00+00:00;True;2.21;259.46;108.2;2019-03-26;2019;3;13;85;26;1;2032;40;16;True
2019-03-26 17:00:00+00:00;True;1.4;128.48;97.8;2019-03-26;2019;3;13;85;26;1;2033;41;17;True
2019-03-26 18:00:00+00:00;True;0.17;10.45;48.6;2019-03-26;2019;3;13;85;26;1;2034;42;18;True
2019-03-26 19:00:00+00:00;True;-0.47;0.8;53.7;2019-03-26;2019;3;13;85;26;1;2035;43;19;True
2019-03-26 20:00:00+00:00;True;-0.72;0.22;53.0;2019-03-26;2019;3;13;85;26;1;2036;44;20;True
2019-03-26 21:00:00+00:00;True;-1.25;0.54;56.4;2019-03-26;2019;3;13;85;26;1;2037;45;21;True
2019-03-26 22:00:00+00:00;True;-1.83;1.09;47.3;2019-03-26;2019;3;13;85;26;1;2038;46;22;True
2019-03-26 23:00:00+00:00;True;-2.2;1.35;43.6;2019-03-26;2019;3;13;85;26;1;2039;47;23;True
2019-03-27 00:00:00+00:00;True;-2.55;2.23;41.8;2019-03-27;2019;3;13;86;27;2;2040;48;0;True
2019-03-27 01:00:00+00:00;True;-2.85;2.51;42.0;2019-03-27;2019;3;13;86;27;2;2041;49;1;True
2019-03-27 02:00:00+00:00;True;-3.26;2.17;51.1;2019-03-27;2019;3;13;86;27;2;2042;50;2;True
2019-03-27 03:00:00+00:00;True;-3.49;2.91;45.3;2019-03-27;2019;3;13;86;27;2;2043;51;3;True
2019-03-27 04:00:00+00:00;True;-3.68;2.81;51.4;2019-03-27;2019;3;13;86;27;2;2044;52;4;True
2019-03-27 05:00:00+00:00;True;-4.2;3.67;47.9;2019-03-27;2019;3;13;86;27;2;2045;53;5;True
2019-03-27 06:00:00+00:00;True;-4.3;47.13;54.7;2019-03-27;2019;3;13;86;27;2;2046;54;6;True
2019-03-27 07:00:00+00:00;True;-3.52;122.4;70.0;2019-03-27;2019;3;13;86;27;2;2047;55;7;True
2019-03-27 08:00:00+00:00;True;-2.2;308.43;146.6;2019-03-27;2019;3;13;86;27;2;2048;56;8;True
2019-03-27 09:00:00+00:00;True;-0.02;433.65;136.3;2019-03-27;2019;3;13;86;27;2;2049;57;9;True
2019-03-27 10:00:00+00:00;True;1.63;542.19;126.8;2019-03-27;2019;3;13;86;27;2;2050;58;10;True
2019-03-27 11:00:00+00:00;True;2.67;501.01;111.3;2019-03-27;2019;3;13;86;27;2;2051;59;11;True
2019-03-27 12:00:00+00:00;True;2.81;442.9;97.8;2019-03-27;2019;3;13;86;27;2;2052;60;12;True
2019-03-27 13:00:00+00:00;True;3.61;461.62;119.5;2019-03-27;2019;3;13;86;27;2;2053;61;13;True
2019-03-27 14:00:00+00:00;True;3.4;306.14;104.5;2019-03-27;2019;3;13;86;27;2;2054;62;14;True
2019-03-27 15:00:00+00:00;True;3.49;222.33;121.5;2019-03-27;2019;3;13;86;27;2;2055;63;15;True
2019-03-27 16:00:00+00:00;True;3.94;194.04;71.1;2019-03-27;2019;3;13;86;27;2;2056;64;16;True
2019-03-27 17:00:00+00:00;True;4.16;117.41;41.3;2019-03-27;2019;3;13;86;27;2;2057;65;17;True
2019-03-27 18:00:00+00:00;True;3.14;8.96;44.3;2019-03-27;2019;3;13;86;27;2;2058;66;18;True
2019-03-27 19:00:00+00:00;True;2.44;0.28;49.7;2019-03-27;2019;3;13;86;27;2;2059;67;19;True
2019-03-27 20:00:00+00:00;True;1.73;0.82;52.8;2019-03-27;2019;3;13;86;27;2;2060;68;20;True
2019-03-27 21:00:00+00:00;True;1.14;0.74;44.8;2019-03-27;2019;3;13;86;27;2;2061;69;21;True
2019-03-27 22:00:00+00:00;True;0.42;0.41;35.9;2019-03-27;2019;3;13;86;27;2;2062;70;22;True
2019-03-27 23:00:00+00:00;True;-0.07;1.23;36.6;2019-03-27;2019;3;13;86;27;2;2063;71;23;True
2019-03-28 00:00:00+00:00;True;-0.32;1.86;37.1;2019-03-28;2019;3;13;87;28;3;2064;72;0;True
2019-03-28 01:00:00+00:00;True;-0.31;1.89;38.1;2019-03-28;2019;3;13;87;28;3;2065;73;1;True
2019-03-28 02:00:00+00:00;True;-0.22;2.24;46.1;2019-03-28;2019;3;13;87;28;3;2066;74;2;True
2019-03-28 03:00:00+00:00;True;0.02;2.49;39.5;2019-03-28;2019;3;13;87;28;3;2067;75;3;True
2019-03-28 04:00:00+00:00;True;0.22;2.55;46.8;2019-03-28;2019;3;13;87;28;3;2068;76;4;True
2019-03-28 05:00:00+00:00;True;0.02;2.22;44.9;2019-03-28;2019;3;13;87;28;3;2069;77;5;True
2019-03-28 06:00:00+00:00;True;-0.58;39.31;44.5;2019-03-28;2019;3;13;87;28;3;2070;78;6;True
2019-03-28 07:00:00+00:00;True;0.45;171.88;66.0;2019-03-28;2019;3;13;87;28;3;2071;79;7;True
2019-03-28 08:00:00+00:00;True;2.02;335.29;113.1;2019-03-28;2019;3;13;87;28;3;2072;80;8;True
2019-03-28 09:00:00+00:00;True;3.16;322.82;118.8;2019-03-28;2019;3;13;87;28;3;2073;81;9;True
2019-03-28 10:00:00+00:00;True;4.44;485.61;108.5;2019-03-28;2019;3;13;87;28;3;2074;82;10;True
2019-03-28 11:00:00+00:00;True;6.05;458.38;88.3;2019-03-28;2019;3;13;87;28;3;2075;83;11;True
2019-03-28 12:00:00+00:00;True;7.16;515.63;75.8;2019-03-28;2019;3;13;87;28;3;2076;84;12;True
2019-03-28 13:00:00+00:00;True;8.19;476.86;59.5;2019-03-28;2019;3;13;87;28;3;2077;85;13;True
2019-03-28 14:00:00+00:00;True;9.02;362.2;61.7;2019-03-28;2019;3;13;87;28;3;2078;86;14;True
2019-03-28 15:00:00+00:00;True;9.73;242.75;66.9;2019-03-28;2019;3;13;87;28;3;2079;87;15;True
2019-03-28 16:00:00+00:00;True;9.73;274.42;40.1;2019-03-28;2019;3;13;87;28;3;2080;88;16;True
2019-03-28 17:00:00+00:00;True;8.85;57.41;18.6;2019-03-28;2019;3;13;87;28;3;2081;89;17;True
2019-03-28 18:00:00+00:00;True;8.13;12.09;26.6;2019-03-28;2019;3;13;87;28;3;2082;90;18;True
2019-03-28 19:00:00+00:00;True;7.72;0.03;49.2;2019-03-28;2019;3;13;87;28;3;2083;91;19;True
2019-03-28 20:00:00+00:00;True;6.79;0.0;31.3;2019-03-28;2019;3;13;87;28;3;2084;92;20;True
2019-03-28 21:00:00+00:00;True;5.99;0.32;13.6;2019-03-28;2019;3;13;87;28;3;2085;93;21;True
2019-03-28 22:00:00+00:00;True;5.35;0.6;33.3;2019-03-28;2019;3;13;87;28;3;2086;94;22;True
2019-03-28 23:00:00+00:00;True;4.98;0.63;21.1;2019-03-28;2019;3;13;87;28;3;2087;95;23;True
2019-03-29 00:00:00+00:00;True;4.75;0.66;28.2;2019-03-29;2019;3;13;88;29;4;2088;96;0;True
2019-03-29 01:00:00+00:00;True;4.59;0.81;21.0;2019-03-29;2019;3;13;88;29;4;2089;97;1;True
2019-03-29 02:00:00+00:00;True;4.4;1.14;24.0;2019-03-29;2019;3;13;88;29;4;2090;98;2;True
2019-03-29 03:00:00+00:00;True;4.05;1.41;28.8;2019-03-29;2019;3;13;88;29;4;2091;99;3;True
2019-03-29 04:00:00+00:00;True;3.45;1.16;32.3;2019-03-29;2019;3;13;88;29;4;2092;100;4;True
2019-03-29 05:00:00+00:00;True;2.82;2.46;39.3;2019-03-29;2019;3;13;88;29;4;2093;101;5;True
2019-03-29 06:00:00+00:00;True;2.73;31.94;33.3;2019-03-29;2019;3;13;88;29;4;2094;102;6;True
2019-03-29 07:00:00+00:00;True;3.43;64.85;40.4;2019-03-29;2019;3;13;88;29;4;2095;103;7;True
2019-03-29 08:00:00+00:00;True;4.46;118.94;94.6;2019-03-29;2019;3;13;88;29;4;2096;104;8;True
2019-03-29 09:00:00+00:00;True;6.04;271.44;80.7;2019-03-29;2019;3;13;88;29;4;2097;105;9;True
2019-03-29 10:00:00+00:00;True;7.15;407.32;91.5;2019-03-29;2019;3;13;88;29;4;2098;106;10;True
2019-03-29 11:00:00+00:00;True;8.09;420.52;68.7;2019-03-29;2019;3;13;88;29;4;2099;107;11;True
2019-03-29 12:00:00+00:00;True;9.32;541.15;62.8;2019-03-29;2019;3;13;88;29;4;2100;108;12;True
2019-03-29 13:00:00+00:00;True;9.61;483.99;47.3;2019-03-29;2019;3;13;88;29;4;2101;109;13;True
2019-03-29 14:00:00+00:00;True;9.84;418.45;45.5;2019-03-29;2019;3;13;88;29;4;2102;110;14;True
2019-03-29 15:00:00+00:00;True;9.76;237.37;32.7;2019-03-29;2019;3;13;88;29;4;2103;111;15;True
2019-03-29 16:00:00+00:00;True;8.77;173.52;52.5;2019-03-29;2019;3;13;88;29;4;2104;112;16;True
2019-03-29 17:00:00+00:00;True;7.53;68.75;37.7;2019-03-29;2019;3;13;88;29;4;2105;113;17;True
2019-03-29 18:00:00+00:00;True;6.9;24.68;79.7;2019-03-29;2019;3;13;88;29;4;2106;114;18;True
2019-03-29 19:00:00+00:00;True;6.06;0.16;33.7;2019-03-29;2019;3;13;88;29;4;2107;115;19;True
2019-03-29 20:00:00+00:00;True;5.28;0.0;44.9;2019-03-29;2019;3;13;88;29;4;2108;116;20;True
2019-03-29 21:00:00+00:00;True;5.05;0.0;31.4;2019-03-29;2019;3;13;88;29;4;2109;117;21;True
2019-03-29 22:00:00+00:00;True;4.47;0.0;20.9;2019-03-29;2019;3;13;88;29;4;2110;118;22;True
2019-03-29 23:00:00+00:00;True;4.3;0.16;26.0;2019-03-29;2019;3;13;88;29;4;2111;119;23;True
2019-03-30 00:00:00+00:00;True;4.24;0.53;20.5;2019-03-30;2019;3;13;89;30;5;2112;120;0;False
2019-03-30 01:00:00+00:00;True;4.09;0.33;31.4;2019-03-30;2019;3;13;89;30;5;2113;121;1;False
2019-03-30 02:00:00+00:00;True;3.92;0.65;25.9;2019-03-30;2019;3;13;89;30;5;2114;122;2;False
2019-03-30 03:00:00+00:00;True;3.67;1.03;25.7;2019-03-30;2019;3;13;89;30;5;2115;123;3;False
2019-03-30 04:00:00+00:00;True;3.44;1.08;41.3;2019-03-30;2019;3;13;89;30;5;2116;124;4;False
2019-03-30 05:00:00+00:00;True;3.38;3.08;30.7;2019-03-30;2019;3;13;89;30;5;2117;125;5;False
2019-03-30 06:00:00+00:00;True;3.22;53.59;37.2;2019-03-30;2019;3;13;89;30;5;2118;126;6;False
2019-03-30 07:00:00+00:00;True;4.09;177.52;43.1;2019-03-30;2019;3;13;89;30;5;2119;127;7;False
2019-03-30 08:00:00+00:00;True;4.97;309.51;46.8;2019-03-30;2019;3;13;89;30;5;2120;128;8;False
2019-03-30 09:00:00+00:00;True;6.1;403.99;41.1;2019-03-30;2019;3;13;89;30;5;2121;129;9;False
2019-03-30 10:00:00+00:00;True;7.28;490.18;27.7;2019-03-30;2019;3;13;89;30;5;2122;130;10;False
2019-03-30 11:00:00+00:00;True;9.01;580.93;36.1;2019-03-30;2019;3;13;89;30;5;2123;131;11;False
2019-03-30 12:00:00+00:00;True;10.25;586.09;29.1;2019-03-30;2019;3;13;89;30;5;2124;132;12;False
2019-03-30 13:00:00+00:00;True;11.38;565.79;15.4;2019-03-30;2019;3;13;89;30;5;2125;133;13;False
2019-03-30 14:00:00+00:00;True;11.45;417.73;4.8;2019-03-30;2019;3;13;89;30;5;2126;134;14;False
2019-03-30 15:00:00+00:00;True;11.31;392.03;4.9;2019-03-30;2019;3;13;89;30;5;2127;135;15;False
2019-03-30 16:00:00+00:00;True;10.45;267.25;31.4;2019-03-30;2019;3;13;89;30;5;2128;136;16;False
2019-03-30 17:00:00+00:00;True;9.95;127.03;29.4;2019-03-30;2019;3;13;89;30;5;2129;137;17;False
2019-03-30 18:00:00+00:00;True;9.12;22.8;17.9;2019-03-30;2019;3;13;89;30;5;2130;138;18;False
2019-03-30 19:00:00+00:00;True;7.78;0.0;37.9;2019-03-30;2019;3;13;89;30;5;2131;139;19;False
2019-03-30 20:00:00+00:00;True;6.42;0.0;40.9;2019-03-30;2019;3;13;89;30;5;2132;140;20;False
2019-03-30 21:00:00+00:00;True;5.09;0.0;28.4;2019-03-30;2019;3;13;89;30;5;2133;141;21;False
2019-03-30 22:00:00+00:00;True;4.73;0.04;17.1;2019-03-30;2019;3;13;89;30;5;2134;142;22;False
2019-03-30 23:00:00+00:00;True;4.69;0.06;14.3;2019-03-30;2019;3;13;89;30;5;2135;143;23;False
2019-03-31 00:00:00+00:00;True;4.42;1.02;14.0;2019-03-31;2019;3;13;90;31;6;2136;144;0;False
2019-03-31 01:00:00+00:00;True;3.85;0.91;19.2;2019-03-31;2019;3;13;90;31;6;2137;145;1;False
2019-03-31 02:00:00+00:00;True;3.32;0.93;22.2;2019-03-31;2019;3;13;90;31;6;2138;146;2;False
2019-03-31 04:00:00+00:00;True;3.87;1.72;18.7;2019-03-31;2019;3;13;90;31;6;2140;148;4;False
2019-03-31 05:00:00+00:00;True;4.8;2.04;18.2;2019-03-31;2019;3;13;90;31;6;2141;149;5;False
2019-03-31 06:00:00+00:00;True;4.96;10.9;16.6;2019-03-31;2019;3;13;90;31;6;2142;150;6;False
2019-03-31 07:00:00+00:00;True;5.25;38.82;34.0;2019-03-31;2019;3;13;90;31;6;2143;151;7;False
2019-03-31 08:00:00+00:00;True;5.45;34.54;43.6;2019-03-31;2019;3;13;90;31;6;2144;152;8;False
2019-03-31 09:00:00+00:00;True;5.79;227.77;26.6;2019-03-31;2019;3;13;90;31;6;2145;153;9;False
2019-03-31 10:00:00+00:00;True;6.1;345.53;28.3;2019-03-31;2019;3;13;90;31;6;2146;154;10;False
2019-03-31 11:00:00+00:00;True;5.91;362.29;32.8;2019-03-31;2019;3;13;90;31;6;2147;155;11;False
2019-03-31 12:00:00+00:00;True;7.0;573.83;28.6;2019-03-31;2019;3;13;90;31;6;2148;156;12;False
2019-03-31 13:00:00+00:00;True;6.44;329.49;28.3;2019-03-31;2019;3;13;90;31;6;2149;157;13;False
2019-03-31 14:00:00+00:00;True;5.06;148.2;18.2;2019-03-31;2019;3;13;90;31;6;2150;158;14;False
2019-03-31 15:00:00+00:00;True;6.18;268.32;24.7;2019-03-31;2019;3;13;90;31;6;2151;159;15;False
2019-03-31 16:00:00+00:00;True;5.38;163.3;17.3;2019-03-31;2019;3;13;90;31;6;2152;160;16;False
2019-03-31 17:00:00+00:00;True;3.52;33.66;30.8;2019-03-31;2019;3;13;90;31;6;2153;161;17;False
2019-03-31 18:00:00+00:00;True;2.44;8.53;30.4;2019-03-31;2019;3;13;90;31;6;2154;162;18;False
2019-03-31 19:00:00+00:00;True;2.14;0.13;52.4;2019-03-31;2019;3;13;90;31;6;2155;163;19;False
2019-03-31 20:00:00+00:00;True;1.83;0.05;39.6;2019-03-31;2019;3;13;90;31;6;2156;164;20;False
2019-03-31 21:00:00+00:00;True;0.79;0.39;35.3;2019-03-31;2019;3;13;90;31;6;2157;165;21;False
2019-03-31 22:00:00+00:00;True;0.04;0.89;35.1;2019-03-31;2019;3;13;90;31;6;2158;166;22;False
2019-03-31 23:00:00+00:00;True;-0.39;1.5;39.0;2019-03-31;2019;3;13;90;31;6;2159;167;23;False
2019-04-01 00:00:00+00:00;True;-0.21;2.01;32.1;2019-04-01;2019;4;14;91;1;0;2160;0;0;True
2019-04-01 01:00:00+00:00;True;0.17;2.23;37.7;2019-04-01;2019;4;14;91;1;0;2161;1;1;True
2019-04-01 02:00:00+00:00;True;0.28;2.17;44.5;2019-04-01;2019;4;14;91;1;0;2162;2;2;True
2019-04-01 03:00:00+00:00;True;-0.01;2.01;33.8;2019-04-01;2019;4;14;91;1;0;2163;3;3;True
2019-04-01 04:00:00+00:00;True;-0.4;2.09;49.3;2019-04-01;2019;4;14;91;1;0;2164;4;4;True
2019-04-01 05:00:00+00:00;True;-0.45;4.94;36.4;2019-04-01;2019;4;14;91;1;0;2165;5;5;True
2019-04-01 06:00:00+00:00;True;-0.15;68.73;36.0;2019-04-01;2019;4;14;91;1;0;2166;6;6;True
2019-04-01 07:00:00+00:00;True;0.78;200.98;44.0;2019-04-01;2019;4;14;91;1;0;2167;7;7;True
2019-04-01 08:00:00+00:00;True;1.89;342.48;45.9;2019-04-01;2019;4;14;91;1;0;2168;8;8;True
2019-04-01 09:00:00+00:00;True;3.1;463.97;109.6;2019-04-01;2019;4;14;91;1;0;2169;9;9;True
2019-04-01 10:00:00+00:00;True;4.65;556.96;109.4;2019-04-01;2019;4;14;91;1;0;2170;10;10;True
2019-04-01 11:00:00+00:00;True;5.87;576.77;102.2;2019-04-01;2019;4;14;91;1;0;2171;11;11;True
2019-04-01 12:00:00+00:00;True;6.63;537.73;94.7;2019-04-01;2019;4;14;91;1;0;2172;12;12;True
2019-04-01 13:00:00+00:00;True;7.19;553.24;81.4;2019-04-01;2019;4;14;91;1;0;2173;13;13;True
2019-04-01 14:00:00+00:00;True;7.57;435.51;75.8;2019-04-01;2019;4;14;91;1;0;2174;14;14;True
2019-04-01 15:00:00+00:00;True;7.42;296.09;82.6;2019-04-01;2019;4;14;91;1;0;2175;15;15;True
2019-04-01 16:00:00+00:00;True;7.43;275.92;67.1;2019-04-01;2019;4;14;91;1;0;2176;16;16;True
2019-04-01 17:00:00+00:00;True;7.04;146.99;67.6;2019-04-01;2019;4;14;91;1;0;2177;17;17;True
2019-04-01 18:00:00+00:00;True;6.26;31.51;31.8;2019-04-01;2019;4;14;91;1;0;2178;18;18;True
2019-04-01 19:00:00+00:00;True;4.58;0.07;28.5;2019-04-01;2019;4;14;91;1;0;2179;19;19;True
2019-04-01 20:00:00+00:00;True;3.35;0.0;27.9;2019-04-01;2019;4;14;91;1;0;2180;20;20;True
2019-04-01 21:00:00+00:00;True;2.43;0.0;34.3;2019-04-01;2019;4;14;91;1;0;2181;21;21;True
2019-04-01 22:00:00+00:00;True;1.44;0.2;32.0;2019-04-01;2019;4;14;91;1;0;2182;22;22;True
2019-04-01 23:00:00+00:00;True;0.88;0.7;34.4;2019-04-01;2019;4;14;91;1;0;2183;23;23;True
2019-04-02 00:00:00+00:00;True;0.23;1.69;26.6;2019-04-02;2019;4;14;92;2;1;2184;24;0;True
2019-04-02 01:00:00+00:00;True;-0.33;1.96;28.1;2019-04-02;2019;4;14;92;2;1;2185;25;1;True
2019-04-02 02:00:00+00:00;True;-1.08;2.11;36.9;2019-04-02;2019;4;14;92;2;1;2186;26;2;True
2019-04-02 03:00:00+00:00;True;-1.42;2.22;40.0;2019-04-02;2019;4;14;92;2;1;2187;27;3;True
2019-04-02 04:00:00+00:00;True;-1.81;2.28;32.5;2019-04-02;2019;4;14;92;2;1;2188;28;4;True
2019-04-02 05:00:00+00:00;True;-2.04;7.85;37.7;2019-04-02;2019;4;14;92;2;1;2189;29;5;True
2019-04-02 06:00:00+00:00;True;-1.75;86.82;31.2;2019-04-02;2019;4;14;92;2;1;2190;30;6;True
2019-04-02 07:00:00+00:00;True;-0.64;199.52;35.7;2019-04-02;2019;4;14;92;2;1;2191;31;7;True
2019-04-02 08:00:00+00:00;True;0.78;336.81;46.8;2019-04-02;2019;4;14;92;2;1;2192;32;8;True
2019-04-02 09:00:00+00:00;True;2.84;479.11;131.9;2019-04-02;2019;4;14;92;2;1;2193;33;9;True
2019-04-02 10:00:00+00:00;True;4.1;561.99;135.1;2019-04-02;2019;4;14;92;2;1;2194;34;10;True
2019-04-02 11:00:00+00:00;True;5.17;625.08;109.8;2019-04-02;2019;4;14;92;2;1;2195;35;11;True
2019-04-02 12:00:00+00:00;True;6.27;590.68;96.0;2019-04-02;2019;4;14;92;2;1;2196;36;12;True
2019-04-02 13:00:00+00:00;True;6.98;568.33;81.5;2019-04-02;2019;4;14;92;2;1;2197;37;13;True
2019-04-02 14:00:00+00:00;True;7.83;519.05;72.9;2019-04-02;2019;4;14;92;2;1;2198;38;14;True
2019-04-02 15:00:00+00:00;True;8.3;425.23;73.9;2019-04-02;2019;4;14;92;2;1;2199;39;15;True
2019-04-02 16:00:00+00:00;True;8.53;293.1;71.4;2019-04-02;2019;4;14;92;2;1;2200;40;16;True
2019-04-02 17:00:00+00:00;True;8.65;149.41;64.5;2019-04-02;2019;4;14;92;2;1;2201;41;17;True
2019-04-02 18:00:00+00:00;True;8.41;30.65;37.0;2019-04-02;2019;4;14;92;2;1;2202;42;18;True
2019-04-02 19:00:00+00:00;True;7.38;0.0;38.0;2019-04-02;2019;4;14;92;2;1;2203;43;19;True
2019-04-02 20:00:00+00:00;True;5.94;0.0;46.5;2019-04-02;2019;4;14;92;2;1;2204;44;20;True
2019-04-02 21:00:00+00:00;True;4.17;0.0;41.7;2019-04-02;2019;4;14;92;2;1;2205;45;21;True
2019-04-02 22:00:00+00:00;True;2.64;0.09;32.7;2019-04-02;2019;4;14;92;2;1;2206;46;22;True
2019-04-02 23:00:00+00:00;True;2.06;0.72;37.0;2019-04-02;2019;4;14;92;2;1;2207;47;23;True
2019-04-03 00:00:00+00:00;True;1.28;1.47;26.1;2019-04-03;2019;4;14;93;3;2;2208;48;0;True
2019-04-03 01:00:00+00:00;True;0.98;1.77;29.4;2019-04-03;2019;4;14;93;3;2;2209;49;1;True
2019-04-03 02:00:00+00:00;True;0.77;1.81;33.8;2019-04-03;2019;4;14;93;3;2;2210;50;2;True
2019-04-03 03:00:00+00:00;True;0.44;1.79;34.6;2019-04-03;2019;4;14;93;3;2;2211;51;3;True
2019-04-03 04:00:00+00:00;True;-0.48;2.07;31.3;2019-04-03;2019;4;14;93;3;2;2212;52;4;True
2019-04-03 05:00:00+00:00;True;-1.19;7.65;37.1;2019-04-03;2019;4;14;93;3;2;2213;53;5;True
2019-04-03 06:00:00+00:00;True;-0.41;79.04;37.3;2019-04-03;2019;4;14;93;3;2;2214;54;6;True
2019-04-03 07:00:00+00:00;True;1.8;212.84;39.6;2019-04-03;2019;4;14;93;3;2;2215;55;7;True
2019-04-03 08:00:00+00:00;True;4.42;353.88;60.1;2019-04-03;2019;4;14;93;3;2;2216;56;8;True
2019-04-03 09:00:00+00:00;True;7.5;477.65;114.2;2019-04-03;2019;4;14;93;3;2;2217;57;9;True
2019-04-03 10:00:00+00:00;True;9.62;572.31;89.3;2019-04-03;2019;4;14;93;3;2;2218;58;10;True
2019-04-03 11:00:00+00:00;True;10.52;631.27;76.4;2019-04-03;2019;4;14;93;3;2;2219;59;11;True
2019-04-03 12:00:00+00:00;True;11.44;645.24;72.3;2019-04-03;2019;4;14;93;3;2;2220;60;12;True
2019-04-03 13:00:00+00:00;True;12.0;605.94;57.8;2019-04-03;2019;4;14;93;3;2;2221;61;13;True
2019-04-03 14:00:00+00:00;True;12.45;537.12;42.1;2019-04-03;2019;4;14;93;3;2;2222;62;14;True
2019-04-03 15:00:00+00:00;True;12.72;426.46;49.3;2019-04-03;2019;4;14;93;3;2;2223;63;15;True
2019-04-03 16:00:00+00:00;True;12.78;293.09;31.6;2019-04-03;2019;4;14;93;3;2;2224;64;16;True
2019-04-03 17:00:00+00:00;True;12.39;151.86;37.6;2019-04-03;2019;4;14;93;3;2;2225;65;17;True
2019-04-03 18:00:00+00:00;True;11.33;33.15;36.3;2019-04-03;2019;4;14;93;3;2;2226;66;18;True
2019-04-03 19:00:00+00:00;True;9.5;0.0;19.0;2019-04-03;2019;4;14;93;3;2;2227;67;19;True
2019-04-03 20:00:00+00:00;True;7.62;0.0;27.6;2019-04-03;2019;4;14;93;3;2;2228;68;20;True
2019-04-03 21:00:00+00:00;True;6.82;0.0;30.0;2019-04-03;2019;4;14;93;3;2;2229;69;21;True
2019-04-03 22:00:00+00:00;True;5.94;0.05;16.2;2019-04-03;2019;4;14;93;3;2;2230;70;22;True
2019-04-03 23:00:00+00:00;True;5.47;0.41;18.6;2019-04-03;2019;4;14;93;3;2;2231;71;23;True
2019-04-04 00:00:00+00:00;True;4.68;0.68;22.3;2019-04-04;2019;4;14;94;4;3;2232;72;0;True
2019-04-04 01:00:00+00:00;True;3.98;0.76;23.3;2019-04-04;2019;4;14;94;4;3;2233;73;1;True
2019-04-04 02:00:00+00:00;True;3.08;0.97;25.9;2019-04-04;2019;4;14;94;4;3;2234;74;2;True
2019-04-04 03:00:00+00:00;True;2.13;1.39;33.3;2019-04-04;2019;4;14;94;4;3;2235;75;3;True
2019-04-04 04:00:00+00:00;True;1.6;1.54;31.0;2019-04-04;2019;4;14;94;4;3;2236;76;4;True
2019-04-04 05:00:00+00:00;True;1.18;7.86;41.1;2019-04-04;2019;4;14;94;4;3;2237;77;5;True
2019-04-04 06:00:00+00:00;True;1.27;79.14;34.7;2019-04-04;2019;4;14;94;4;3;2238;78;6;True
2019-04-04 07:00:00+00:00;True;3.02;210.09;37.7;2019-04-04;2019;4;14;94;4;3;2239;79;7;True
2019-04-04 08:00:00+00:00;True;5.8;351.06;48.2;2019-04-04;2019;4;14;94;4;3;2240;80;8;True
2019-04-04 09:00:00+00:00;True;9.0;471.73;107.4;2019-04-04;2019;4;14;94;4;3;2241;81;9;True
2019-04-04 10:00:00+00:00;True;10.52;564.12;87.7;2019-04-04;2019;4;14;94;4;3;2242;82;10;True
2019-04-04 11:00:00+00:00;True;11.17;619.52;21.5;2019-04-04;2019;4;14;94;4;3;2243;83;11;True
2019-04-04 12:00:00+00:00;True;12.08;631.46;64.7;2019-04-04;2019;4;14;94;4;3;2244;84;12;True
2019-04-04 13:00:00+00:00;True;12.47;601.62;40.0;2019-04-04;2019;4;14;94;4;3;2245;85;13;True
2019-04-04 14:00:00+00:00;True;12.87;529.87;30.9;2019-04-04;2019;4;14;94;4;3;2246;86;14;True
2019-04-04 15:00:00+00:00;True;13.1;421.19;42.8;2019-04-04;2019;4;14;94;4;3;2247;87;15;True
2019-04-04 16:00:00+00:00;True;13.15;290.11;35.4;2019-04-04;2019;4;14;94;4;3;2248;88;16;True
2019-04-04 17:00:00+00:00;True;12.85;148.82;23.9;2019-04-04;2019;4;14;94;4;3;2249;89;17;True
2019-04-04 18:00:00+00:00;True;11.89;32.75;27.5;2019-04-04;2019;4;14;94;4;3;2250;90;18;True
2019-04-04 19:00:00+00:00;True;10.04;0.05;14.0;2019-04-04;2019;4;14;94;4;3;2251;91;19;True
2019-04-04 20:00:00+00:00;True;8.56;0.0;24.1;2019-04-04;2019;4;14;94;4;3;2252;92;20;True
2019-04-04 21:00:00+00:00;True;7.9;0.0;29.1;2019-04-04;2019;4;14;94;4;3;2253;93;21;True
2019-04-04 22:00:00+00:00;True;7.04;0.0;12.3;2019-04-04;2019;4;14;94;4;3;2254;94;22;True
2019-04-04 23:00:00+00:00;True;6.26;0.18;20.8;2019-04-04;2019;4;14;94;4;3;2255;95;23;True
2019-04-05 00:00:00+00:00;True;5.52;0.55;20.0;2019-04-05;2019;4;14;95;5;4;2256;96;0;True
2019-04-05 01:00:00+00:00;True;4.93;0.67;33.2;2019-04-05;2019;4;14;95;5;4;2257;97;1;True
2019-04-05 02:00:00+00:00;True;3.82;0.76;34.4;2019-04-05;2019;4;14;95;5;4;2258;98;2;True
2019-04-05 03:00:00+00:00;True;3.89;0.98;38.3;2019-04-05;2019;4;14;95;5;4;2259;99;3;True
2019-04-05 04:00:00+00:00;True;3.08;1.03;23.2;2019-04-05;2019;4;14;95;5;4;2260;100;4;True
2019-04-05 05:00:00+00:00;True;2.29;7.39;26.3;2019-04-05;2019;4;14;95;5;4;2261;101;5;True
2019-04-05 06:00:00+00:00;True;1.86;76.48;36.3;2019-04-05;2019;4;14;95;5;4;2262;102;6;True
2019-04-05 07:00:00+00:00;True;3.56;213.73;37.2;2019-04-05;2019;4;14;95;5;4;2263;103;7;True
2019-04-05 08:00:00+00:00;True;6.62;350.01;41.8;2019-04-05;2019;4;14;95;5;4;2264;104;8;True
2019-04-05 09:00:00+00:00;True;9.46;458.75;98.6;2019-04-05;2019;4;14;95;5;4;2265;105;9;True
2019-04-05 10:00:00+00:00;True;10.96;571.83;132.0;2019-04-05;2019;4;14;95;5;4;2266;106;10;True
2019-04-05 11:00:00+00:00;True;11.49;632.62;32.7;2019-04-05;2019;4;14;95;5;4;2267;107;11;True
2019-04-05 12:00:00+00:00;True;11.99;636.86;63.5;2019-04-05;2019;4;14;95;5;4;2268;108;12;True
2019-04-05 13:00:00+00:00;True;12.44;605.47;42.2;2019-04-05;2019;4;14;95;5;4;2269;109;13;True
2019-04-05 14:00:00+00:00;True;12.47;501.84;52.9;2019-04-05;2019;4;14;95;5;4;2270;110;14;True
2019-04-05 15:00:00+00:00;True;12.61;431.77;58.1;2019-04-05;2019;4;14;95;5;4;2271;111;15;True
2019-04-05 16:00:00+00:00;True;12.71;281.65;30.7;2019-04-05;2019;4;14;95;5;4;2272;112;16;True
2019-04-05 17:00:00+00:00;True;12.47;117.65;25.8;2019-04-05;2019;4;14;95;5;4;2273;113;17;True
2019-04-05 18:00:00+00:00;True;11.67;19.51;20.0;2019-04-05;2019;4;14;95;5;4;2274;114;18;True
2019-04-05 19:00:00+00:00;True;9.49;0.0;53.5;2019-04-05;2019;4;14;95;5;4;2275;115;19;True
2019-04-05 20:00:00+00:00;True;7.38;0.0;24.1;2019-04-05;2019;4;14;95;5;4;2276;116;20;True
2019-04-05 21:00:00+00:00;True;6.32;0.0;28.9;2019-04-05;2019;4;14;95;5;4;2277;117;21;True
2019-04-05 22:00:00+00:00;True;6.01;0.0;14.6;2019-04-05;2019;4;14;95;5;4;2278;118;22;True
2019-04-05 23:00:00+00:00;True;5.53;0.14;18.2;2019-04-05;2019;4;14;95;5;4;2279;119;23;True
2019-04-06 00:00:00+00:00;True;5.45;0.5;21.6;2019-04-06;2019;4;14;96;6;5;2280;120;0;False
2019-04-06 01:00:00+00:00;True;4.75;0.64;19.4;2019-04-06;2019;4;14;96;6;5;2281;121;1;False
2019-04-06 02:00:00+00:00;True;4.32;0.82;30.8;2019-04-06;2019;4;14;96;6;5;2282;122;2;False
2019-04-06 03:00:00+00:00;True;3.88;1.03;36.1;2019-04-06;2019;4;14;96;6;5;2283;123;3;False
2019-04-06 04:00:00+00:00;True;3.19;1.02;41.2;2019-04-06;2019;4;14;96;6;5;2284;124;4;False
2019-04-06 05:00:00+00:00;True;2.51;9.74;37.9;2019-04-06;2019;4;14;96;6;5;2285;125;5;False
2019-04-06 06:00:00+00:00;True;2.17;93.11;39.9;2019-04-06;2019;4;14;96;6;5;2286;126;6;False
2019-04-06 07:00:00+00:00;True;3.5;232.71;43.7;2019-04-06;2019;4;14;96;6;5;2287;127;7;False
2019-04-06 08:00:00+00:00;True;5.75;374.09;33.4;2019-04-06;2019;4;14;96;6;5;2288;128;8;False
2019-04-06 09:00:00+00:00;True;8.24;497.25;27.5;2019-04-06;2019;4;14;96;6;5;2289;129;9;False
2019-04-06 10:00:00+00:00;True;10.5;590.35;28.0;2019-04-06;2019;4;14;96;6;5;2290;130;10;False
2019-04-06 11:00:00+00:00;True;11.86;641.08;1.9;2019-04-06;2019;4;14;96;6;5;2291;131;11;False
2019-04-06 12:00:00+00:00;True;12.32;656.29;14.4;2019-04-06;2019;4;14;96;6;5;2292;132;12;False
2019-04-06 13:00:00+00:00;True;12.61;624.37;22.8;2019-04-06;2019;4;14;96;6;5;2293;133;13;False
2019-04-06 14:00:00+00:00;True;12.93;543.78;8.3;2019-04-06;2019;4;14;96;6;5;2294;134;14;False
2019-04-06 15:00:00+00:00;True;13.17;428.85;8.8;2019-04-06;2019;4;14;96;6;5;2295;135;15;False
2019-04-06 16:00:00+00:00;True;13.24;288.82;7.2;2019-04-06;2019;4;14;96;6;5;2296;136;16;False
2019-04-06 17:00:00+00:00;True;13.01;151.7;19.2;2019-04-06;2019;4;14;96;6;5;2297;137;17;False
2019-04-06 18:00:00+00:00;True;12.06;37.86;10.2;2019-04-06;2019;4;14;96;6;5;2298;138;18;False
2019-04-06 19:00:00+00:00;True;10.07;0.28;5.2;2019-04-06;2019;4;14;96;6;5;2299;139;19;False
2019-04-06 20:00:00+00:00;True;8.32;0.0;25.9;2019-04-06;2019;4;14;96;6;5;2300;140;20;False
2019-04-06 21:00:00+00:00;True;7.04;0.0;22.0;2019-04-06;2019;4;14;96;6;5;2301;141;21;False
2019-04-06 22:00:00+00:00;True;6.16;0.0;12.2;2019-04-06;2019;4;14;96;6;5;2302;142;22;False
2019-04-06 23:00:00+00:00;True;5.85;0.01;12.4;2019-04-06;2019;4;14;96;6;5;2303;143;23;False
2019-04-07 00:00:00+00:00;True;5.36;0.06;13.7;2019-04-07;2019;4;14;97;7;6;2304;144;0;False
2019-04-07 01:00:00+00:00;True;4.92;0.41;27.0;2019-04-07;2019;4;14;97;7;6;2305;145;1;False
2019-04-07 02:00:00+00:00;True;4.17;0.77;26.2;2019-04-07;2019;4;14;97;7;6;2306;146;2;False
2019-04-07 03:00:00+00:00;True;3.37;0.63;27.8;2019-04-07;2019;4;14;97;7;6;2307;147;3;False
2019-04-07 04:00:00+00:00;True;2.66;1.06;27.8;2019-04-07;2019;4;14;97;7;6;2308;148;4;False
2019-04-07 05:00:00+00:00;True;1.88;10.88;23.8;2019-04-07;2019;4;14;97;7;6;2309;149;5;False
2019-04-07 06:00:00+00:00;True;1.85;83.47;27.4;2019-04-07;2019;4;14;97;7;6;2310;150;6;False
2019-04-07 07:00:00+00:00;True;2.95;206.63;25.2;2019-04-07;2019;4;14;97;7;6;2311;151;7;False
2019-04-07 08:00:00+00:00;True;4.83;340.37;27.1;2019-04-07;2019;4;14;97;7;6;2312;152;8;False
2019-04-07 09:00:00+00:00;True;6.75;456.65;28.9;2019-04-07;2019;4;14;97;7;6;2313;153;9;False
2019-04-07 10:00:00+00:00;True;8.53;554.03;25.5;2019-04-07;2019;4;14;97;7;6;2314;154;10;False
2019-04-07 11:00:00+00:00;True;10.0;604.79;12.4;2019-04-07;2019;4;14;97;7;6;2315;155;11;False
2019-04-07 12:00:00+00:00;True;11.7;608.92;32.7;2019-04-07;2019;4;14;97;7;6;2316;156;12;False
2019-04-07 13:00:00+00:00;True;12.65;566.05;13.2;2019-04-07;2019;4;14;97;7;6;2317;157;13;False
2019-04-07 14:00:00+00:00;True;13.11;433.83;10.2;2019-04-07;2019;4;14;97;7;6;2318;158;14;False
2019-04-07 15:00:00+00:00;True;12.78;221.98;19.2;2019-04-07;2019;4;14;97;7;6;2319;159;15;False
2019-04-07 16:00:00+00:00;True;12.33;74.19;10.9;2019-04-07;2019;4;14;97;7;6;2320;160;16;False
2019-04-07 17:00:00+00:00;True;11.86;53.48;9.0;2019-04-07;2019;4;14;97;7;6;2321;161;17;False
2019-04-07 18:00:00+00:00;True;11.44;18.29;14.4;2019-04-07;2019;4;14;97;7;6;2322;162;18;False
2019-04-07 19:00:00+00:00;True;10.52;0.0;19.0;2019-04-07;2019;4;14;97;7;6;2323;163;19;False
2019-04-07 20:00:00+00:00;True;9.79;0.0;14.9;2019-04-07;2019;4;14;97;7;6;2324;164;20;False
2019-04-07 21:00:00+00:00;True;9.62;0.0;14.2;2019-04-07;2019;4;14;97;7;6;2325;165;21;False
2019-04-07 22:00:00+00:00;True;9.36;0.0;9.6;2019-04-07;2019;4;14;97;7;6;2326;166;22;False
2019-04-07 23:00:00+00:00;True;9.07;0.34;8.9;2019-04-07;2019;4;14;97;7;6;2327;167;23;False
2019-04-08 00:00:00+00:00;True;8.15;0.44;9.8;2019-04-08;2019;4;15;98;8;0;2328;0;0;True
2019-04-08 01:00:00+00:00;True;7.58;0.68;25.0;2019-04-08;2019;4;15;98;8;0;2329;1;1;True
2019-04-08 02:00:00+00:00;True;6.87;0.8;17.1;2019-04-08;2019;4;15;98;8;0;2330;2;2;True
2019-04-08 03:00:00+00:00;True;6.86;1.3;17.3;2019-04-08;2019;4;15;98;8;0;2331;3;3;True
2019-04-08 04:00:00+00:00;True;6.82;1.3;19.3;2019-04-08;2019;4;15;98;8;0;2332;4;4;True
2019-04-08 05:00:00+00:00;True;4.89;5.17;28.8;2019-04-08;2019;4;15;98;8;0;2333;5;5;True
2019-04-08 06:00:00+00:00;True;3.22;26.33;23.8;2019-04-08;2019;4;15;98;8;0;2334;6;6;True
2019-04-08 07:00:00+00:00;True;2.11;47.39;39.0;2019-04-08;2019;4;15;98;8;0;2335;7;7;True
2019-04-08 08:00:00+00:00;True;2.31;181.99;34.7;2019-04-08;2019;4;15;98;8;0;2336;8;8;True
2019-04-08 09:00:00+00:00;True;3.46;270.55;84.3;2019-04-08;2019;4;15;98;8;0;2337;9;9;True
2019-04-08 10:00:00+00:00;True;4.36;216.55;87.6;2019-04-08;2019;4;15;98;8;0;2338;10;10;True
2019-04-08 11:00:00+00:00;True;4.7;230.09;79.7;2019-04-08;2019;4;15;98;8;0;2339;11;11;True
2019-04-08 12:00:00+00:00;True;5.5;243.06;53.5;2019-04-08;2019;4;15;98;8;0;2340;12;12;True
2019-04-08 13:00:00+00:00;True;5.75;212.96;66.4;2019-04-08;2019;4;15;98;8;0;2341;13;13;True
2019-04-08 14:00:00+00:00;True;5.68;131.79;85.0;2019-04-08;2019;4;15;98;8;0;2342;14;14;True
2019-04-08 15:00:00+00:00;True;5.72;136.62;63.4;2019-04-08;2019;4;15;98;8;0;2343;15;15;True
2019-04-08 16:00:00+00:00;True;4.56;22.46;69.8;2019-04-08;2019;4;15;98;8;0;2344;16;16;True
2019-04-08 17:00:00+00:00;True;3.61;32.47;70.8;2019-04-08;2019;4;15;98;8;0;2345;17;17;True
2019-04-08 18:00:00+00:00;True;3.31;5.99;28.9;2019-04-08;2019;4;15;98;8;0;2346;18;18;True
2019-04-08 19:00:00+00:00;True;2.61;0.31;39.3;2019-04-08;2019;4;15;98;8;0;2347;19;19;True
2019-04-08 20:00:00+00:00;True;1.88;0.37;29.5;2019-04-08;2019;4;15;98;8;0;2348;20;20;True
2019-04-08 21:00:00+00:00;True;1.96;1.33;33.4;2019-04-08;2019;4;15;98;8;0;2349;21;21;True
2019-04-08 22:00:00+00:00;True;1.85;2.19;12.2;2019-04-08;2019;4;15;98;8;0;2350;22;22;True
2019-04-08 23:00:00+00:00;True;1.7;2.83;14.7;2019-04-08;2019;4;15;98;8;0;2351;23;23;True
2019-04-09 00:00:00+00:00;True;1.61;2.94;26.1;2019-04-09;2019;4;15;99;9;1;2352;24;0;True
2019-04-09 01:00:00+00:00;True;1.57;3.44;18.4;2019-04-09;2019;4;15;99;9;1;2353;25;1;True
2019-04-09 02:00:00+00:00;True;1.42;3.12;17.1;2019-04-09;2019;4;15;99;9;1;2354;26;2;True
2019-04-09 03:00:00+00:00;True;0.98;3.23;16.0;2019-04-09;2019;4;15;99;9;1;2355;27;3;True
2019-04-09 04:00:00+00:00;True;1.07;3.39;16.9;2019-04-09;2019;4;15;99;9;1;2356;28;4;True
2019-04-09 05:00:00+00:00;True;0.56;4.8;18.3;2019-04-09;2019;4;15;99;9;1;2357;29;5;True
2019-04-09 06:00:00+00:00;True;0.96;17.56;22.7;2019-04-09;2019;4;15;99;9;1;2358;30;6;True
2019-04-09 07:00:00+00:00;True;1.07;42.36;30.4;2019-04-09;2019;4;15;99;9;1;2359;31;7;True
2019-04-09 08:00:00+00:00;True;1.42;60.33;28.5;2019-04-09;2019;4;15;99;9;1;2360;32;8;True
2019-04-09 09:00:00+00:00;True;1.5;59.29;109.2;2019-04-09;2019;4;15;99;9;1;2361;33;9;True
2019-04-09 10:00:00+00:00;True;1.73;78.27;118.9;2019-04-09;2019;4;15;99;9;1;2362;34;10;True
2019-04-09 11:00:00+00:00;True;1.79;97.29;94.3;2019-04-09;2019;4;15;99;9;1;2363;35;11;True
2019-04-09 12:00:00+00:00;True;2.16;170.22;99.5;2019-04-09;2019;4;15;99;9;1;2364;36;12;True
2019-04-09 13:00:00+00:00;True;2.05;109.71;94.9;2019-04-09;2019;4;15;99;9;1;2365;37;13;True
2019-04-09 14:00:00+00:00;True;2.44;165.97;99.3;2019-04-09;2019;4;15;99;9;1;2366;38;14;True
2019-04-09 15:00:00+00:00;True;2.32;160.53;93.3;2019-04-09;2019;4;15;99;9;1;2367;39;15;True
2019-04-09 16:00:00+00:00;True;2.31;128.38;94.2;2019-04-09;2019;4;15;99;9;1;2368;40;16;True
2019-04-09 17:00:00+00:00;True;2.02;55.96;67.7;2019-04-09;2019;4;15;99;9;1;2369;41;17;True
2019-04-09 18:00:00+00:00;True;1.86;14.11;43.2;2019-04-09;2019;4;15;99;9;1;2370;42;18;True
2019-04-09 19:00:00+00:00;True;1.31;0.14;35.5;2019-04-09;2019;4;15;99;9;1;2371;43;19;True
2019-04-09 20:00:00+00:00;True;0.95;0.01;36.3;2019-04-09;2019;4;15;99;9;1;2372;44;20;True
2019-04-09 21:00:00+00:00;True;0.64;0.33;36.4;2019-04-09;2019;4;15;99;9;1;2373;45;21;True
2019-04-09 22:00:00+00:00;True;0.37;0.81;27.1;2019-04-09;2019;4;15;99;9;1;2374;46;22;True
2019-04-09 23:00:00+00:00;True;0.26;1.36;37.4;2019-04-09;2019;4;15;99;9;1;2375;47;23;True
2019-04-10 00:00:00+00:00;True;0.28;1.85;23.8;2019-04-10;2019;4;15;100;10;2;2376;48;0;True
2019-04-10 01:00:00+00:00;True;0.28;1.94;23.7;2019-04-10;2019;4;15;100;10;2;2377;49;1;True
2019-04-10 02:00:00+00:00;True;0.26;1.84;25.8;2019-04-10;2019;4;15;100;10;2;2378;50;2;True
2019-04-10 03:00:00+00:00;True;0.22;1.93;34.9;2019-04-10;2019;4;15;100;10;2;2379;51;3;True
2019-04-10 04:00:00+00:00;True;0.02;2.17;28.2;2019-04-10;2019;4;15;100;10;2;2380;52;4;True
2019-04-10 05:00:00+00:00;True;0.0;5.84;36.0;2019-04-10;2019;4;15;100;10;2;2381;53;5;True
2019-04-10 06:00:00+00:00;True;0.01;38.13;35.0;2019-04-10;2019;4;15;100;10;2;2382;54;6;True
2019-04-10 07:00:00+00:00;True;0.4;56.73;39.8;2019-04-10;2019;4;15;100;10;2;2383;55;7;True
2019-04-10 08:00:00+00:00;True;1.06;108.78;56.7;2019-04-10;2019;4;15;100;10;2;2384;56;8;True
2019-04-10 09:00:00+00:00;True;1.58;179.61;118.8;2019-04-10;2019;4;15;100;10;2;2385;57;9;True
2019-04-10 10:00:00+00:00;True;1.78;176.41;101.1;2019-04-10;2019;4;15;100;10;2;2386;58;10;True
2019-04-10 11:00:00+00:00;True;1.7;227.36;107.0;2019-04-10;2019;4;15;100;10;2;2387;59;11;True
2019-04-10 12:00:00+00:00;True;1.64;176.29;94.8;2019-04-10;2019;4;15;100;10;2;2388;60;12;True
2019-04-10 13:00:00+00:00;True;2.0;169.45;92.6;2019-04-10;2019;4;15;100;10;2;2389;61;13;True
2019-04-10 14:00:00+00:00;True;1.77;107.97;98.7;2019-04-10;2019;4;15;100;10;2;2390;62;14;True
2019-04-10 15:00:00+00:00;True;1.9;121.81;96.8;2019-04-10;2019;4;15;100;10;2;2391;63;15;True
2019-04-10 16:00:00+00:00;True;1.99;124.37;90.3;2019-04-10;2019;4;15;100;10;2;2392;64;16;True
2019-04-10 17:00:00+00:00;True;1.41;31.22;72.0;2019-04-10;2019;4;15;100;10;2;2393;65;17;True
2019-04-10 18:00:00+00:00;True;0.74;9.67;54.3;2019-04-10;2019;4;15;100;10;2;2394;66;18;True
2019-04-10 19:00:00+00:00;True;0.4;1.78;41.8;2019-04-10;2019;4;15;100;10;2;2395;67;19;True
2019-04-10 20:00:00+00:00;True;-0.04;0.55;49.5;2019-04-10;2019;4;15;100;10;2;2396;68;20;True
2019-04-10 21:00:00+00:00;True;-0.62;0.07;39.3;2019-04-10;2019;4;15;100;10;2;2397;69;21;True
2019-04-10 22:00:00+00:00;True;-0.62;0.78;28.8;2019-04-10;2019;4;15;100;10;2;2398;70;22;True
2019-04-10 23:00:00+00:00;True;-0.83;1.78;29.5;2019-04-10;2019;4;15;100;10;2;2399;71;23;True
2019-04-11 00:00:00+00:00;True;-1.0;2.28;28.5;2019-04-11;2019;4;15;101;11;3;2400;72;0;True
2019-04-11 01:00:00+00:00;True;-1.15;2.49;30.3;2019-04-11;2019;4;15;101;11;3;2401;73;1;True
2019-04-11 02:00:00+00:00;True;-1.15;2.71;29.2;2019-04-11;2019;4;15;101;11;3;2402;74;2;True
2019-04-11 03:00:00+00:00;True;-1.16;2.59;29.0;2019-04-11;2019;4;15;101;11;3;2403;75;3;True
2019-04-11 04:00:00+00:00;True;-1.27;2.59;33.1;2019-04-11;2019;4;15;101;11;3;2404;76;4;True
2019-04-11 05:00:00+00:00;True;-1.37;6.13;28.8;2019-04-11;2019;4;15;101;11;3;2405;77;5;True
2019-04-11 06:00:00+00:00;True;-1.56;39.73;41.4;2019-04-11;2019;4;15;101;11;3;2406;78;6;True
2019-04-11 07:00:00+00:00;True;-1.61;68.53;35.5;2019-04-11;2019;4;15;101;11;3;2407;79;7;True
2019-04-11 08:00:00+00:00;True;-1.46;78.58;55.4;2019-04-11;2019;4;15;101;11;3;2408;80;8;True
2019-04-11 09:00:00+00:00;True;-1.33;164.88;114.0;2019-04-11;2019;4;15;101;11;3;2409;81;9;True
2019-04-11 10:00:00+00:00;True;-1.07;208.3;113.2;2019-04-11;2019;4;15;101;11;3;2410;82;10;True
2019-04-11 11:00:00+00:00;True;-0.63;217.32;113.9;2019-04-11;2019;4;15;101;11;3;2411;83;11;True
2019-04-11 12:00:00+00:00;True;-0.45;167.59;114.9;2019-04-11;2019;4;15;101;11;3;2412;84;12;True
2019-04-11 13:00:00+00:00;True;-0.26;155.96;109.9;2019-04-11;2019;4;15;101;11;3;2413;85;13;True
2019-04-11 14:00:00+00:00;True;-0.09;128.26;114.5;2019-04-11;2019;4;15;101;11;3;2414;86;14;True
2019-04-11 15:00:00+00:00;True;0.05;134.82;113.5;2019-04-11;2019;4;15;101;11;3;2415;87;15;True
2019-04-11 16:00:00+00:00;True;-0.12;93.94;100.1;2019-04-11;2019;4;15;101;11;3;2416;88;16;True
2019-04-11 17:00:00+00:00;True;-0.35;49.7;84.2;2019-04-11;2019;4;15;101;11;3;2417;89;17;True
2019-04-11 18:00:00+00:00;True;-0.57;17.27;50.5;2019-04-11;2019;4;15;101;11;3;2418;90;18;True
2019-04-11 19:00:00+00:00;True;-0.74;0.7;43.9;2019-04-11;2019;4;15;101;11;3;2419;91;19;True
2019-04-11 20:00:00+00:00;True;-0.91;0.02;49.2;2019-04-11;2019;4;15;101;11;3;2420;92;20;True
2019-04-11 21:00:00+00:00;True;-1.05;0.55;53.3;2019-04-11;2019;4;15;101;11;3;2421;93;21;True
2019-04-11 22:00:00+00:00;True;-1.12;1.54;31.8;2019-04-11;2019;4;15;101;11;3;2422;94;22;True
2019-04-11 23:00:00+00:00;True;-1.16;1.93;26.0;2019-04-11;2019;4;15;101;11;3;2423;95;23;True
2019-04-12 00:00:00+00:00;True;-1.27;2.33;30.8;2019-04-12;2019;4;15;102;12;4;2424;96;0;True
2019-04-12 01:00:00+00:00;True;-1.31;2.36;32.3;2019-04-12;2019;4;15;102;12;4;2425;97;1;True
2019-04-12 02:00:00+00:00;True;-1.36;2.28;31.7;2019-04-12;2019;4;15;102;12;4;2426;98;2;True
2019-04-12 03:00:00+00:00;True;-1.38;2.22;42.5;2019-04-12;2019;4;15;102;12;4;2427;99;3;True
2019-04-12 04:00:00+00:00;True;-1.27;2.47;42.1;2019-04-12;2019;4;15;102;12;4;2428;100;4;True
2019-04-12 05:00:00+00:00;True;-1.28;5.61;29.1;2019-04-12;2019;4;15;102;12;4;2429;101;5;True
2019-04-12 06:00:00+00:00;True;-1.13;28.01;25.6;2019-04-12;2019;4;15;102;12;4;2430;102;6;True
2019-04-12 07:00:00+00:00;True;-0.97;71.83;49.6;2019-04-12;2019;4;15;102;12;4;2431;103;7;True
2019-04-12 08:00:00+00:00;True;-0.73;108.64;61.0;2019-04-12;2019;4;15;102;12;4;2432;104;8;True
2019-04-12 09:00:00+00:00;True;-0.3;163.12;130.7;2019-04-12;2019;4;15;102;12;4;2433;105;9;True
2019-04-12 10:00:00+00:00;True;0.38;394.98;124.9;2019-04-12;2019;4;15;102;12;4;2434;106;10;True
2019-04-12 11:00:00+00:00;True;1.0;316.87;103.4;2019-04-12;2019;4;15;102;12;4;2435;107;11;True
2019-04-12 12:00:00+00:00;True;1.38;335.99;116.2;2019-04-12;2019;4;15;102;12;4;2436;108;12;True
2019-04-12 13:00:00+00:00;True;2.06;255.22;114.3;2019-04-12;2019;4;15;102;12;4;2437;109;13;True
2019-04-12 14:00:00+00:00;True;2.47;261.72;96.3;2019-04-12;2019;4;15;102;12;4;2438;110;14;True
2019-04-12 15:00:00+00:00;True;3.38;348.46;93.4;2019-04-12;2019;4;15;102;12;4;2439;111;15;True
2019-04-12 16:00:00+00:00;True;3.96;297.73;109.4;2019-04-12;2019;4;15;102;12;4;2440;112;16;True
2019-04-12 17:00:00+00:00;True;3.75;141.72;77.0;2019-04-12;2019;4;15;102;12;4;2441;113;17;True
2019-04-12 18:00:00+00:00;True;3.5;46.25;45.9;2019-04-12;2019;4;15;102;12;4;2442;114;18;True
2019-04-12 19:00:00+00:00;True;2.69;1.97;26.4;2019-04-12;2019;4;15;102;12;4;2443;115;19;True
2019-04-12 20:00:00+00:00;True;1.56;0.03;44.1;2019-04-12;2019;4;15;102;12;4;2444;116;20;True
2019-04-12 21:00:00+00:00;True;0.39;0.04;41.8;2019-04-12;2019;4;15;102;12;4;2445;117;21;True
2019-04-12 22:00:00+00:00;True;-0.4;0.01;27.7;2019-04-12;2019;4;15;102;12;4;2446;118;22;True
2019-04-12 23:00:00+00:00;True;-1.14;0.84;27.9;2019-04-12;2019;4;15;102;12;4;2447;119;23;True
2019-04-13 00:00:00+00:00;True;-1.67;1.56;34.2;2019-04-13;2019;4;15;103;13;5;2448;120;0;False
2019-04-13 01:00:00+00:00;True;-2.09;1.65;35.2;2019-04-13;2019;4;15;103;13;5;2449;121;1;False
2019-04-13 02:00:00+00:00;True;-2.35;1.85;46.4;2019-04-13;2019;4;15;103;13;5;2450;122;2;False
2019-04-13 03:00:00+00:00;True;-2.48;1.92;41.4;2019-04-13;2019;4;15;103;13;5;2451;123;3;False
2019-04-13 04:00:00+00:00;True;-2.67;2.28;34.3;2019-04-13;2019;4;15;103;13;5;2452;124;4;False
2019-04-13 05:00:00+00:00;True;-2.82;24.72;46.2;2019-04-13;2019;4;15;103;13;5;2453;125;5;False
2019-04-13 06:00:00+00:00;True;-2.22;130.96;35.1;2019-04-13;2019;4;15;103;13;5;2454;126;6;False
2019-04-13 07:00:00+00:00;True;-0.05;237.79;37.2;2019-04-13;2019;4;15;103;13;5;2455;127;7;False
2019-04-13 08:00:00+00:00;True;1.71;370.89;40.9;2019-04-13;2019;4;15;103;13;5;2456;128;8;False
2019-04-13 09:00:00+00:00;True;3.22;456.82;41.9;2019-04-13;2019;4;15;103;13;5;2457;129;9;False
2019-04-13 10:00:00+00:00;True;3.98;449.12;48.6;2019-04-13;2019;4;15;103;13;5;2458;130;10;False
2019-04-13 11:00:00+00:00;True;4.23;251.8;36.4;2019-04-13;2019;4;15;103;13;5;2459;131;11;False
2019-04-13 12:00:00+00:00;True;4.58;288.1;26.3;2019-04-13;2019;4;15;103;13;5;2460;132;12;False
2019-04-13 13:00:00+00:00;True;5.01;322.78;23.8;2019-04-13;2019;4;15;103;13;5;2461;133;13;False
2019-04-13 14:00:00+00:00;True;5.23;239.33;37.7;2019-04-13;2019;4;15;103;13;5;2462;134;14;False
2019-04-13 15:00:00+00:00;True;5.26;178.77;22.4;2019-04-13;2019;4;15;103;13;5;2463;135;15;False
2019-04-13 16:00:00+00:00;True;5.22;178.43;28.5;2019-04-13;2019;4;15;103;13;5;2464;136;16;False
2019-04-13 17:00:00+00:00;True;4.98;79.89;37.4;2019-04-13;2019;4;15;103;13;5;2465;137;17;False
2019-04-13 18:00:00+00:00;True;4.47;23.37;43.8;2019-04-13;2019;4;15;103;13;5;2466;138;18;False
2019-04-13 19:00:00+00:00;True;4.02;0.94;33.0;2019-04-13;2019;4;15;103;13;5;2467;139;19;False
2019-04-13 20:00:00+00:00;True;3.64;0.15;28.8;2019-04-13;2019;4;15;103;13;5;2468;140;20;False
2019-04-13 21:00:00+00:00;True;3.29;0.12;45.6;2019-04-13;2019;4;15;103;13;5;2469;141;21;False
2019-04-13 22:00:00+00:00;True;3.09;0.35;26.9;2019-04-13;2019;4;15;103;13;5;2470;142;22;False
2019-04-13 23:00:00+00:00;True;2.57;0.09;17.7;2019-04-13;2019;4;15;103;13;5;2471;143;23;False
2019-04-14 00:00:00+00:00;True;1.75;0.28;17.4;2019-04-14;2019;4;15;104;14;6;2472;144;0;False
2019-04-14 01:00:00+00:00;True;1.59;1.01;31.9;2019-04-14;2019;4;15;104;14;6;2473;145;1;False
2019-04-14 02:00:00+00:00;True;1.25;1.22;19.1;2019-04-14;2019;4;15;104;14;6;2474;146;2;False
2019-04-14 03:00:00+00:00;True;0.24;1.31;23.9;2019-04-14;2019;4;15;104;14;6;2475;147;3;False
2019-04-14 04:00:00+00:00;True;-0.56;2.01;25.7;2019-04-14;2019;4;15;104;14;6;2476;148;4;False
2019-04-14 05:00:00+00:00;True;-0.79;30.68;34.2;2019-04-14;2019;4;15;104;14;6;2477;149;5;False
2019-04-14 06:00:00+00:00;True;0.03;139.99;38.1;2019-04-14;2019;4;15;104;14;6;2478;150;6;False
2019-04-14 07:00:00+00:00;True;1.4;280.95;34.1;2019-04-14;2019;4;15;104;14;6;2479;151;7;False
2019-04-14 08:00:00+00:00;True;3.26;423.32;37.6;2019-04-14;2019;4;15;104;14;6;2480;152;8;False
2019-04-14 09:00:00+00:00;True;4.48;562.29;40.0;2019-04-14;2019;4;15;104;14;6;2481;153;9;False
2019-04-14 10:00:00+00:00;True;5.36;648.45;22.7;2019-04-14;2019;4;15;104;14;6;2482;154;10;False
2019-04-14 11:00:00+00:00;True;6.0;607.52;7.1;2019-04-14;2019;4;15;104;14;6;2483;155;11;False
2019-04-14 12:00:00+00:00;True;6.43;560.47;23.7;2019-04-14;2019;4;15;104;14;6;2484;156;12;False
2019-04-14 13:00:00+00:00;True;7.16;590.15;38.6;2019-04-14;2019;4;15;104;14;6;2485;157;13;False
2019-04-14 14:00:00+00:00;True;7.34;571.9;16.8;2019-04-14;2019;4;15;104;14;6;2486;158;14;False
2019-04-14 15:00:00+00:00;True;7.51;484.32;30.5;2019-04-14;2019;4;15;104;14;6;2487;159;15;False
2019-04-14 16:00:00+00:00;True;7.48;348.86;34.0;2019-04-14;2019;4;15;104;14;6;2488;160;16;False
2019-04-14 17:00:00+00:00;True;7.2;204.36;35.3;2019-04-14;2019;4;15;104;14;6;2489;161;17;False
2019-04-14 18:00:00+00:00;True;6.23;70.88;37.3;2019-04-14;2019;4;15;104;14;6;2490;162;18;False
2019-04-14 19:00:00+00:00;True;5.1;3.53;37.5;2019-04-14;2019;4;15;104;14;6;2491;163;19;False
2019-04-14 20:00:00+00:00;True;4.04;0.0;32.0;2019-04-14;2019;4;15;104;14;6;2492;164;20;False
2019-04-14 21:00:00+00:00;True;3.31;0.13;36.8;2019-04-14;2019;4;15;104;14;6;2493;165;21;False
2019-04-14 22:00:00+00:00;True;2.76;0.25;37.1;2019-04-14;2019;4;15;104;14;6;2494;166;22;False
2019-04-14 23:00:00+00:00;True;1.87;0.7;33.0;2019-04-14;2019;4;15;104;14;6;2495;167;23;False
2019-04-15 00:00:00+00:00;True;1.12;1.28;22.2;2019-04-15;2019;4;16;105;15;0;2496;0;0;True
2019-04-15 01:00:00+00:00;True;0.5;1.31;25.4;2019-04-15;2019;4;16;105;15;0;2497;1;1;True
2019-04-15 02:00:00+00:00;True;-0.15;1.46;44.8;2019-04-15;2019;4;16;105;15;0;2498;2;2;True
2019-04-15 03:00:00+00:00;True;-0.44;1.7;27.9;2019-04-15;2019;4;16;105;15;0;2499;3;3;True
2019-04-15 04:00:00+00:00;True;-0.52;2.15;36.7;2019-04-15;2019;4;16;105;15;0;2500;4;4;True
2019-04-15 05:00:00+00:00;True;-0.63;33.84;31.3;2019-04-15;2019;4;16;105;15;0;2501;5;5;True
2019-04-15 06:00:00+00:00;True;0.27;145.18;37.2;2019-04-15;2019;4;16;105;15;0;2502;6;6;True
2019-04-15 07:00:00+00:00;True;1.97;285.85;38.2;2019-04-15;2019;4;16;105;15;0;2503;7;7;True
2019-04-15 08:00:00+00:00;True;3.83;429.52;36.7;2019-04-15;2019;4;16;105;15;0;2504;8;8;True
2019-04-15 09:00:00+00:00;True;5.82;552.14;101.3;2019-04-15;2019;4;16;105;15;0;2505;9;9;True
2019-04-15 10:00:00+00:00;True;6.77;645.9;53.5;2019-04-15;2019;4;16;105;15;0;2506;10;10;True
2019-04-15 11:00:00+00:00;True;7.18;696.94;46.3;2019-04-15;2019;4;16;105;15;0;2507;11;11;True
2019-04-15 12:00:00+00:00;True;7.82;708.86;77.7;2019-04-15;2019;4;16;105;15;0;2508;12;12;True
2019-04-15 13:00:00+00:00;True;8.3;678.58;65.6;2019-04-15;2019;4;16;105;15;0;2509;13;13;True
2019-04-15 14:00:00+00:00;True;8.92;607.89;58.0;2019-04-15;2019;4;16;105;15;0;2510;14;14;True
2019-04-15 15:00:00+00:00;True;9.37;481.13;48.0;2019-04-15;2019;4;16;105;15;0;2511;15;15;True
2019-04-15 16:00:00+00:00;True;9.69;355.47;61.4;2019-04-15;2019;4;16;105;15;0;2512;16;16;True
2019-04-15 17:00:00+00:00;True;9.16;202.52;46.8;2019-04-15;2019;4;16;105;15;0;2513;17;17;True
2019-04-15 18:00:00+00:00;True;8.28;73.55;53.2;2019-04-15;2019;4;16;105;15;0;2514;18;18;True
2019-04-15 19:00:00+00:00;True;6.98;5.48;39.3;2019-04-15;2019;4;16;105;15;0;2515;19;19;True
2019-04-15 20:00:00+00:00;True;5.84;0.0;37.0;2019-04-15;2019;4;16;105;15;0;2516;20;20;True
2019-04-15 21:00:00+00:00;True;5.09;0.0;35.1;2019-04-15;2019;4;16;105;15;0;2517;21;21;True
2019-04-15 22:00:00+00:00;True;4.61;0.0;22.2;2019-04-15;2019;4;16;105;15;0;2518;22;22;True
2019-04-15 23:00:00+00:00;True;4.12;0.61;18.6;2019-04-15;2019;4;16;105;15;0;2519;23;23;True
2019-04-16 00:00:00+00:00;True;3.54;0.77;16.0;2019-04-16;2019;4;16;106;16;1;2520;24;0;True
2019-04-16 01:00:00+00:00;True;2.65;0.94;25.4;2019-04-16;2019;4;16;106;16;1;2521;25;1;True
2019-04-16 02:00:00+00:00;True;2.21;1.16;22.4;2019-04-16;2019;4;16;106;16;1;2522;26;2;True
2019-04-16 03:00:00+00:00;True;1.79;1.19;29.1;2019-04-16;2019;4;16;106;16;1;2523;27;3;True
2019-04-16 04:00:00+00:00;True;1.42;2.1;29.3;2019-04-16;2019;4;16;106;16;1;2524;28;4;True
2019-04-16 05:00:00+00:00;True;0.85;35.46;21.9;2019-04-16;2019;4;16;106;16;1;2525;29;5;True
2019-04-16 06:00:00+00:00;True;1.81;145.85;32.3;2019-04-16;2019;4;16;106;16;1;2526;30;6;True
2019-04-16 07:00:00+00:00;True;4.64;287.01;23.1;2019-04-16;2019;4;16;106;16;1;2527;31;7;True
2019-04-16 08:00:00+00:00;True;7.48;429.67;36.9;2019-04-16;2019;4;16;106;16;1;2528;32;8;True
2019-04-16 09:00:00+00:00;True;9.55;550.25;96.0;2019-04-16;2019;4;16;106;16;1;2529;33;9;True
2019-04-16 10:00:00+00:00;True;10.88;641.39;44.7;2019-04-16;2019;4;16;106;16;1;2530;34;10;True
2019-04-16 11:00:00+00:00;True;12.01;694.24;26.3;2019-04-16;2019;4;16;106;16;1;2531;35;11;True
2019-04-16 12:00:00+00:00;True;12.3;706.55;57.3;2019-04-16;2019;4;16;106;16;1;2532;36;12;True
2019-04-16 13:00:00+00:00;True;13.02;672.56;45.5;2019-04-16;2019;4;16;106;16;1;2533;37;13;True
2019-04-16 14:00:00+00:00;True;13.57;600.4;52.6;2019-04-16;2019;4;16;106;16;1;2534;38;14;True
2019-04-16 15:00:00+00:00;True;13.59;494.69;26.3;2019-04-16;2019;4;16;106;16;1;2535;39;15;True
2019-04-16 16:00:00+00:00;True;13.6;365.82;24.5;2019-04-16;2019;4;16;106;16;1;2536;40;16;True
2019-04-16 17:00:00+00:00;True;13.21;220.95;40.6;2019-04-16;2019;4;16;106;16;1;2537;41;17;True
2019-04-16 18:00:00+00:00;True;12.45;82.52;24.0;2019-04-16;2019;4;16;106;16;1;2538;42;18;True
2019-04-16 19:00:00+00:00;True;10.89;5.87;31.0;2019-04-16;2019;4;16;106;16;1;2539;43;19;True
2019-04-16 20:00:00+00:00;True;9.21;0.0;18.0;2019-04-16;2019;4;16;106;16;1;2540;44;20;True
2019-04-16 21:00:00+00:00;True;7.97;0.0;40.0;2019-04-16;2019;4;16;106;16;1;2541;45;21;True
2019-04-16 22:00:00+00:00;True;7.09;0.0;11.7;2019-04-16;2019;4;16;106;16;1;2542;46;22;True
2019-04-16 23:00:00+00:00;True;6.66;0.2;27.8;2019-04-16;2019;4;16;106;16;1;2543;47;23;True
2019-04-17 00:00:00+00:00;True;5.87;0.52;20.1;2019-04-17;2019;4;16;107;17;2;2544;48;0;True
2019-04-17 01:00:00+00:00;True;5.15;0.64;26.7;2019-04-17;2019;4;16;107;17;2;2545;49;1;True
2019-04-17 02:00:00+00:00;True;4.41;0.88;27.5;2019-04-17;2019;4;16;107;17;2;2546;50;2;True
2019-04-17 03:00:00+00:00;True;3.68;0.83;27.5;2019-04-17;2019;4;16;107;17;2;2547;51;3;True
2019-04-17 04:00:00+00:00;True;3.05;1.85;24.6;2019-04-17;2019;4;16;107;17;2;2548;52;4;True
2019-04-17 05:00:00+00:00;True;2.71;39.77;33.9;2019-04-17;2019;4;16;107;17;2;2549;53;5;True
2019-04-17 06:00:00+00:00;True;3.45;155.33;27.5;2019-04-17;2019;4;16;107;17;2;2550;54;6;True
2019-04-17 07:00:00+00:00;True;4.82;297.48;33.0;2019-04-17;2019;4;16;107;17;2;2551;55;7;True
2019-04-17 08:00:00+00:00;True;6.59;440.99;40.2;2019-04-17;2019;4;16;107;17;2;2552;56;8;True
2019-04-17 09:00:00+00:00;True;8.68;565.42;91.7;2019-04-17;2019;4;16;107;17;2;2553;57;9;True
2019-04-17 10:00:00+00:00;True;10.37;658.09;44.2;2019-04-17;2019;4;16;107;17;2;2554;58;10;True
2019-04-17 11:00:00+00:00;True;11.5;712.88;29.6;2019-04-17;2019;4;16;107;17;2;2555;59;11;True
2019-04-17 12:00:00+00:00;True;12.23;725.65;48.9;2019-04-17;2019;4;16;107;17;2;2556;60;12;True
2019-04-17 13:00:00+00:00;True;12.88;688.64;51.1;2019-04-17;2019;4;16;107;17;2;2557;61;13;True
2019-04-17 14:00:00+00:00;True;13.52;612.69;25.9;2019-04-17;2019;4;16;107;17;2;2558;62;14;True
2019-04-17 15:00:00+00:00;True;14.1;506.21;23.6;2019-04-17;2019;4;16;107;17;2;2559;63;15;True
2019-04-17 16:00:00+00:00;True;14.51;370.89;36.8;2019-04-17;2019;4;16;107;17;2;2560;64;16;True
2019-04-17 17:00:00+00:00;True;14.71;227.14;18.7;2019-04-17;2019;4;16;107;17;2;2561;65;17;True
2019-04-17 18:00:00+00:00;True;14.22;86.92;8.2;2019-04-17;2019;4;16;107;17;2;2562;66;18;True
2019-04-17 19:00:00+00:00;True;13.37;6.19;10.4;2019-04-17;2019;4;16;107;17;2;2563;67;19;True
2019-04-17 20:00:00+00:00;True;12.26;0.0;27.1;2019-04-17;2019;4;16;107;17;2;2564;68;20;True
2019-04-17 21:00:00+00:00;True;11.14;0.0;28.0;2019-04-17;2019;4;16;107;17;2;2565;69;21;True
2019-04-17 22:00:00+00:00;True;8.77;0.0;10.3;2019-04-17;2019;4;16;107;17;2;2566;70;22;True
2019-04-17 23:00:00+00:00;True;8.15;0.13;26.3;2019-04-17;2019;4;16;107;17;2;2567;71;23;True
2019-04-18 00:00:00+00:00;True;6.25;0.56;18.3;2019-04-18;2019;4;16;108;18;3;2568;72;0;True
2019-04-18 01:00:00+00:00;True;5.94;0.76;18.6;2019-04-18;2019;4;16;108;18;3;2569;73;1;True
2019-04-18 02:00:00+00:00;True;5.25;1.05;29.2;2019-04-18;2019;4;16;108;18;3;2570;74;2;True
2019-04-18 03:00:00+00:00;True;3.76;1.12;34.9;2019-04-18;2019;4;16;108;18;3;2571;75;3;True
2019-04-18 04:00:00+00:00;True;2.45;2.72;36.5;2019-04-18;2019;4;16;108;18;3;2572;76;4;True
2019-04-18 05:00:00+00:00;True;2.53;45.31;24.6;2019-04-18;2019;4;16;108;18;3;2573;77;5;True
2019-04-18 06:00:00+00:00;True;3.6;144.66;32.0;2019-04-18;2019;4;16;108;18;3;2574;78;6;True
2019-04-18 07:00:00+00:00;True;5.76;285.73;25.9;2019-04-18;2019;4;16;108;18;3;2575;79;7;True
2019-04-18 08:00:00+00:00;True;8.35;432.94;49.2;2019-04-18;2019;4;16;108;18;3;2576;80;8;True
2019-04-18 09:00:00+00:00;True;11.52;556.39;87.3;2019-04-18;2019;4;16;108;18;3;2577;81;9;True
2019-04-18 10:00:00+00:00;True;13.59;636.69;46.0;2019-04-18;2019;4;16;108;18;3;2578;82;10;True
2019-04-18 11:00:00+00:00;True;14.91;703.37;17.9;2019-04-18;2019;4;16;108;18;3;2579;83;11;True
2019-04-18 12:00:00+00:00;True;15.67;721.38;42.7;2019-04-18;2019;4;16;108;18;3;2580;84;12;True
2019-04-18 13:00:00+00:00;True;16.36;684.38;38.7;2019-04-18;2019;4;16;108;18;3;2581;85;13;True
2019-04-18 14:00:00+00:00;True;16.41;605.96;12.8;2019-04-18;2019;4;16;108;18;3;2582;86;14;True
2019-04-18 15:00:00+00:00;True;16.49;500.36;18.2;2019-04-18;2019;4;16;108;18;3;2583;87;15;True
2019-04-18 16:00:00+00:00;True;16.17;366.75;19.0;2019-04-18;2019;4;16;108;18;3;2584;88;16;True
2019-04-18 17:00:00+00:00;True;15.54;229.25;4.8;2019-04-18;2019;4;16;108;18;3;2585;89;17;True
2019-04-18 18:00:00+00:00;True;14.4;84.88;3.9;2019-04-18;2019;4;16;108;18;3;2586;90;18;True
2019-04-18 19:00:00+00:00;True;13.01;7.86;9.6;2019-04-18;2019;4;16;108;18;3;2587;91;19;True
2019-04-18 20:00:00+00:00;True;11.32;0.0;17.2;2019-04-18;2019;4;16;108;18;3;2588;92;20;True
2019-04-18 21:00:00+00:00;True;10.04;0.0;27.9;2019-04-18;2019;4;16;108;18;3;2589;93;21;True
2019-04-18 22:00:00+00:00;True;8.88;0.0;9.7;2019-04-18;2019;4;16;108;18;3;2590;94;22;True
2019-04-18 23:00:00+00:00;True;7.7;0.0;30.2;2019-04-18;2019;4;16;108;18;3;2591;95;23;True
2019-04-19 00:00:00+00:00;True;6.83;0.05;16.6;2019-04-19;2019;4;16;109;19;4;2592;96;0;True
2019-04-19 01:00:00+00:00;True;5.59;0.35;20.0;2019-04-19;2019;4;16;109;19;4;2593;97;1;True
2019-04-19 02:00:00+00:00;True;5.46;0.56;24.5;2019-04-19;2019;4;16;109;19;4;2594;98;2;True
2019-04-19 03:00:00+00:00;True;5.06;0.81;28.3;2019-04-19;2019;4;16;109;19;4;2595;99;3;True
2019-04-19 04:00:00+00:00;True;4.93;2.55;22.5;2019-04-19;2019;4;16;109;19;4;2596;100;4;True
2019-04-19 05:00:00+00:00;True;4.4;44.13;24.6;2019-04-19;2019;4;16;109;19;4;2597;101;5;True
2019-04-19 06:00:00+00:00;True;5.06;149.43;27.0;2019-04-19;2019;4;16;109;19;4;2598;102;6;True
2019-04-19 07:00:00+00:00;True;7.42;305.84;34.2;2019-04-19;2019;4;16;109;19;4;2599;103;7;True
2019-04-19 08:00:00+00:00;True;10.03;422.98;39.6;2019-04-19;2019;4;16;109;19;4;2600;104;8;True
2019-04-19 09:00:00+00:00;True;11.89;562.27;77.1;2019-04-19;2019;4;16;109;19;4;2601;105;9;True
2019-04-19 10:00:00+00:00;True;13.35;571.04;17.7;2019-04-19;2019;4;16;109;19;4;2602;106;10;True
2019-04-19 11:00:00+00:00;True;14.63;680.19;14.6;2019-04-19;2019;4;16;109;19;4;2603;107;11;True
2019-04-19 12:00:00+00:00;True;15.26;483.48;28.4;2019-04-19;2019;4;16;109;19;4;2604;108;12;True
2019-04-19 13:00:00+00:00;True;16.24;635.07;17.1;2019-04-19;2019;4;16;109;19;4;2605;109;13;True
2019-04-19 14:00:00+00:00;True;17.06;605.21;31.9;2019-04-19;2019;4;16;109;19;4;2606;110;14;True
2019-04-19 15:00:00+00:00;True;17.58;468.58;4.7;2019-04-19;2019;4;16;109;19;4;2607;111;15;True
2019-04-19 16:00:00+00:00;True;17.07;341.05;9.5;2019-04-19;2019;4;16;109;19;4;2608;112;16;True
2019-04-19 17:00:00+00:00;True;16.3;183.51;13.8;2019-04-19;2019;4;16;109;19;4;2609;113;17;True
2019-04-19 18:00:00+00:00;True;14.55;72.65;3.3;2019-04-19;2019;4;16;109;19;4;2610;114;18;True
2019-04-19 19:00:00+00:00;True;13.43;5.33;9.6;2019-04-19;2019;4;16;109;19;4;2611;115;19;True
2019-04-19 20:00:00+00:00;True;12.62;0.0;12.3;2019-04-19;2019;4;16;109;19;4;2612;116;20;True
2019-04-19 21:00:00+00:00;True;11.23;0.0;27.0;2019-04-19;2019;4;16;109;19;4;2613;117;21;True
2019-04-19 22:00:00+00:00;True;10.89;0.0;11.9;2019-04-19;2019;4;16;109;19;4;2614;118;22;True
2019-04-19 23:00:00+00:00;True;9.89;0.46;11.3;2019-04-19;2019;4;16;109;19;4;2615;119;23;True
2019-04-20 00:00:00+00:00;True;9.11;0.55;15.3;2019-04-20;2019;4;16;110;20;5;2616;120;0;False
2019-04-20 01:00:00+00:00;True;8.86;0.91;20.1;2019-04-20;2019;4;16;110;20;5;2617;121;1;False
2019-04-20 02:00:00+00:00;True;8.19;1.27;13.3;2019-04-20;2019;4;16;110;20;5;2618;122;2;False
2019-04-20 03:00:00+00:00;True;8.11;1.15;11.7;2019-04-20;2019;4;16;110;20;5;2619;123;3;False
2019-04-20 04:00:00+00:00;True;8.07;2.55;13.0;2019-04-20;2019;4;16;110;20;5;2620;124;4;False
2019-04-20 05:00:00+00:00;True;7.67;50.46;15.2;2019-04-20;2019;4;16;110;20;5;2621;125;5;False
2019-04-20 06:00:00+00:00;True;7.99;170.42;26.6;2019-04-20;2019;4;16;110;20;5;2622;126;6;False
2019-04-20 07:00:00+00:00;True;8.56;305.63;28.5;2019-04-20;2019;4;16;110;20;5;2623;127;7;False
2019-04-20 08:00:00+00:00;True;9.57;453.01;28.3;2019-04-20;2019;4;16;110;20;5;2624;128;8;False
2019-04-20 09:00:00+00:00;True;10.42;574.52;25.6;2019-04-20;2019;4;16;110;20;5;2625;129;9;False
2019-04-20 10:00:00+00:00;True;11.2;660.44;2.4;2019-04-20;2019;4;16;110;20;5;2626;130;10;False
2019-04-20 11:00:00+00:00;True;12.2;714.28;2.5;2019-04-20;2019;4;16;110;20;5;2627;131;11;False
2019-04-20 12:00:00+00:00;True;12.98;722.84;20.7;2019-04-20;2019;4;16;110;20;5;2628;132;12;False
2019-04-20 13:00:00+00:00;True;13.23;680.89;7.4;2019-04-20;2019;4;16;110;20;5;2629;133;13;False
2019-04-20 14:00:00+00:00;True;13.54;623.16;4.3;2019-04-20;2019;4;16;110;20;5;2630;134;14;False
2019-04-20 15:00:00+00:00;True;13.4;488.62;1.4;2019-04-20;2019;4;16;110;20;5;2631;135;15;False
2019-04-20 16:00:00+00:00;True;12.77;373.94;25.1;2019-04-20;2019;4;16;110;20;5;2632;136;16;False
2019-04-20 17:00:00+00:00;True;11.72;242.03;11.9;2019-04-20;2019;4;16;110;20;5;2633;137;17;False
2019-04-20 18:00:00+00:00;True;10.62;93.48;22.1;2019-04-20;2019;4;16;110;20;5;2634;138;18;False
2019-04-20 19:00:00+00:00;True;9.3;4.06;19.2;2019-04-20;2019;4;16;110;20;5;2635;139;19;False
2019-04-20 20:00:00+00:00;True;8.16;0.0;29.3;2019-04-20;2019;4;16;110;20;5;2636;140;20;False
2019-04-20 21:00:00+00:00;True;7.24;0.0;28.1;2019-04-20;2019;4;16;110;20;5;2637;141;21;False
2019-04-20 22:00:00+00:00;True;6.46;0.01;20.8;2019-04-20;2019;4;16;110;20;5;2638;142;22;False
2019-04-20 23:00:00+00:00;True;6.08;0.15;12.3;2019-04-20;2019;4;16;110;20;5;2639;143;23;False
2019-04-21 00:00:00+00:00;True;5.54;0.25;14.2;2019-04-21;2019;4;16;111;21;6;2640;144;0;False
2019-04-21 01:00:00+00:00;True;4.88;0.56;21.7;2019-04-21;2019;4;16;111;21;6;2641;145;1;False
2019-04-21 02:00:00+00:00;True;4.05;0.76;24.9;2019-04-21;2019;4;16;111;21;6;2642;146;2;False
2019-04-21 03:00:00+00:00;True;3.32;0.93;14.9;2019-04-21;2019;4;16;111;21;6;2643;147;3;False
2019-04-21 04:00:00+00:00;True;2.77;3.32;19.9;2019-04-21;2019;4;16;111;21;6;2644;148;4;False
2019-04-21 05:00:00+00:00;True;2.67;52.26;20.0;2019-04-21;2019;4;16;111;21;6;2645;149;5;False
2019-04-21 06:00:00+00:00;True;3.42;169.86;17.4;2019-04-21;2019;4;16;111;21;6;2646;150;6;False
2019-04-21 07:00:00+00:00;True;4.55;285.34;19.6;2019-04-21;2019;4;16;111;21;6;2647;151;7;False
2019-04-21 08:00:00+00:00;True;6.08;434.09;38.0;2019-04-21;2019;4;16;111;21;6;2648;152;8;False
2019-04-21 09:00:00+00:00;True;7.54;516.04;31.9;2019-04-21;2019;4;16;111;21;6;2649;153;9;False
2019-04-21 10:00:00+00:00;True;9.05;651.01;3.9;2019-04-21;2019;4;16;111;21;6;2650;154;10;False
2019-04-21 11:00:00+00:00;True;10.17;701.46;0.1;2019-04-21;2019;4;16;111;21;6;2651;155;11;False
2019-04-21 12:00:00+00:00;True;11.9;739.66;15.4;2019-04-21;2019;4;16;111;21;6;2652;156;12;False
2019-04-21 13:00:00+00:00;True;12.83;690.59;12.4;2019-04-21;2019;4;16;111;21;6;2653;157;13;False
2019-04-21 14:00:00+00:00;True;13.4;614.77;6.9;2019-04-21;2019;4;16;111;21;6;2654;158;14;False
2019-04-21 15:00:00+00:00;True;13.93;508.68;11.9;2019-04-21;2019;4;16;111;21;6;2655;159;15;False
2019-04-21 16:00:00+00:00;True;13.97;376.27;2.5;2019-04-21;2019;4;16;111;21;6;2656;160;16;False
2019-04-21 17:00:00+00:00;True;13.97;230.61;16.3;2019-04-21;2019;4;16;111;21;6;2657;161;17;False
2019-04-21 18:00:00+00:00;True;13.82;92.75;14.3;2019-04-21;2019;4;16;111;21;6;2658;162;18;False
2019-04-21 19:00:00+00:00;True;13.13;8.94;4.3;2019-04-21;2019;4;16;111;21;6;2659;163;19;False
2019-04-21 20:00:00+00:00;True;11.5;0.0;20.0;2019-04-21;2019;4;16;111;21;6;2660;164;20;False
2019-04-21 21:00:00+00:00;True;9.7;0.0;22.3;2019-04-21;2019;4;16;111;21;6;2661;165;21;False
2019-04-21 22:00:00+00:00;True;8.36;0.0;8.4;2019-04-21;2019;4;16;111;21;6;2662;166;22;False
2019-04-21 23:00:00+00:00;True;7.71;0.21;16.7;2019-04-21;2019;4;16;111;21;6;2663;167;23;False
2019-04-22 00:00:00+00:00;True;7.32;0.14;24.0;2019-04-22;2019;4;17;112;22;0;2664;0;0;True
2019-04-22 01:00:00+00:00;True;6.42;0.32;26.3;2019-04-22;2019;4;17;112;22;0;2665;1;1;True
2019-04-22 02:00:00+00:00;True;6.65;0.46;31.7;2019-04-22;2019;4;17;112;22;0;2666;2;2;True
2019-04-22 03:00:00+00:00;True;5.87;0.78;24.1;2019-04-22;2019;4;17;112;22;0;2667;3;3;True
2019-04-22 04:00:00+00:00;True;6.01;3.77;20.0;2019-04-22;2019;4;17;112;22;0;2668;4;4;True
2019-04-22 05:00:00+00:00;True;6.63;55.36;27.1;2019-04-22;2019;4;17;112;22;0;2669;5;5;True
2019-04-22 06:00:00+00:00;True;7.27;173.14;30.2;2019-04-22;2019;4;17;112;22;0;2670;6;6;True
2019-04-22 07:00:00+00:00;True;10.29;314.33;30.2;2019-04-22;2019;4;17;112;22;0;2671;7;7;True
2019-04-22 08:00:00+00:00;True;13.37;459.17;30.0;2019-04-22;2019;4;17;112;22;0;2672;8;8;True
2019-04-22 09:00:00+00:00;True;15.9;577.35;41.2;2019-04-22;2019;4;17;112;22;0;2673;9;9;True
2019-04-22 10:00:00+00:00;True;17.45;644.47;29.2;2019-04-22;2019;4;17;112;22;0;2674;10;10;True
2019-04-22 11:00:00+00:00;True;18.04;616.4;3.7;2019-04-22;2019;4;17;112;22;0;2675;11;11;True
2019-04-22 12:00:00+00:00;True;18.27;572.64;5.2;2019-04-22;2019;4;17;112;22;0;2676;12;12;True
2019-04-22 13:00:00+00:00;True;18.59;676.06;8.0;2019-04-22;2019;4;17;112;22;0;2677;13;13;True
2019-04-22 14:00:00+00:00;True;19.15;593.17;1.2;2019-04-22;2019;4;17;112;22;0;2678;14;14;True
2019-04-22 15:00:00+00:00;True;19.28;480.71;0.1;2019-04-22;2019;4;17;112;22;0;2679;15;15;True
2019-04-22 16:00:00+00:00;True;19.33;350.96;4.6;2019-04-22;2019;4;17;112;22;0;2680;16;16;True
2019-04-22 17:00:00+00:00;True;19.29;202.34;0.1;2019-04-22;2019;4;17;112;22;0;2681;17;17;True
2019-04-22 18:00:00+00:00;True;18.91;86.88;14.0;2019-04-22;2019;4;17;112;22;0;2682;18;18;True
2019-04-22 19:00:00+00:00;True;17.89;9.05;1.7;2019-04-22;2019;4;17;112;22;0;2683;19;19;True
2019-04-22 20:00:00+00:00;True;15.89;0.0;2.1;2019-04-22;2019;4;17;112;22;0;2684;20;20;True
2019-04-22 21:00:00+00:00;True;14.65;0.0;6.6;2019-04-22;2019;4;17;112;22;0;2685;21;21;True
2019-04-22 22:00:00+00:00;True;13.75;0.0;4.3;2019-04-22;2019;4;17;112;22;0;2686;22;22;True
2019-04-22 23:00:00+00:00;True;12.91;0.0;7.5;2019-04-22;2019;4;17;112;22;0;2687;23;23;True
2019-04-23 00:00:00+00:00;True;12.15;0.03;6.6;2019-04-23;2019;4;17;113;23;1;2688;24;0;True
2019-04-23 01:00:00+00:00;True;11.96;0.17;13.1;2019-04-23;2019;4;17;113;23;1;2689;25;1;True
2019-04-23 02:00:00+00:00;True;11.54;0.32;12.9;2019-04-23;2019;4;17;113;23;1;2690;26;2;True
2019-04-23 03:00:00+00:00;True;11.07;0.45;9.1;2019-04-23;2019;4;17;113;23;1;2691;27;3;True
2019-04-23 04:00:00+00:00;True;9.07;2.84;11.0;2019-04-23;2019;4;17;113;23;1;2692;28;4;True
2019-04-23 05:00:00+00:00;True;9.7;49.92;23.7;2019-04-23;2019;4;17;113;23;1;2693;29;5;True
2019-04-23 06:00:00+00:00;True;9.63;159.21;25.7;2019-04-23;2019;4;17;113;23;1;2694;30;6;True
2019-04-23 07:00:00+00:00;True;11.23;296.28;10.5;2019-04-23;2019;4;17;113;23;1;2695;31;7;True
2019-04-23 08:00:00+00:00;True;13.8;432.16;28.3;2019-04-23;2019;4;17;113;23;1;2696;32;8;True
2019-04-23 09:00:00+00:00;True;16.37;549.86;51.2;2019-04-23;2019;4;17;113;23;1;2697;33;9;True
2019-04-23 10:00:00+00:00;True;17.47;641.75;17.1;2019-04-23;2019;4;17;113;23;1;2698;34;10;True
2019-04-23 11:00:00+00:00;True;18.65;683.86;0.1;2019-04-23;2019;4;17;113;23;1;2699;35;11;True
2019-04-23 12:00:00+00:00;True;18.98;697.19;8.6;2019-04-23;2019;4;17;113;23;1;2700;36;12;True
2019-04-23 13:00:00+00:00;True;19.55;646.23;0.1;2019-04-23;2019;4;17;113;23;1;2701;37;13;True
2019-04-23 14:00:00+00:00;True;19.99;593.25;3.8;2019-04-23;2019;4;17;113;23;1;2702;38;14;True
2019-04-23 15:00:00+00:00;True;20.19;484.6;10.2;2019-04-23;2019;4;17;113;23;1;2703;39;15;True
2019-04-23 16:00:00+00:00;True;20.19;351.34;14.4;2019-04-23;2019;4;17;113;23;1;2704;40;16;True
2019-04-23 17:00:00+00:00;True;19.75;214.8;3.5;2019-04-23;2019;4;17;113;23;1;2705;41;17;True
2019-04-23 18:00:00+00:00;True;19.35;95.07;0.5;2019-04-23;2019;4;17;113;23;1;2706;42;18;True
2019-04-23 19:00:00+00:00;True;17.75;11.59;0.2;2019-04-23;2019;4;17;113;23;1;2707;43;19;True
2019-04-23 20:00:00+00:00;True;16.54;0.0;11.3;2019-04-23;2019;4;17;113;23;1;2708;44;20;True
2019-04-23 21:00:00+00:00;True;15.52;0.0;14.5;2019-04-23;2019;4;17;113;23;1;2709;45;21;True
2019-04-23 22:00:00+00:00;True;14.85;0.0;2.1;2019-04-23;2019;4;17;113;23;1;2710;46;22;True
2019-04-23 23:00:00+00:00;True;13.54;0.0;16.5;2019-04-23;2019;4;17;113;23;1;2711;47;23;True
2019-04-24 00:00:00+00:00;True;13.33;0.0;14.1;2019-04-24;2019;4;17;114;24;2;2712;48;0;True
2019-04-24 01:00:00+00:00;True;13.66;0.01;16.0;2019-04-24;2019;4;17;114;24;2;2713;49;1;True
2019-04-24 02:00:00+00:00;True;11.63;0.05;15.7;2019-04-24;2019;4;17;114;24;2;2714;50;2;True
2019-04-24 03:00:00+00:00;True;9.59;0.13;9.8;2019-04-24;2019;4;17;114;24;2;2715;51;3;True
2019-04-24 04:00:00+00:00;True;9.48;3.97;12.7;2019-04-24;2019;4;17;114;24;2;2716;52;4;True
2019-04-24 05:00:00+00:00;True;10.18;54.07;11.6;2019-04-24;2019;4;17;114;24;2;2717;53;5;True
2019-04-24 06:00:00+00:00;True;9.66;162.92;16.2;2019-04-24;2019;4;17;114;24;2;2718;54;6;True
2019-04-24 07:00:00+00:00;True;12.1;295.54;10.1;2019-04-24;2019;4;17;114;24;2;2719;55;7;True
2019-04-24 08:00:00+00:00;True;14.99;430.14;26.4;2019-04-24;2019;4;17;114;24;2;2720;56;8;True
2019-04-24 09:00:00+00:00;True;17.52;542.95;7.3;2019-04-24;2019;4;17;114;24;2;2721;57;9;True
2019-04-24 10:00:00+00:00;True;19.66;628.99;23.8;2019-04-24;2019;4;17;114;24;2;2722;58;10;True
2019-04-24 11:00:00+00:00;True;20.57;677.95;2.8;2019-04-24;2019;4;17;114;24;2;2723;59;11;True
2019-04-24 12:00:00+00:00;True;20.87;689.09;13.6;2019-04-24;2019;4;17;114;24;2;2724;60;12;True
2019-04-24 13:00:00+00:00;True;21.14;653.42;0.2;2019-04-24;2019;4;17;114;24;2;2725;61;13;True
2019-04-24 14:00:00+00:00;True;21.64;580.99;15.4;2019-04-24;2019;4;17;114;24;2;2726;62;14;True
2019-04-24 15:00:00+00:00;True;21.87;475.88;8.7;2019-04-24;2019;4;17;114;24;2;2727;63;15;True
2019-04-24 16:00:00+00:00;True;21.6;343.02;13.6;2019-04-24;2019;4;17;114;24;2;2728;64;16;True
2019-04-24 17:00:00+00:00;True;21.14;205.79;11.9;2019-04-24;2019;4;17;114;24;2;2729;65;17;True
2019-04-24 18:00:00+00:00;True;20.2;82.61;0.2;2019-04-24;2019;4;17;114;24;2;2730;66;18;True
2019-04-24 19:00:00+00:00;True;18.51;9.79;0.6;2019-04-24;2019;4;17;114;24;2;2731;67;19;True
2019-04-24 20:00:00+00:00;True;17.02;0.0;0.1;2019-04-24;2019;4;17;114;24;2;2732;68;20;True
2019-04-24 21:00:00+00:00;True;15.56;0.0;0.1;2019-04-24;2019;4;17;114;24;2;2733;69;21;True
2019-04-24 22:00:00+00:00;True;14.45;0.0;8.5;2019-04-24;2019;4;17;114;24;2;2734;70;22;True
2019-04-24 23:00:00+00:00;True;13.66;0.0;2.5;2019-04-24;2019;4;17;114;24;2;2735;71;23;True
2019-04-25 00:00:00+00:00;True;13.49;0.03;3.4;2019-04-25;2019;4;17;115;25;3;2736;72;0;True
2019-04-25 01:00:00+00:00;True;13.56;0.01;10.6;2019-04-25;2019;4;17;115;25;3;2737;73;1;True
2019-04-25 02:00:00+00:00;True;12.82;0.1;5.6;2019-04-25;2019;4;17;115;25;3;2738;74;2;True
2019-04-25 03:00:00+00:00;True;11.66;0.16;18.9;2019-04-25;2019;4;17;115;25;3;2739;75;3;True
2019-04-25 04:00:00+00:00;True;10.51;7.46;22.4;2019-04-25;2019;4;17;115;25;3;2740;76;4;True
2019-04-25 05:00:00+00:00;True;10.22;65.75;9.2;2019-04-25;2019;4;17;115;25;3;2741;77;5;True
2019-04-25 06:00:00+00:00;True;10.94;76.88;7.0;2019-04-25;2019;4;17;115;25;3;2742;78;6;True
2019-04-25 07:00:00+00:00;True;12.27;262.72;18.8;2019-04-25;2019;4;17;115;25;3;2743;79;7;True
2019-04-25 08:00:00+00:00;True;15.68;354.18;19.1;2019-04-25;2019;4;17;115;25;3;2744;80;8;True
2019-04-25 09:00:00+00:00;True;18.04;422.9;7.6;2019-04-25;2019;4;17;115;25;3;2745;81;9;True
2019-04-25 10:00:00+00:00;True;20.58;508.41;4.4;2019-04-25;2019;4;17;115;25;3;2746;82;10;True
2019-04-25 11:00:00+00:00;True;21.42;431.67;12.2;2019-04-25;2019;4;17;115;25;3;2747;83;11;True
2019-04-25 12:00:00+00:00;True;21.91;418.98;4.3;2019-04-25;2019;4;17;115;25;3;2748;84;12;True
2019-04-25 13:00:00+00:00;True;22.11;396.8;13.2;2019-04-25;2019;4;17;115;25;3;2749;85;13;True
2019-04-25 14:00:00+00:00;True;22.33;486.25;1.6;2019-04-25;2019;4;17;115;25;3;2750;86;14;True
2019-04-25 15:00:00+00:00;True;22.09;172.6;0.8;2019-04-25;2019;4;17;115;25;3;2751;87;15;True
2019-04-25 16:00:00+00:00;True;22.05;127.11;4.2;2019-04-25;2019;4;17;115;25;3;2752;88;16;True
2019-04-25 17:00:00+00:00;True;21.6;79.51;1.1;2019-04-25;2019;4;17;115;25;3;2753;89;17;True
2019-04-25 18:00:00+00:00;True;20.72;39.03;8.9;2019-04-25;2019;4;17;115;25;3;2754;90;18;True
2019-04-25 19:00:00+00:00;True;18.54;4.84;11.4;2019-04-25;2019;4;17;115;25;3;2755;91;19;True
2019-04-25 20:00:00+00:00;True;17.47;0.0;13.4;2019-04-25;2019;4;17;115;25;3;2756;92;20;True
2019-04-25 21:00:00+00:00;True;16.52;0.0;12.6;2019-04-25;2019;4;17;115;25;3;2757;93;21;True
2019-04-25 22:00:00+00:00;True;15.54;0.0;0.1;2019-04-25;2019;4;17;115;25;3;2758;94;22;True
2019-04-25 23:00:00+00:00;True;15.23;0.0;0.1;2019-04-25;2019;4;17;115;25;3;2759;95;23;True
2019-04-26 00:00:00+00:00;True;14.58;0.03;0.1;2019-04-26;2019;4;17;116;26;4;2760;96;0;True
2019-04-26 01:00:00+00:00;True;14.18;0.01;3.7;2019-04-26;2019;4;17;116;26;4;2761;97;1;True
2019-04-26 02:00:00+00:00;True;13.85;0.03;4.8;2019-04-26;2019;4;17;116;26;4;2762;98;2;True
2019-04-26 03:00:00+00:00;True;12.81;0.09;8.8;2019-04-26;2019;4;17;116;26;4;2763;99;3;True
2019-04-26 04:00:00+00:00;True;11.74;8.22;4.6;2019-04-26;2019;4;17;116;26;4;2764;100;4;True
2019-04-26 05:00:00+00:00;True;11.03;73.63;5.2;2019-04-26;2019;4;17;116;26;4;2765;101;5;True
2019-04-26 06:00:00+00:00;True;12.16;204.06;9.3;2019-04-26;2019;4;17;116;26;4;2766;102;6;True
2019-04-26 07:00:00+00:00;True;14.23;323.7;12.0;2019-04-26;2019;4;17;116;26;4;2767;103;7;True
2019-04-26 08:00:00+00:00;True;16.84;391.34;4.3;2019-04-26;2019;4;17;116;26;4;2768;104;8;True
2019-04-26 09:00:00+00:00;True;18.98;415.11;1.3;2019-04-26;2019;4;17;116;26;4;2769;105;9;True
2019-04-26 10:00:00+00:00;True;20.69;454.98;9.4;2019-04-26;2019;4;17;116;26;4;2770;106;10;True
2019-04-26 11:00:00+00:00;True;21.63;519.04;18.6;2019-04-26;2019;4;17;116;26;4;2771;107;11;True
2019-04-26 12:00:00+00:00;True;22.53;576.56;13.4;2019-04-26;2019;4;17;116;26;4;2772;108;12;True
2019-04-26 13:00:00+00:00;True;22.81;592.66;4.5;2019-04-26;2019;4;17;116;26;4;2773;109;13;True
2019-04-26 14:00:00+00:00;True;23.45;518.35;4.4;2019-04-26;2019;4;17;116;26;4;2774;110;14;True
2019-04-26 15:00:00+00:00;True;23.47;342.85;0.1;2019-04-26;2019;4;17;116;26;4;2775;111;15;True
2019-04-26 16:00:00+00:00;True;23.4;256.44;5.2;2019-04-26;2019;4;17;116;26;4;2776;112;16;True
2019-04-26 17:00:00+00:00;True;23.63;119.8;0.1;2019-04-26;2019;4;17;116;26;4;2777;113;17;True
2019-04-26 18:00:00+00:00;True;22.67;31.72;0.2;2019-04-26;2019;4;17;116;26;4;2778;114;18;True
2019-04-26 19:00:00+00:00;True;21.4;5.44;1.4;2019-04-26;2019;4;17;116;26;4;2779;115;19;True
2019-04-26 20:00:00+00:00;True;20.2;0.0;2.8;2019-04-26;2019;4;17;116;26;4;2780;116;20;True
2019-04-26 21:00:00+00:00;True;20.07;0.0;0.0;2019-04-26;2019;4;17;116;26;4;2781;117;21;True
2019-04-26 22:00:00+00:00;True;18.54;0.0;7.5;2019-04-26;2019;4;17;116;26;4;2782;118;22;True
2019-04-26 23:00:00+00:00;True;18.23;0.0;3.1;2019-04-26;2019;4;17;116;26;4;2783;119;23;True
2019-04-27 00:00:00+00:00;True;18.23;0.0;11.5;2019-04-27;2019;4;17;117;27;5;2784;120;0;False
2019-04-27 01:00:00+00:00;True;18.01;0.0;3.1;2019-04-27;2019;4;17;117;27;5;2785;121;1;False
2019-04-27 02:00:00+00:00;True;15.68;0.0;0.1;2019-04-27;2019;4;17;117;27;5;2786;122;2;False
2019-04-27 03:00:00+00:00;True;14.36;0.0;2.1;2019-04-27;2019;4;17;117;27;5;2787;123;3;False
2019-04-27 04:00:00+00:00;True;14.08;4.4;0.9;2019-04-27;2019;4;17;117;27;5;2788;124;4;False
2019-04-27 05:00:00+00:00;True;14.06;64.29;4.1;2019-04-27;2019;4;17;117;27;5;2789;125;5;False
2019-04-27 06:00:00+00:00;True;14.46;171.03;14.5;2019-04-27;2019;4;17;117;27;5;2790;126;6;False
2019-04-27 07:00:00+00:00;True;16.66;300.7;4.1;2019-04-27;2019;4;17;117;27;5;2791;127;7;False
2019-04-27 08:00:00+00:00;True;16.61;364.65;1.3;2019-04-27;2019;4;17;117;27;5;2792;128;8;False
2019-04-27 09:00:00+00:00;True;16.52;169.26;0.1;2019-04-27;2019;4;17;117;27;5;2793;129;9;False
2019-04-27 10:00:00+00:00;True;17.21;513.94;1.7;2019-04-27;2019;4;17;117;27;5;2794;130;10;False
2019-04-27 11:00:00+00:00;True;19.99;694.91;0.2;2019-04-27;2019;4;17;117;27;5;2795;131;11;False
2019-04-27 12:00:00+00:00;True;21.23;698.55;0.5;2019-04-27;2019;4;17;117;27;5;2796;132;12;False
2019-04-27 13:00:00+00:00;True;21.84;678.09;10.4;2019-04-27;2019;4;17;117;27;5;2797;133;13;False
2019-04-27 14:00:00+00:00;True;21.96;527.55;3.5;2019-04-27;2019;4;17;117;27;5;2798;134;14;False
2019-04-27 15:00:00+00:00;True;21.61;362.3;0.1;2019-04-27;2019;4;17;117;27;5;2799;135;15;False
2019-04-27 16:00:00+00:00;True;20.7;362.79;6.8;2019-04-27;2019;4;17;117;27;5;2800;136;16;False
2019-04-27 17:00:00+00:00;True;19.62;238.57;11.8;2019-04-27;2019;4;17;117;27;5;2801;137;17;False
2019-04-27 18:00:00+00:00;True;18.32;112.25;2.2;2019-04-27;2019;4;17;117;27;5;2802;138;18;False
2019-04-27 19:00:00+00:00;True;17.01;18.44;3.1;2019-04-27;2019;4;17;117;27;5;2803;139;19;False
2019-04-27 20:00:00+00:00;True;15.55;0.0;2.1;2019-04-27;2019;4;17;117;27;5;2804;140;20;False
2019-04-27 21:00:00+00:00;True;14.11;0.0;13.2;2019-04-27;2019;4;17;117;27;5;2805;141;21;False
2019-04-27 22:00:00+00:00;True;13.67;0.0;8.1;2019-04-27;2019;4;17;117;27;5;2806;142;22;False
2019-04-27 23:00:00+00:00;True;13.56;0.0;7.2;2019-04-27;2019;4;17;117;27;5;2807;143;23;False
2019-04-28 00:00:00+00:00;True;12.45;0.01;2.0;2019-04-28;2019;4;17;118;28;6;2808;144;0;False
2019-04-28 01:00:00+00:00;True;11.37;0.07;4.4;2019-04-28;2019;4;17;118;28;6;2809;145;1;False
2019-04-28 02:00:00+00:00;True;9.95;0.37;5.0;2019-04-28;2019;4;17;118;28;6;2810;146;2;False
2019-04-28 03:00:00+00:00;True;8.32;0.37;15.9;2019-04-28;2019;4;17;118;28;6;2811;147;3;False
2019-04-28 04:00:00+00:00;True;6.7;8.6;8.1;2019-04-28;2019;4;17;118;28;6;2812;148;4;False
2019-04-28 05:00:00+00:00;True;5.71;68.55;9.7;2019-04-28;2019;4;17;118;28;6;2813;149;5;False
2019-04-28 06:00:00+00:00;True;5.65;185.76;13.0;2019-04-28;2019;4;17;118;28;6;2814;150;6;False
2019-04-28 07:00:00+00:00;True;5.84;334.92;20.8;2019-04-28;2019;4;17;118;28;6;2815;151;7;False
2019-04-28 08:00:00+00:00;True;6.43;483.44;24.3;2019-04-28;2019;4;17;118;28;6;2816;152;8;False
2019-04-28 09:00:00+00:00;True;6.89;608.51;2.3;2019-04-28;2019;4;17;118;28;6;2817;153;9;False
2019-04-28 10:00:00+00:00;True;7.92;698.23;43.5;2019-04-28;2019;4;17;118;28;6;2818;154;10;False
2019-04-28 11:00:00+00:00;True;8.85;744.86;12.9;2019-04-28;2019;4;17;118;28;6;2819;155;11;False
2019-04-28 12:00:00+00:00;True;9.64;759.26;13.4;2019-04-28;2019;4;17;118;28;6;2820;156;12;False
2019-04-28 13:00:00+00:00;True;10.35;726.57;13.0;2019-04-28;2019;4;17;118;28;6;2821;157;13;False
2019-04-28 14:00:00+00:00;True;11.08;651.81;8.8;2019-04-28;2019;4;17;118;28;6;2822;158;14;False
2019-04-28 15:00:00+00:00;True;11.49;540.63;17.5;2019-04-28;2019;4;17;118;28;6;2823;159;15;False
2019-04-28 16:00:00+00:00;True;11.95;416.41;16.4;2019-04-28;2019;4;17;118;28;6;2824;160;16;False
2019-04-28 17:00:00+00:00;True;11.61;271.78;7.8;2019-04-28;2019;4;17;118;28;6;2825;161;17;False
2019-04-28 18:00:00+00:00;True;11.01;123.0;6.7;2019-04-28;2019;4;17;118;28;6;2826;162;18;False
2019-04-28 19:00:00+00:00;True;10.02;27.45;13.6;2019-04-28;2019;4;17;118;28;6;2827;163;19;False
2019-04-28 20:00:00+00:00;True;8.59;0.03;8.8;2019-04-28;2019;4;17;118;28;6;2828;164;20;False
2019-04-28 21:00:00+00:00;True;7.31;0.0;26.3;2019-04-28;2019;4;17;118;28;6;2829;165;21;False
2019-04-28 22:00:00+00:00;True;6.6;0.0;8.9;2019-04-28;2019;4;17;118;28;6;2830;166;22;False
2019-04-28 23:00:00+00:00;True;5.92;0.32;13.3;2019-04-28;2019;4;17;118;28;6;2831;167;23;False
2019-04-29 00:00:00+00:00;True;5.1;0.47;17.2;2019-04-29;2019;4;18;119;29;0;2832;0;0;True
2019-04-29 01:00:00+00:00;True;4.35;0.57;15.6;2019-04-29;2019;4;18;119;29;0;2833;1;1;True
2019-04-29 02:00:00+00:00;True;3.84;0.69;15.7;2019-04-29;2019;4;18;119;29;0;2834;2;2;True
2019-04-29 03:00:00+00:00;True;3.49;0.8;28.5;2019-04-29;2019;4;18;119;29;0;2835;3;3;True
2019-04-29 04:00:00+00:00;True;2.86;10.19;20.6;2019-04-29;2019;4;18;119;29;0;2836;4;4;True
2019-04-29 05:00:00+00:00;True;2.89;75.62;32.1;2019-04-29;2019;4;18;119;29;0;2837;5;5;True
2019-04-29 06:00:00+00:00;True;3.84;206.05;26.3;2019-04-29;2019;4;18;119;29;0;2838;6;6;True
2019-04-29 07:00:00+00:00;True;5.17;351.0;25.2;2019-04-29;2019;4;18;119;29;0;2839;7;7;True
2019-04-29 08:00:00+00:00;True;6.99;490.51;22.5;2019-04-29;2019;4;18;119;29;0;2840;8;8;True
2019-04-29 09:00:00+00:00;True;9.15;607.86;30.3;2019-04-29;2019;4;18;119;29;0;2841;9;9;True
2019-04-29 10:00:00+00:00;True;9.87;698.13;56.3;2019-04-29;2019;4;18;119;29;0;2842;10;10;True
2019-04-29 11:00:00+00:00;True;10.64;748.01;55.2;2019-04-29;2019;4;18;119;29;0;2843;11;11;True
2019-04-29 12:00:00+00:00;True;11.33;749.18;52.0;2019-04-29;2019;4;18;119;29;0;2844;12;12;True
2019-04-29 13:00:00+00:00;True;11.63;719.33;26.9;2019-04-29;2019;4;18;119;29;0;2845;13;13;True
2019-04-29 14:00:00+00:00;True;12.05;651.8;31.8;2019-04-29;2019;4;18;119;29;0;2846;14;14;True
2019-04-29 15:00:00+00:00;True;12.62;546.94;22.4;2019-04-29;2019;4;18;119;29;0;2847;15;15;True
2019-04-29 16:00:00+00:00;True;12.23;417.71;32.7;2019-04-29;2019;4;18;119;29;0;2848;16;16;True
2019-04-29 17:00:00+00:00;True;12.36;274.7;23.2;2019-04-29;2019;4;18;119;29;0;2849;17;17;True
2019-04-29 18:00:00+00:00;True;12.16;132.79;7.1;2019-04-29;2019;4;18;119;29;0;2850;18;18;True
2019-04-29 19:00:00+00:00;True;11.41;23.6;10.4;2019-04-29;2019;4;18;119;29;0;2851;19;19;True
2019-04-29 20:00:00+00:00;True;9.55;0.0;13.2;2019-04-29;2019;4;18;119;29;0;2852;20;20;True
2019-04-29 21:00:00+00:00;True;7.8;0.0;23.1;2019-04-29;2019;4;18;119;29;0;2853;21;21;True
2019-04-29 22:00:00+00:00;True;6.63;0.0;8.7;2019-04-29;2019;4;18;119;29;0;2854;22;22;True
2019-04-29 23:00:00+00:00;True;5.89;0.19;10.7;2019-04-29;2019;4;18;119;29;0;2855;23;23;True
2019-04-30 00:00:00+00:00;True;5.98;0.43;11.6;2019-04-30;2019;4;18;120;30;1;2856;24;0;True
2019-04-30 01:00:00+00:00;True;6.09;0.49;13.9;2019-04-30;2019;4;18;120;30;1;2857;25;1;True
2019-04-30 02:00:00+00:00;True;5.79;0.49;23.2;2019-04-30;2019;4;18;120;30;1;2858;26;2;True
2019-04-30 03:00:00+00:00;True;5.23;0.54;11.8;2019-04-30;2019;4;18;120;30;1;2859;27;3;True
2019-04-30 04:00:00+00:00;True;4.66;16.92;17.7;2019-04-30;2019;4;18;120;30;1;2860;28;4;True
2019-04-30 05:00:00+00:00;True;4.62;103.0;13.8;2019-04-30;2019;4;18;120;30;1;2861;29;5;True
2019-04-30 06:00:00+00:00;True;5.22;212.6;16.7;2019-04-30;2019;4;18;120;30;1;2862;30;6;True
2019-04-30 07:00:00+00:00;True;6.55;335.61;17.7;2019-04-30;2019;4;18;120;30;1;2863;31;7;True
2019-04-30 08:00:00+00:00;True;8.29;473.49;15.5;2019-04-30;2019;4;18;120;30;1;2864;32;8;True
2019-04-30 10:00:00+00:00;True;10.53;609.25;46.2;2019-04-30;2019;4;18;120;30;1;2866;34;10;True
2019-04-30 11:00:00+00:00;True;10.97;536.78;22.3;2019-04-30;2019;4;18;120;30;1;2867;35;11;True
2019-04-30 12:00:00+00:00;True;11.5;612.6;36.1;2019-04-30;2019;4;18;120;30;1;2868;36;12;True
2019-04-30 13:00:00+00:00;True;11.74;664.03;29.1;2019-04-30;2019;4;18;120;30;1;2869;37;13;True
2019-04-30 15:00:00+00:00;True;13.01;543.1;23.5;2019-04-30;2019;4;18;120;30;1;2871;39;15;True
2019-04-30 16:00:00+00:00;True;12.9;279.81;21.6;2019-04-30;2019;4;18;120;30;1;2872;40;16;True
2019-04-30 17:00:00+00:00;True;12.49;152.15;23.5;2019-04-30;2019;4;18;120;30;1;2873;41;17;True
2019-04-30 18:00:00+00:00;True;12.32;98.37;17.5;2019-04-30;2019;4;18;120;30;1;2874;42;18;True
2019-04-30 19:00:00+00:00;True;11.88;29.86;9.9;2019-04-30;2019;4;18;120;30;1;2875;43;19;True
2019-04-30 20:00:00+00:00;True;10.63;0.1;10.6;2019-04-30;2019;4;18;120;30;1;2876;44;20;True
2019-04-30 21:00:00+00:00;True;9.17;0.0;23.4;2019-04-30;2019;4;18;120;30;1;2877;45;21;True
2019-04-30 22:00:00+00:00;True;8.29;0.0;18.4;2019-04-30;2019;4;18;120;30;1;2878;46;22;True
2019-04-30 23:00:00+00:00;True;7.65;0.0;9.3;2019-04-30;2019;4;18;120;30;1;2879;47;23;True
2019-05-01 00:00:00+00:00;True;6.91;0.0;25.5;2019-05-01;2019;5;18;121;1;2;2880;48;0;True
2019-05-01 01:00:00+00:00;True;5.86;0.11;17.2;2019-05-01;2019;5;18;121;1;2;2881;49;1;True
2019-05-01 02:00:00+00:00;True;5.36;0.2;27.9;2019-05-01;2019;5;18;121;1;2;2882;50;2;True
2019-05-01 03:00:00+00:00;True;4.66;0.54;20.9;2019-05-01;2019;5;18;121;1;2;2883;51;3;True
2019-05-01 04:00:00+00:00;True;4.13;12.19;20.1;2019-05-01;2019;5;18;121;1;2;2884;52;4;True
2019-05-01 05:00:00+00:00;True;4.52;83.44;32.6;2019-05-01;2019;5;18;121;1;2;2885;53;5;True
2019-05-01 06:00:00+00:00;True;6.47;212.33;21.8;2019-05-01;2019;5;18;121;1;2;2886;54;6;True
2019-05-01 07:00:00+00:00;True;9.66;352.26;22.4;2019-05-01;2019;5;18;121;1;2;2887;55;7;True
2019-05-01 08:00:00+00:00;True;11.75;488.69;39.0;2019-05-01;2019;5;18;121;1;2;2888;56;8;True
2019-05-01 09:00:00+00:00;True;13.01;609.05;0.4;2019-05-01;2019;5;18;121;1;2;2889;57;9;True
2019-05-01 10:00:00+00:00;True;14.15;698.18;44.3;2019-05-01;2019;5;18;121;1;2;2890;58;10;True
2019-05-01 11:00:00+00:00;True;15.57;715.0;24.1;2019-05-01;2019;5;18;121;1;2;2891;59;11;True
2019-05-01 12:00:00+00:00;True;15.97;651.56;34.8;2019-05-01;2019;5;18;121;1;2;2892;60;12;True
2019-05-01 13:00:00+00:00;True;16.41;576.56;18.2;2019-05-01;2019;5;18;121;1;2;2893;61;13;True
2019-05-01 14:00:00+00:00;True;17.08;674.28;10.1;2019-05-01;2019;5;18;121;1;2;2894;62;14;True
2019-05-01 15:00:00+00:00;True;17.12;444.26;1.8;2019-05-01;2019;5;18;121;1;2;2895;63;15;True
2019-05-01 16:00:00+00:00;True;17.02;420.61;12.9;2019-05-01;2019;5;18;121;1;2;2896;64;16;True
2019-05-01 17:00:00+00:00;True;16.36;268.21;0.1;2019-05-01;2019;5;18;121;1;2;2897;65;17;True
2019-05-01 18:00:00+00:00;True;15.41;114.19;0.2;2019-05-01;2019;5;18;121;1;2;2898;66;18;True
2019-05-01 19:00:00+00:00;True;13.54;10.0;2.7;2019-05-01;2019;5;18;121;1;2;2899;67;19;True
2019-05-01 20:00:00+00:00;True;12.87;0.0;11.4;2019-05-01;2019;5;18;121;1;2;2900;68;20;True
2019-05-01 21:00:00+00:00;True;11.79;0.0;14.1;2019-05-01;2019;5;18;121;1;2;2901;69;21;True
2019-05-01 22:00:00+00:00;True;10.26;0.0;6.7;2019-05-01;2019;5;18;121;1;2;2902;70;22;True
2019-05-01 23:00:00+00:00;True;9.74;0.02;5.3;2019-05-01;2019;5;18;121;1;2;2903;71;23;True
2019-05-02 00:00:00+00:00;True;8.8;0.13;19.5;2019-05-02;2019;5;18;122;2;3;2904;72;0;True
2019-05-02 01:00:00+00:00;True;7.98;0.49;6.4;2019-05-02;2019;5;18;122;2;3;2905;73;1;True
2019-05-02 02:00:00+00:00;True;8.16;0.6;18.1;2019-05-02;2019;5;18;122;2;3;2906;74;2;True
2019-05-02 03:00:00+00:00;True;8.21;0.55;9.9;2019-05-02;2019;5;18;122;2;3;2907;75;3;True
2019-05-02 04:00:00+00:00;True;7.46;4.83;19.1;2019-05-02;2019;5;18;122;2;3;2908;76;4;True
2019-05-02 05:00:00+00:00;True;7.65;23.64;13.8;2019-05-02;2019;5;18;122;2;3;2909;77;5;True
2019-05-02 06:00:00+00:00;True;6.3;31.54;16.1;2019-05-02;2019;5;18;122;2;3;2910;78;6;True
2019-05-02 07:00:00+00:00;True;5.11;50.35;15.8;2019-05-02;2019;5;18;122;2;3;2911;79;7;True
2019-05-02 08:00:00+00:00;True;5.19;59.89;41.1;2019-05-02;2019;5;18;122;2;3;2912;80;8;True
2019-05-02 09:00:00+00:00;True;5.93;182.04;69.5;2019-05-02;2019;5;18;122;2;3;2913;81;9;True
2019-05-02 10:00:00+00:00;True;6.94;154.67;77.8;2019-05-02;2019;5;18;122;2;3;2914;82;10;True
2019-05-02 11:00:00+00:00;True;7.53;127.07;62.7;2019-05-02;2019;5;18;122;2;3;2915;83;11;True
2019-05-02 12:00:00+00:00;True;7.99;138.72;58.3;2019-05-02;2019;5;18;122;2;3;2916;84;12;True
2019-05-02 13:00:00+00:00;True;8.15;81.85;54.8;2019-05-02;2019;5;18;122;2;3;2917;85;13;True
2019-05-02 14:00:00+00:00;True;8.19;60.48;53.8;2019-05-02;2019;5;18;122;2;3;2918;86;14;True
2019-05-02 15:00:00+00:00;True;8.15;81.44;49.2;2019-05-02;2019;5;18;122;2;3;2919;87;15;True
2019-05-02 16:00:00+00:00;True;8.27;129.26;60.0;2019-05-02;2019;5;18;122;2;3;2920;88;16;True
2019-05-02 17:00:00+00:00;True;7.8;85.49;42.8;2019-05-02;2019;5;18;122;2;3;2921;89;17;True
2019-05-02 18:00:00+00:00;True;7.32;42.9;24.2;2019-05-02;2019;5;18;122;2;3;2922;90;18;True
2019-05-02 19:00:00+00:00;True;6.6;5.81;31.1;2019-05-02;2019;5;18;122;2;3;2923;91;19;True
2019-05-02 20:00:00+00:00;True;5.89;0.02;36.8;2019-05-02;2019;5;18;122;2;3;2924;92;20;True
2019-05-02 21:00:00+00:00;True;4.6;0.07;38.3;2019-05-02;2019;5;18;122;2;3;2925;93;21;True
2019-05-02 22:00:00+00:00;True;3.5;0.95;10.1;2019-05-02;2019;5;18;122;2;3;2926;94;22;True
2019-05-02 23:00:00+00:00;True;3.49;1.41;14.3;2019-05-02;2019;5;18;122;2;3;2927;95;23;True
2019-05-03 00:00:00+00:00;True;3.67;1.69;20.5;2019-05-03;2019;5;18;123;3;4;2928;96;0;True
2019-05-03 01:00:00+00:00;True;3.57;1.96;20.9;2019-05-03;2019;5;18;123;3;4;2929;97;1;True
2019-05-03 02:00:00+00:00;True;2.52;2.04;26.6;2019-05-03;2019;5;18;123;3;4;2930;98;2;True
2019-05-03 03:00:00+00:00;True;1.61;2.02;20.2;2019-05-03;2019;5;18;123;3;4;2931;99;3;True
2019-05-03 04:00:00+00:00;True;1.08;8.92;21.2;2019-05-03;2019;5;18;123;3;4;2932;100;4;True
2019-05-03 05:00:00+00:00;True;1.13;90.58;23.2;2019-05-03;2019;5;18;123;3;4;2933;101;5;True
2019-05-03 06:00:00+00:00;True;1.42;131.17;31.0;2019-05-03;2019;5;18;123;3;4;2934;102;6;True
2019-05-03 07:00:00+00:00;True;1.75;202.99;18.8;2019-05-03;2019;5;18;123;3;4;2935;103;7;True
2019-05-03 08:00:00+00:00;True;1.7;176.23;45.6;2019-05-03;2019;5;18;123;3;4;2936;104;8;True
2019-05-03 09:00:00+00:00;True;1.9;156.67;64.8;2019-05-03;2019;5;18;123;3;4;2937;105;9;True
2019-05-03 10:00:00+00:00;True;1.91;186.14;99.0;2019-05-03;2019;5;18;123;3;4;2938;106;10;True
2019-05-03 11:00:00+00:00;True;2.17;243.53;90.2;2019-05-03;2019;5;18;123;3;4;2939;107;11;True
2019-05-03 12:00:00+00:00;True;3.1;334.11;85.0;2019-05-03;2019;5;18;123;3;4;2940;108;12;True
2019-05-03 13:00:00+00:00;True;3.45;292.56;77.6;2019-05-03;2019;5;18;123;3;4;2941;109;13;True
2019-05-03 14:00:00+00:00;True;4.14;281.13;89.1;2019-05-03;2019;5;18;123;3;4;2942;110;14;True
2019-05-03 15:00:00+00:00;True;4.67;349.58;81.6;2019-05-03;2019;5;18;123;3;4;2943;111;15;True
2019-05-03 16:00:00+00:00;True;4.95;308.66;71.9;2019-05-03;2019;5;18;123;3;4;2944;112;16;True
2019-05-03 17:00:00+00:00;True;4.88;206.23;81.6;2019-05-03;2019;5;18;123;3;4;2945;113;17;True
2019-05-03 18:00:00+00:00;True;4.26;66.42;30.1;2019-05-03;2019;5;18;123;3;4;2946;114;18;True
2019-05-03 19:00:00+00:00;True;3.7;17.51;38.2;2019-05-03;2019;5;18;123;3;4;2947;115;19;True
2019-05-03 20:00:00+00:00;True;2.85;0.52;41.3;2019-05-03;2019;5;18;123;3;4;2948;116;20;True
2019-05-03 21:00:00+00:00;True;2.14;0.01;46.8;2019-05-03;2019;5;18;123;3;4;2949;117;21;True
2019-05-03 22:00:00+00:00;True;2.19;0.35;26.1;2019-05-03;2019;5;18;123;3;4;2950;118;22;True
2019-05-03 23:00:00+00:00;True;0.95;1.14;23.0;2019-05-03;2019;5;18;123;3;4;2951;119;23;True
2019-05-04 00:00:00+00:00;True;0.45;1.42;19.8;2019-05-04;2019;5;18;124;4;5;2952;120;0;False
2019-05-04 01:00:00+00:00;True;-0.06;1.48;30.9;2019-05-04;2019;5;18;124;4;5;2953;121;1;False
2019-05-04 02:00:00+00:00;True;-0.35;1.29;34.8;2019-05-04;2019;5;18;124;4;5;2954;122;2;False
2019-05-04 03:00:00+00:00;True;-0.65;1.59;37.2;2019-05-04;2019;5;18;124;4;5;2955;123;3;False
2019-05-04 04:00:00+00:00;True;-0.82;19.48;24.5;2019-05-04;2019;5;18;124;4;5;2956;124;4;False
2019-05-04 05:00:00+00:00;True;-0.45;108.65;31.1;2019-05-04;2019;5;18;124;4;5;2957;125;5;False
2019-05-04 06:00:00+00:00;True;0.68;217.91;32.8;2019-05-04;2019;5;18;124;4;5;2958;126;6;False
2019-05-04 07:00:00+00:00;True;2.47;384.44;28.8;2019-05-04;2019;5;18;124;4;5;2959;127;7;False
2019-05-04 08:00:00+00:00;True;4.19;510.08;28.8;2019-05-04;2019;5;18;124;4;5;2960;128;8;False
2019-05-04 09:00:00+00:00;True;5.53;433.71;0.1;2019-05-04;2019;5;18;124;4;5;2961;129;9;False
2019-05-04 10:00:00+00:00;True;6.83;561.56;26.8;2019-05-04;2019;5;18;124;4;5;2962;130;10;False
2019-05-04 11:00:00+00:00;True;7.02;426.35;38.5;2019-05-04;2019;5;18;124;4;5;2963;131;11;False
2019-05-04 12:00:00+00:00;True;7.79;409.48;9.3;2019-05-04;2019;5;18;124;4;5;2964;132;12;False
2019-05-04 13:00:00+00:00;True;8.47;486.08;35.3;2019-05-04;2019;5;18;124;4;5;2965;133;13;False
2019-05-04 14:00:00+00:00;True;8.93;402.34;19.0;2019-05-04;2019;5;18;124;4;5;2966;134;14;False
2019-05-04 15:00:00+00:00;True;9.12;174.57;3.5;2019-05-04;2019;5;18;124;4;5;2967;135;15;False
2019-05-04 16:00:00+00:00;True;5.97;117.04;10.8;2019-05-04;2019;5;18;124;4;5;2968;136;16;False
2019-05-04 17:00:00+00:00;True;5.7;66.29;20.1;2019-05-04;2019;5;18;124;4;5;2969;137;17;False
2019-05-04 18:00:00+00:00;True;3.93;65.18;11.1;2019-05-04;2019;5;18;124;4;5;2970;138;18;False
2019-05-04 19:00:00+00:00;True;3.94;49.77;28.6;2019-05-04;2019;5;18;124;4;5;2971;139;19;False
2019-05-04 20:00:00+00:00;True;3.63;0.56;18.9;2019-05-04;2019;5;18;124;4;5;2972;140;20;False
2019-05-04 21:00:00+00:00;True;3.52;0.0;29.0;2019-05-04;2019;5;18;124;4;5;2973;141;21;False
2019-05-04 22:00:00+00:00;True;2.99;0.03;11.6;2019-05-04;2019;5;18;124;4;5;2974;142;22;False
2019-05-04 23:00:00+00:00;True;2.6;0.3;21.7;2019-05-04;2019;5;18;124;4;5;2975;143;23;False
2019-05-05 00:00:00+00:00;True;2.15;0.88;14.5;2019-05-05;2019;5;18;125;5;6;2976;144;0;False
2019-05-05 01:00:00+00:00;True;2.26;1.14;24.9;2019-05-05;2019;5;18;125;5;6;2977;145;1;False
2019-05-05 02:00:00+00:00;True;2.18;1.75;14.6;2019-05-05;2019;5;18;125;5;6;2978;146;2;False
2019-05-05 03:00:00+00:00;True;1.93;2.01;24.9;2019-05-05;2019;5;18;125;5;6;2979;147;3;False
2019-05-05 04:00:00+00:00;True;2.2;12.71;16.6;2019-05-05;2019;5;18;125;5;6;2980;148;4;False
2019-05-05 05:00:00+00:00;True;2.4;72.11;16.4;2019-05-05;2019;5;18;125;5;6;2981;149;5;False
2019-05-05 06:00:00+00:00;True;3.03;128.9;22.0;2019-05-05;2019;5;18;125;5;6;2982;150;6;False
2019-05-05 07:00:00+00:00;True;3.92;160.21;25.3;2019-05-05;2019;5;18;125;5;6;2983;151;7;False
2019-05-05 08:00:00+00:00;True;4.68;168.7;17.6;2019-05-05;2019;5;18;125;5;6;2984;152;8;False
2019-05-05 09:00:00+00:00;True;5.04;164.21;22.4;2019-05-05;2019;5;18;125;5;6;2985;153;9;False
2019-05-05 10:00:00+00:00;True;4.42;137.67;25.4;2019-05-05;2019;5;18;125;5;6;2986;154;10;False
2019-05-05 11:00:00+00:00;True;4.0;141.84;27.5;2019-05-05;2019;5;18;125;5;6;2987;155;11;False
2019-05-05 12:00:00+00:00;True;3.71;142.75;25.4;2019-05-05;2019;5;18;125;5;6;2988;156;12;False
2019-05-05 13:00:00+00:00;True;3.49;114.95;32.0;2019-05-05;2019;5;18;125;5;6;2989;157;13;False
2019-05-05 14:00:00+00:00;True;3.39;126.22;30.4;2019-05-05;2019;5;18;125;5;6;2990;158;14;False
2019-05-05 15:00:00+00:00;True;3.58;96.41;22.8;2019-05-05;2019;5;18;125;5;6;2991;159;15;False
2019-05-05 16:00:00+00:00;True;4.3;147.8;20.6;2019-05-05;2019;5;18;125;5;6;2992;160;16;False
2019-05-05 17:00:00+00:00;True;4.95;254.21;30.7;2019-05-05;2019;5;18;125;5;6;2993;161;17;False
2019-05-05 18:00:00+00:00;True;5.26;110.47;23.4;2019-05-05;2019;5;18;125;5;6;2994;162;18;False
2019-05-05 19:00:00+00:00;True;5.12;38.56;22.3;2019-05-05;2019;5;18;125;5;6;2995;163;19;False
2019-05-05 20:00:00+00:00;True;4.39;0.78;23.4;2019-05-05;2019;5;18;125;5;6;2996;164;20;False
2019-05-05 21:00:00+00:00;True;3.66;0.02;27.8;2019-05-05;2019;5;18;125;5;6;2997;165;21;False
2019-05-05 22:00:00+00:00;True;3.29;0.28;12.0;2019-05-05;2019;5;18;125;5;6;2998;166;22;False
2019-05-05 23:00:00+00:00;True;2.51;0.2;28.5;2019-05-05;2019;5;18;125;5;6;2999;167;23;False
2019-05-06 00:00:00+00:00;True;2.33;0.99;32.3;2019-05-06;2019;5;19;126;6;0;3000;0;0;True
2019-05-06 01:00:00+00:00;True;1.82;1.25;21.5;2019-05-06;2019;5;19;126;6;0;3001;1;1;True
2019-05-06 02:00:00+00:00;True;1.39;1.39;22.5;2019-05-06;2019;5;19;126;6;0;3002;2;2;True
2019-05-06 03:00:00+00:00;True;1.33;1.83;23.4;2019-05-06;2019;5;19;126;6;0;3003;3;3;True
2019-05-06 04:00:00+00:00;True;1.19;23.63;36.3;2019-05-06;2019;5;19;126;6;0;3004;4;4;True
2019-05-06 05:00:00+00:00;True;1.28;116.42;37.1;2019-05-06;2019;5;19;126;6;0;3005;5;5;True
2019-05-06 06:00:00+00:00;True;2.73;251.32;36.4;2019-05-06;2019;5;19;126;6;0;3006;6;6;True
2019-05-06 07:00:00+00:00;True;4.99;393.54;32.0;2019-05-06;2019;5;19;126;6;0;3007;7;7;True
2019-05-06 08:00:00+00:00;True;6.97;528.43;37.9;2019-05-06;2019;5;19;126;6;0;3008;8;8;True
2019-05-06 09:00:00+00:00;True;7.6;651.48;14.1;2019-05-06;2019;5;19;126;6;0;3009;9;9;True
2019-05-06 10:00:00+00:00;True;8.95;799.91;77.0;2019-05-06;2019;5;19;126;6;0;3010;10;10;True
2019-05-06 11:00:00+00:00;True;9.04;623.39;37.4;2019-05-06;2019;5;19;126;6;0;3011;11;11;True
2019-05-06 12:00:00+00:00;True;9.84;775.36;54.6;2019-05-06;2019;5;19;126;6;0;3012;12;12;True
2019-05-06 13:00:00+00:00;True;9.45;781.63;33.4;2019-05-06;2019;5;19;126;6;0;3013;13;13;True
2019-05-06 14:00:00+00:00;True;10.36;726.59;32.3;2019-05-06;2019;5;19;126;6;0;3014;14;14;True
2019-05-06 15:00:00+00:00;True;10.18;554.24;18.2;2019-05-06;2019;5;19;126;6;0;3015;15;15;True
2019-05-06 16:00:00+00:00;True;10.52;386.76;37.6;2019-05-06;2019;5;19;126;6;0;3016;16;16;True
2019-05-06 17:00:00+00:00;True;10.47;271.17;18.7;2019-05-06;2019;5;19;126;6;0;3017;17;17;True
2019-05-06 18:00:00+00:00;True;9.96;162.5;35.3;2019-05-06;2019;5;19;126;6;0;3018;18;18;True
2019-05-06 19:00:00+00:00;True;9.55;37.84;43.1;2019-05-06;2019;5;19;126;6;0;3019;19;19;True
2019-05-06 20:00:00+00:00;True;8.62;0.92;19.9;2019-05-06;2019;5;19;126;6;0;3020;20;20;True
2019-05-06 21:00:00+00:00;True;7.85;0.0;30.3;2019-05-06;2019;5;19;126;6;0;3021;21;21;True
2019-05-06 22:00:00+00:00;True;7.42;0.0;10.0;2019-05-06;2019;5;19;126;6;0;3022;22;22;True
2019-05-06 23:00:00+00:00;True;7.38;0.54;10.9;2019-05-06;2019;5;19;126;6;0;3023;23;23;True
2019-05-07 00:00:00+00:00;True;6.8;1.06;13.0;2019-05-07;2019;5;19;127;7;1;3024;24;0;True
2019-05-07 01:00:00+00:00;True;5.91;1.52;11.6;2019-05-07;2019;5;19;127;7;1;3025;25;1;True
2019-05-07 02:00:00+00:00;True;5.4;1.64;13.1;2019-05-07;2019;5;19;127;7;1;3026;26;2;True
2019-05-07 03:00:00+00:00;True;5.01;2.15;13.1;2019-05-07;2019;5;19;127;7;1;3027;27;3;True
2019-05-07 04:00:00+00:00;True;4.45;5.33;16.0;2019-05-07;2019;5;19;127;7;1;3028;28;4;True
2019-05-07 05:00:00+00:00;True;4.41;11.07;24.2;2019-05-07;2019;5;19;127;7;1;3029;29;5;True
2019-05-07 06:00:00+00:00;True;5.23;37.62;21.1;2019-05-07;2019;5;19;127;7;1;3030;30;6;True
2019-05-07 07:00:00+00:00;True;5.96;87.12;22.3;2019-05-07;2019;5;19;127;7;1;3031;31;7;True
2019-05-07 08:00:00+00:00;True;6.3;151.96;40.4;2019-05-07;2019;5;19;127;7;1;3032;32;8;True
2019-05-07 09:00:00+00:00;True;7.09;198.66;78.0;2019-05-07;2019;5;19;127;7;1;3033;33;9;True
2019-05-07 10:00:00+00:00;True;8.02;459.72;55.5;2019-05-07;2019;5;19;127;7;1;3034;34;10;True
2019-05-07 11:00:00+00:00;True;8.71;448.3;64.9;2019-05-07;2019;5;19;127;7;1;3035;35;11;True
2019-05-07 12:00:00+00:00;True;10.12;642.09;35.8;2019-05-07;2019;5;19;127;7;1;3036;36;12;True
2019-05-07 13:00:00+00:00;True;10.84;461.57;43.6;2019-05-07;2019;5;19;127;7;1;3037;37;13;True
2019-05-07 14:00:00+00:00;True;10.3;170.75;18.8;2019-05-07;2019;5;19;127;7;1;3038;38;14;True
2019-05-07 15:00:00+00:00;True;10.7;333.2;18.5;2019-05-07;2019;5;19;127;7;1;3039;39;15;True
2019-05-07 16:00:00+00:00;True;10.37;282.0;50.1;2019-05-07;2019;5;19;127;7;1;3040;40;16;True
2019-05-07 17:00:00+00:00;True;10.2;339.74;26.5;2019-05-07;2019;5;19;127;7;1;3041;41;17;True
2019-05-07 18:00:00+00:00;True;9.46;185.44;23.6;2019-05-07;2019;5;19;127;7;1;3042;42;18;True
2019-05-07 19:00:00+00:00;True;8.24;52.28;12.7;2019-05-07;2019;5;19;127;7;1;3043;43;19;True
2019-05-07 20:00:00+00:00;True;6.73;2.1;21.9;2019-05-07;2019;5;19;127;7;1;3044;44;20;True
2019-05-07 21:00:00+00:00;True;5.31;0.0;27.8;2019-05-07;2019;5;19;127;7;1;3045;45;21;True
2019-05-07 22:00:00+00:00;True;4.54;0.04;23.2;2019-05-07;2019;5;19;127;7;1;3046;46;22;True
2019-05-07 23:00:00+00:00;True;4.17;0.42;25.3;2019-05-07;2019;5;19;127;7;1;3047;47;23;True
2019-05-08 00:00:00+00:00;True;3.46;0.64;18.8;2019-05-08;2019;5;19;128;8;2;3048;48;0;True
2019-05-08 01:00:00+00:00;True;2.97;1.22;32.5;2019-05-08;2019;5;19;128;8;2;3049;49;1;True
2019-05-08 02:00:00+00:00;True;3.14;1.29;19.8;2019-05-08;2019;5;19;128;8;2;3050;50;2;True
2019-05-08 03:00:00+00:00;True;3.17;1.56;22.8;2019-05-08;2019;5;19;128;8;2;3051;51;3;True
2019-05-08 04:00:00+00:00;True;2.76;25.42;29.6;2019-05-08;2019;5;19;128;8;2;3052;52;4;True
2019-05-08 05:00:00+00:00;True;2.92;123.12;22.3;2019-05-08;2019;5;19;128;8;2;3053;53;5;True
2019-05-08 06:00:00+00:00;True;3.94;258.55;19.8;2019-05-08;2019;5;19;128;8;2;3054;54;6;True
2019-05-08 07:00:00+00:00;True;5.02;403.17;24.6;2019-05-08;2019;5;19;128;8;2;3055;55;7;True
2019-05-08 08:00:00+00:00;True;6.62;543.55;23.0;2019-05-08;2019;5;19;128;8;2;3056;56;8;True
2019-05-08 09:00:00+00:00;True;8.08;675.75;8.2;2019-05-08;2019;5;19;128;8;2;3057;57;9;True
2019-05-08 10:00:00+00:00;True;9.58;693.97;72.6;2019-05-08;2019;5;19;128;8;2;3058;58;10;True
2019-05-08 11:00:00+00:00;True;10.44;781.73;29.4;2019-05-08;2019;5;19;128;8;2;3059;59;11;True
2019-05-08 12:00:00+00:00;True;10.98;728.06;41.1;2019-05-08;2019;5;19;128;8;2;3060;60;12;True
2019-05-08 13:00:00+00:00;True;11.35;476.58;46.5;2019-05-08;2019;5;19;128;8;2;3061;61;13;True
2019-05-08 14:00:00+00:00;True;11.53;451.3;37.0;2019-05-08;2019;5;19;128;8;2;3062;62;14;True
2019-05-08 15:00:00+00:00;True;11.9;459.92;32.0;2019-05-08;2019;5;19;128;8;2;3063;63;15;True
2019-05-08 16:00:00+00:00;True;12.2;337.33;13.5;2019-05-08;2019;5;19;128;8;2;3064;64;16;True
2019-05-08 17:00:00+00:00;True;11.85;154.73;23.2;2019-05-08;2019;5;19;128;8;2;3065;65;17;True
2019-05-08 18:00:00+00:00;True;12.07;173.36;24.1;2019-05-08;2019;5;19;128;8;2;3066;66;18;True
2019-05-08 19:00:00+00:00;True;11.35;52.34;23.1;2019-05-08;2019;5;19;128;8;2;3067;67;19;True
2019-05-08 20:00:00+00:00;True;10.11;1.34;22.1;2019-05-08;2019;5;19;128;8;2;3068;68;20;True
2019-05-08 21:00:00+00:00;True;9.17;0.0;27.7;2019-05-08;2019;5;19;128;8;2;3069;69;21;True
2019-05-08 22:00:00+00:00;True;8.21;0.0;20.2;2019-05-08;2019;5;19;128;8;2;3070;70;22;True
2019-05-08 23:00:00+00:00;True;7.64;0.0;18.2;2019-05-08;2019;5;19;128;8;2;3071;71;23;True
2019-05-09 00:00:00+00:00;True;6.96;0.21;16.5;2019-05-09;2019;5;19;129;9;3;3072;72;0;True
2019-05-09 01:00:00+00:00;True;6.77;0.16;21.8;2019-05-09;2019;5;19;129;9;3;3073;73;1;True
2019-05-09 02:00:00+00:00;True;5.94;0.5;20.8;2019-05-09;2019;5;19;129;9;3;3074;74;2;True
2019-05-09 03:00:00+00:00;True;5.8;1.49;22.8;2019-05-09;2019;5;19;129;9;3;3075;75;3;True
2019-05-09 04:00:00+00:00;True;5.2;28.34;38.0;2019-05-09;2019;5;19;129;9;3;3076;76;4;True
2019-05-09 05:00:00+00:00;True;5.44;124.58;35.0;2019-05-09;2019;5;19;129;9;3;3077;77;5;True
2019-05-09 06:00:00+00:00;True;6.64;258.94;24.4;2019-05-09;2019;5;19;129;9;3;3078;78;6;True
2019-05-09 07:00:00+00:00;True;8.71;403.71;38.8;2019-05-09;2019;5;19;129;9;3;3079;79;7;True
2019-05-09 08:00:00+00:00;True;10.92;541.16;21.0;2019-05-09;2019;5;19;129;9;3;3080;80;8;True
2019-05-09 09:00:00+00:00;True;12.15;656.57;12.2;2019-05-09;2019;5;19;129;9;3;3081;81;9;True
2019-05-09 10:00:00+00:00;True;12.84;743.58;49.5;2019-05-09;2019;5;19;129;9;3;3082;82;10;True
2019-05-09 11:00:00+00:00;True;13.54;790.29;9.1;2019-05-09;2019;5;19;129;9;3;3083;83;11;True
2019-05-09 12:00:00+00:00;True;14.21;795.62;32.7;2019-05-09;2019;5;19;129;9;3;3084;84;12;True
2019-05-09 13:00:00+00:00;True;14.77;756.37;21.2;2019-05-09;2019;5;19;129;9;3;3085;85;13;True
2019-05-09 14:00:00+00:00;True;15.31;679.63;25.9;2019-05-09;2019;5;19;129;9;3;3086;86;14;True
2019-05-09 15:00:00+00:00;True;15.96;573.96;21.1;2019-05-09;2019;5;19;129;9;3;3087;87;15;True
2019-05-09 16:00:00+00:00;True;16.28;409.86;6.8;2019-05-09;2019;5;19;129;9;3;3088;88;16;True
2019-05-09 17:00:00+00:00;True;16.39;224.64;15.8;2019-05-09;2019;5;19;129;9;3;3089;89;17;True
2019-05-09 18:00:00+00:00;True;15.98;146.08;0.2;2019-05-09;2019;5;19;129;9;3;3090;90;18;True
2019-05-09 19:00:00+00:00;True;14.96;54.54;0.4;2019-05-09;2019;5;19;129;9;3;3091;91;19;True
2019-05-09 20:00:00+00:00;True;14.26;2.61;2.3;2019-05-09;2019;5;19;129;9;3;3092;92;20;True
2019-05-09 21:00:00+00:00;True;13.52;0.0;17.8;2019-05-09;2019;5;19;129;9;3;3093;93;21;True
2019-05-09 22:00:00+00:00;True;12.62;0.02;7.7;2019-05-09;2019;5;19;129;9;3;3094;94;22;True
2019-05-09 23:00:00+00:00;True;11.26;0.23;4.0;2019-05-09;2019;5;19;129;9;3;3095;95;23;True
2019-05-10 00:00:00+00:00;True;10.16;0.62;12.0;2019-05-10;2019;5;19;130;10;4;3096;96;0;True
2019-05-10 01:00:00+00:00;True;9.21;0.74;11.1;2019-05-10;2019;5;19;130;10;4;3097;97;1;True
2019-05-10 02:00:00+00:00;True;8.57;0.94;11.5;2019-05-10;2019;5;19;130;10;4;3098;98;2;True
2019-05-10 03:00:00+00:00;True;8.42;1.8;9.3;2019-05-10;2019;5;19;130;10;4;3099;99;3;True
2019-05-10 04:00:00+00:00;True;8.55;5.69;15.6;2019-05-10;2019;5;19;130;10;4;3100;100;4;True
2019-05-10 05:00:00+00:00;True;8.54;27.03;25.6;2019-05-10;2019;5;19;130;10;4;3101;101;5;True
2019-05-10 06:00:00+00:00;True;8.63;56.09;6.5;2019-05-10;2019;5;19;130;10;4;3102;102;6;True
2019-05-10 07:00:00+00:00;True;8.74;77.47;18.7;2019-05-10;2019;5;19;130;10;4;3103;103;7;True
2019-05-10 08:00:00+00:00;True;8.74;93.71;24.9;2019-05-10;2019;5;19;130;10;4;3104;104;8;True
2019-05-10 09:00:00+00:00;True;8.6;87.96;61.5;2019-05-10;2019;5;19;130;10;4;3105;105;9;True
2019-05-10 10:00:00+00:00;True;8.87;165.52;53.7;2019-05-10;2019;5;19;130;10;4;3106;106;10;True
2019-05-10 11:00:00+00:00;True;9.65;134.55;48.2;2019-05-10;2019;5;19;130;10;4;3107;107;11;True
2019-05-10 12:00:00+00:00;True;10.04;128.91;36.6;2019-05-10;2019;5;19;130;10;4;3108;108;12;True
2019-05-10 13:00:00+00:00;True;11.12;117.35;35.7;2019-05-10;2019;5;19;130;10;4;3109;109;13;True
2019-05-10 14:00:00+00:00;True;11.35;114.05;29.4;2019-05-10;2019;5;19;130;10;4;3110;110;14;True
2019-05-10 15:00:00+00:00;True;11.85;114.15;43.2;2019-05-10;2019;5;19;130;10;4;3111;111;15;True
2019-05-10 16:00:00+00:00;True;11.58;74.54;31.9;2019-05-10;2019;5;19;130;10;4;3112;112;16;True
2019-05-10 17:00:00+00:00;True;11.39;80.98;12.1;2019-05-10;2019;5;19;130;10;4;3113;113;17;True
2019-05-10 18:00:00+00:00;True;11.45;70.88;17.3;2019-05-10;2019;5;19;130;10;4;3114;114;18;True
2019-05-10 19:00:00+00:00;True;11.36;28.37;10.3;2019-05-10;2019;5;19;130;10;4;3115;115;19;True
2019-05-10 20:00:00+00:00;True;10.81;2.92;20.4;2019-05-10;2019;5;19;130;10;4;3116;116;20;True
2019-05-10 21:00:00+00:00;True;10.57;1.0;20.1;2019-05-10;2019;5;19;130;10;4;3117;117;21;True
2019-05-10 22:00:00+00:00;True;10.31;0.98;9.2;2019-05-10;2019;5;19;130;10;4;3118;118;22;True
2019-05-10 23:00:00+00:00;True;9.83;1.09;5.1;2019-05-10;2019;5;19;130;10;4;3119;119;23;True
2019-05-11 00:00:00+00:00;True;9.53;1.33;7.5;2019-05-11;2019;5;19;131;11;5;3120;120;0;False
2019-05-11 01:00:00+00:00;True;9.41;1.2;17.5;2019-05-11;2019;5;19;131;11;5;3121;121;1;False
2019-05-11 02:00:00+00:00;True;9.25;1.24;21.3;2019-05-11;2019;5;19;131;11;5;3122;122;2;False
2019-05-11 03:00:00+00:00;True;8.78;1.99;23.9;2019-05-11;2019;5;19;131;11;5;3123;123;3;False
2019-05-11 04:00:00+00:00;True;7.51;22.78;17.5;2019-05-11;2019;5;19;131;11;5;3124;124;4;False
2019-05-11 05:00:00+00:00;True;7.22;88.81;24.5;2019-05-11;2019;5;19;131;11;5;3125;125;5;False
2019-05-11 06:00:00+00:00;True;7.69;108.83;11.2;2019-05-11;2019;5;19;131;11;5;3126;126;6;False
2019-05-11 07:00:00+00:00;True;8.55;111.98;26.9;2019-05-11;2019;5;19;131;11;5;3127;127;7;False
2019-05-11 08:00:00+00:00;True;9.38;83.35;25.4;2019-05-11;2019;5;19;131;11;5;3128;128;8;False
2019-05-11 09:00:00+00:00;True;10.26;76.12;27.4;2019-05-11;2019;5;19;131;11;5;3129;129;9;False
2019-05-11 10:00:00+00:00;True;10.65;113.32;29.9;2019-05-11;2019;5;19;131;11;5;3130;130;10;False
2019-05-11 11:00:00+00:00;True;10.61;91.2;28.5;2019-05-11;2019;5;19;131;11;5;3131;131;11;False
2019-05-11 12:00:00+00:00;True;10.35;76.77;29.0;2019-05-11;2019;5;19;131;11;5;3132;132;12;False
2019-05-11 13:00:00+00:00;True;10.27;41.66;16.0;2019-05-11;2019;5;19;131;11;5;3133;133;13;False
2019-05-11 14:00:00+00:00;True;10.14;30.92;22.9;2019-05-11;2019;5;19;131;11;5;3134;134;14;False
2019-05-11 15:00:00+00:00;True;10.1;30.18;15.7;2019-05-11;2019;5;19;131;11;5;3135;135;15;False
2019-05-11 16:00:00+00:00;True;9.68;39.78;17.8;2019-05-11;2019;5;19;131;11;5;3136;136;16;False
2019-05-11 17:00:00+00:00;True;9.08;24.76;14.4;2019-05-11;2019;5;19;131;11;5;3137;137;17;False
2019-05-11 18:00:00+00:00;True;9.06;13.64;23.8;2019-05-11;2019;5;19;131;11;5;3138;138;18;False
2019-05-11 19:00:00+00:00;True;9.15;9.37;18.3;2019-05-11;2019;5;19;131;11;5;3139;139;19;False
2019-05-11 20:00:00+00:00;True;9.37;0.91;18.5;2019-05-11;2019;5;19;131;11;5;3140;140;20;False
2019-05-11 21:00:00+00:00;True;9.46;0.73;23.5;2019-05-11;2019;5;19;131;11;5;3141;141;21;False
2019-05-11 22:00:00+00:00;True;9.79;0.88;10.3;2019-05-11;2019;5;19;131;11;5;3142;142;22;False
2019-05-11 23:00:00+00:00;True;9.63;0.98;16.6;2019-05-11;2019;5;19;131;11;5;3143;143;23;False
2019-05-12 00:00:00+00:00;True;9.53;1.09;15.6;2019-05-12;2019;5;19;132;12;6;3144;144;0;False
2019-05-12 01:00:00+00:00;True;9.72;0.86;9.3;2019-05-12;2019;5;19;132;12;6;3145;145;1;False
2019-05-12 02:00:00+00:00;True;9.88;0.55;17.4;2019-05-12;2019;5;19;132;12;6;3146;146;2;False
2019-05-12 03:00:00+00:00;True;9.87;0.92;8.9;2019-05-12;2019;5;19;132;12;6;3147;147;3;False
2019-05-12 04:00:00+00:00;True;9.71;8.45;9.1;2019-05-12;2019;5;19;132;12;6;3148;148;4;False
2019-05-12 05:00:00+00:00;True;9.46;28.82;10.0;2019-05-12;2019;5;19;132;12;6;3149;149;5;False
2019-05-12 06:00:00+00:00;True;9.23;61.06;7.3;2019-05-12;2019;5;19;132;12;6;3150;150;6;False
2019-05-12 07:00:00+00:00;True;9.13;95.0;17.5;2019-05-12;2019;5;19;132;12;6;3151;151;7;False
2019-05-12 08:00:00+00:00;True;9.34;172.17;23.7;2019-05-12;2019;5;19;132;12;6;3152;152;8;False
2019-05-12 09:00:00+00:00;True;9.63;209.03;14.9;2019-05-12;2019;5;19;132;12;6;3153;153;9;False
2019-05-12 10:00:00+00:00;True;9.76;208.53;24.3;2019-05-12;2019;5;19;132;12;6;3154;154;10;False
2019-05-12 11:00:00+00:00;True;10.08;231.03;4.9;2019-05-12;2019;5;19;132;12;6;3155;155;11;False
2019-05-12 12:00:00+00:00;True;10.6;328.96;1.7;2019-05-12;2019;5;19;132;12;6;3156;156;12;False
2019-05-12 13:00:00+00:00;True;11.46;545.48;26.1;2019-05-12;2019;5;19;132;12;6;3157;157;13;False
2019-05-12 14:00:00+00:00;True;12.87;667.35;0.1;2019-05-12;2019;5;19;132;12;6;3158;158;14;False
2019-05-12 15:00:00+00:00;True;13.99;441.97;12.5;2019-05-12;2019;5;19;132;12;6;3159;159;15;False
2019-05-12 16:00:00+00:00;True;14.84;456.77;13.1;2019-05-12;2019;5;19;132;12;6;3160;160;16;False
2019-05-12 17:00:00+00:00;True;15.3;315.53;2.5;2019-05-12;2019;5;19;132;12;6;3161;161;17;False
2019-05-12 18:00:00+00:00;True;15.73;175.38;5.5;2019-05-12;2019;5;19;132;12;6;3162;162;18;False
2019-05-12 19:00:00+00:00;True;15.12;57.7;1.9;2019-05-12;2019;5;19;132;12;6;3163;163;19;False
2019-05-12 20:00:00+00:00;True;14.19;4.87;5.8;2019-05-12;2019;5;19;132;12;6;3164;164;20;False
2019-05-12 21:00:00+00:00;True;13.11;0.07;18.8;2019-05-12;2019;5;19;132;12;6;3165;165;21;False
2019-05-12 22:00:00+00:00;True;11.97;0.17;7.2;2019-05-12;2019;5;19;132;12;6;3166;166;22;False
2019-05-12 23:00:00+00:00;True;11.21;0.63;18.2;2019-05-12;2019;5;19;132;12;6;3167;167;23;False
2019-05-13 00:00:00+00:00;True;11.13;0.61;5.5;2019-05-13;2019;5;20;133;13;0;3168;0;0;True
2019-05-13 01:00:00+00:00;True;10.55;0.76;20.7;2019-05-13;2019;5;20;133;13;0;3169;1;1;True
2019-05-13 02:00:00+00:00;True;8.12;1.59;17.2;2019-05-13;2019;5;20;133;13;0;3170;2;2;True
2019-05-13 03:00:00+00:00;True;8.37;2.32;24.8;2019-05-13;2019;5;20;133;13;0;3171;3;3;True
2019-05-13 04:00:00+00:00;True;8.28;26.22;10.2;2019-05-13;2019;5;20;133;13;0;3172;4;4;True
2019-05-13 05:00:00+00:00;True;8.37;75.14;13.4;2019-05-13;2019;5;20;133;13;0;3173;5;5;True
2019-05-13 06:00:00+00:00;True;8.63;72.2;9.0;2019-05-13;2019;5;20;133;13;0;3174;6;6;True
2019-05-13 07:00:00+00:00;True;9.79;281.79;23.7;2019-05-13;2019;5;20;133;13;0;3175;7;7;True
2019-05-13 08:00:00+00:00;True;10.96;273.4;13.8;2019-05-13;2019;5;20;133;13;0;3176;8;8;True
2019-05-13 09:00:00+00:00;True;11.84;630.73;6.4;2019-05-13;2019;5;20;133;13;0;3177;9;9;True
2019-05-13 10:00:00+00:00;True;12.26;445.26;43.7;2019-05-13;2019;5;20;133;13;0;3178;10;10;True
2019-05-13 11:00:00+00:00;True;12.85;540.48;22.3;2019-05-13;2019;5;20;133;13;0;3179;11;11;True
2019-05-13 12:00:00+00:00;True;12.29;264.71;8.9;2019-05-13;2019;5;20;133;13;0;3180;12;12;True
2019-05-13 13:00:00+00:00;True;11.5;106.83;27.5;2019-05-13;2019;5;20;133;13;0;3181;13;13;True
2019-05-13 14:00:00+00:00;True;10.5;195.28;44.4;2019-05-13;2019;5;20;133;13;0;3182;14;14;True
2019-05-13 15:00:00+00:00;True;9.43;229.23;38.8;2019-05-13;2019;5;20;133;13;0;3183;15;15;True
2019-05-13 16:00:00+00:00;True;8.66;190.11;44.7;2019-05-13;2019;5;20;133;13;0;3184;16;16;True
2019-05-13 17:00:00+00:00;True;8.36;73.22;35.5;2019-05-13;2019;5;20;133;13;0;3185;17;17;True
2019-05-13 18:00:00+00:00;True;7.8;55.22;29.5;2019-05-13;2019;5;20;133;13;0;3186;18;18;True
2019-05-13 19:00:00+00:00;True;7.34;19.43;29.1;2019-05-13;2019;5;20;133;13;0;3187;19;19;True
2019-05-13 20:00:00+00:00;True;7.27;1.68;25.8;2019-05-13;2019;5;20;133;13;0;3188;20;20;True
2019-05-13 21:00:00+00:00;True;6.96;0.68;21.0;2019-05-13;2019;5;20;133;13;0;3189;21;21;True
2019-05-13 22:00:00+00:00;True;6.76;1.28;8.9;2019-05-13;2019;5;20;133;13;0;3190;22;22;True
2019-05-13 23:00:00+00:00;True;6.61;1.12;9.4;2019-05-13;2019;5;20;133;13;0;3191;23;23;True
2019-05-14 00:00:00+00:00;True;6.62;1.86;10.9;2019-05-14;2019;5;20;134;14;1;3192;24;0;True
2019-05-14 01:00:00+00:00;True;6.85;2.03;9.5;2019-05-14;2019;5;20;134;14;1;3193;25;1;True
2019-05-14 02:00:00+00:00;True;6.69;2.01;9.0;2019-05-14;2019;5;20;134;14;1;3194;26;2;True
2019-05-14 03:00:00+00:00;True;6.8;2.48;10.4;2019-05-14;2019;5;20;134;14;1;3195;27;3;True
2019-05-14 04:00:00+00:00;True;6.86;13.07;9.7;2019-05-14;2019;5;20;134;14;1;3196;28;4;True
2019-05-14 05:00:00+00:00;True;6.79;20.45;22.5;2019-05-14;2019;5;20;134;14;1;3197;29;5;True
2019-05-14 06:00:00+00:00;True;6.71;27.21;15.7;2019-05-14;2019;5;20;134;14;1;3198;30;6;True
2019-05-14 07:00:00+00:00;True;6.66;63.39;32.6;2019-05-14;2019;5;20;134;14;1;3199;31;7;True
2019-05-14 08:00:00+00:00;True;6.91;78.4;23.5;2019-05-14;2019;5;20;134;14;1;3200;32;8;True
2019-05-14 09:00:00+00:00;True;7.27;133.35;66.0;2019-05-14;2019;5;20;134;14;1;3201;33;9;True
2019-05-14 10:00:00+00:00;True;7.83;254.77;68.1;2019-05-14;2019;5;20;134;14;1;3202;34;10;True
2019-05-14 11:00:00+00:00;True;8.64;411.5;66.1;2019-05-14;2019;5;20;134;14;1;3203;35;11;True
2019-05-14 12:00:00+00:00;True;9.38;435.74;48.4;2019-05-14;2019;5;20;134;14;1;3204;36;12;True
2019-05-14 13:00:00+00:00;True;9.44;374.45;39.5;2019-05-14;2019;5;20;134;14;1;3205;37;13;True
2019-05-14 14:00:00+00:00;True;9.93;356.51;40.6;2019-05-14;2019;5;20;134;14;1;3206;38;14;True
2019-05-14 15:00:00+00:00;True;10.53;355.05;29.7;2019-05-14;2019;5;20;134;14;1;3207;39;15;True
2019-05-14 16:00:00+00:00;True;11.06;309.65;32.3;2019-05-14;2019;5;20;134;14;1;3208;40;16;True
2019-05-14 17:00:00+00:00;True;11.16;303.81;23.8;2019-05-14;2019;5;20;134;14;1;3209;41;17;True
2019-05-14 18:00:00+00:00;True;10.47;132.8;19.1;2019-05-14;2019;5;20;134;14;1;3210;42;18;True
2019-05-14 19:00:00+00:00;True;10.25;69.51;30.7;2019-05-14;2019;5;20;134;14;1;3211;43;19;True
2019-05-14 20:00:00+00:00;True;9.21;7.64;17.3;2019-05-14;2019;5;20;134;14;1;3212;44;20;True
2019-05-14 21:00:00+00:00;True;8.03;0.07;31.8;2019-05-14;2019;5;20;134;14;1;3213;45;21;True
2019-05-14 22:00:00+00:00;True;7.08;0.19;22.7;2019-05-14;2019;5;20;134;14;1;3214;46;22;True
2019-05-14 23:00:00+00:00;True;6.23;0.61;20.4;2019-05-14;2019;5;20;134;14;1;3215;47;23;True
2019-05-15 00:00:00+00:00;True;5.64;1.12;16.0;2019-05-15;2019;5;20;135;15;2;3216;48;0;True
2019-05-15 01:00:00+00:00;True;5.24;1.1;18.2;2019-05-15;2019;5;20;135;15;2;3217;49;1;True
2019-05-15 02:00:00+00:00;True;4.74;1.25;22.6;2019-05-15;2019;5;20;135;15;2;3218;50;2;True
2019-05-15 03:00:00+00:00;True;4.41;3.7;23.8;2019-05-15;2019;5;20;135;15;2;3219;51;3;True
2019-05-15 04:00:00+00:00;True;4.39;44.91;35.6;2019-05-15;2019;5;20;135;15;2;3220;52;4;True
2019-05-15 05:00:00+00:00;True;5.44;151.1;21.2;2019-05-15;2019;5;20;135;15;2;3221;53;5;True
2019-05-15 06:00:00+00:00;True;7.35;291.73;30.8;2019-05-15;2019;5;20;135;15;2;3222;54;6;True
2019-05-15 07:00:00+00:00;True;9.39;437.92;26.4;2019-05-15;2019;5;20;135;15;2;3223;55;7;True
2019-05-15 08:00:00+00:00;True;10.85;493.42;40.4;2019-05-15;2019;5;20;135;15;2;3224;56;8;True
2019-05-15 09:00:00+00:00;True;11.99;662.22;4.0;2019-05-15;2019;5;20;135;15;2;3225;57;9;True
2019-05-15 10:00:00+00:00;True;12.36;757.36;39.3;2019-05-15;2019;5;20;135;15;2;3226;58;10;True
2019-05-15 11:00:00+00:00;True;12.99;812.55;21.3;2019-05-15;2019;5;20;135;15;2;3227;59;11;True
2019-05-15 12:00:00+00:00;True;13.35;815.43;33.8;2019-05-15;2019;5;20;135;15;2;3228;60;12;True
2019-05-15 13:00:00+00:00;True;13.86;781.69;32.6;2019-05-15;2019;5;20;135;15;2;3229;61;13;True
2019-05-15 14:00:00+00:00;True;14.24;712.64;38.6;2019-05-15;2019;5;20;135;15;2;3230;62;14;True
2019-05-15 15:00:00+00:00;True;14.78;609.61;14.5;2019-05-15;2019;5;20;135;15;2;3231;63;15;True
2019-05-15 16:00:00+00:00;True;14.93;479.49;29.8;2019-05-15;2019;5;20;135;15;2;3232;64;16;True
2019-05-15 17:00:00+00:00;True;14.93;343.51;21.9;2019-05-15;2019;5;20;135;15;2;3233;65;17;True
2019-05-15 18:00:00+00:00;True;14.57;197.23;5.0;2019-05-15;2019;5;20;135;15;2;3234;66;18;True
2019-05-15 19:00:00+00:00;True;13.45;65.5;4.9;2019-05-15;2019;5;20;135;15;2;3235;67;19;True
2019-05-15 20:00:00+00:00;True;12.14;7.6;9.9;2019-05-15;2019;5;20;135;15;2;3236;68;20;True
2019-05-15 21:00:00+00:00;True;10.63;0.22;23.7;2019-05-15;2019;5;20;135;15;2;3237;69;21;True
2019-05-15 22:00:00+00:00;True;9.33;0.41;17.1;2019-05-15;2019;5;20;135;15;2;3238;70;22;True
2019-05-15 23:00:00+00:00;True;8.53;0.73;8.5;2019-05-15;2019;5;20;135;15;2;3239;71;23;True
2019-05-16 00:00:00+00:00;True;8.18;0.94;13.5;2019-05-16;2019;5;20;136;16;3;3240;72;0;True
2019-05-16 01:00:00+00:00;True;7.87;0.92;21.1;2019-05-16;2019;5;20;136;16;3;3241;73;1;True
2019-05-16 02:00:00+00:00;True;7.37;0.75;14.1;2019-05-16;2019;5;20;136;16;3;3242;74;2;True
2019-05-16 03:00:00+00:00;True;6.57;3.89;26.3;2019-05-16;2019;5;20;136;16;3;3243;75;3;True
2019-05-16 04:00:00+00:00;True;5.86;47.4;23.6;2019-05-16;2019;5;20;136;16;3;3244;76;4;True
2019-05-16 05:00:00+00:00;True;6.95;156.56;20.0;2019-05-16;2019;5;20;136;16;3;3245;77;5;True
2019-05-16 06:00:00+00:00;True;9.13;294.39;26.5;2019-05-16;2019;5;20;136;16;3;3246;78;6;True
2019-05-16 07:00:00+00:00;True;11.17;434.86;35.2;2019-05-16;2019;5;20;136;16;3;3247;79;7;True
2019-05-16 08:00:00+00:00;True;12.56;569.26;30.5;2019-05-16;2019;5;20;136;16;3;3248;80;8;True
2019-05-16 09:00:00+00:00;True;13.41;684.38;15.7;2019-05-16;2019;5;20;136;16;3;3249;81;9;True
2019-05-16 10:00:00+00:00;True;14.12;768.84;19.2;2019-05-16;2019;5;20;136;16;3;3250;82;10;True
2019-05-16 11:00:00+00:00;True;14.71;816.71;15.1;2019-05-16;2019;5;20;136;16;3;3251;83;11;True
2019-05-16 12:00:00+00:00;True;15.13;819.75;16.9;2019-05-16;2019;5;20;136;16;3;3252;84;12;True
2019-05-16 13:00:00+00:00;True;15.59;787.21;14.2;2019-05-16;2019;5;20;136;16;3;3253;85;13;True
2019-05-16 14:00:00+00:00;True;16.33;715.86;31.4;2019-05-16;2019;5;20;136;16;3;3254;86;14;True
2019-05-16 15:00:00+00:00;True;16.61;611.81;13.9;2019-05-16;2019;5;20;136;16;3;3255;87;15;True
2019-05-16 16:00:00+00:00;True;16.94;482.62;2.6;2019-05-16;2019;5;20;136;16;3;3256;88;16;True
2019-05-16 17:00:00+00:00;True;16.85;340.42;0.1;2019-05-16;2019;5;20;136;16;3;3257;89;17;True
2019-05-16 18:00:00+00:00;True;16.91;196.47;0.1;2019-05-16;2019;5;20;136;16;3;3258;90;18;True
2019-05-16 19:00:00+00:00;True;16.35;76.3;5.6;2019-05-16;2019;5;20;136;16;3;3259;91;19;True
2019-05-16 20:00:00+00:00;True;14.88;7.17;10.6;2019-05-16;2019;5;20;136;16;3;3260;92;20;True
2019-05-16 21:00:00+00:00;True;13.23;0.02;15.7;2019-05-16;2019;5;20;136;16;3;3261;93;21;True
2019-05-16 22:00:00+00:00;True;11.97;0.11;4.4;2019-05-16;2019;5;20;136;16;3;3262;94;22;True
2019-05-16 23:00:00+00:00;True;10.92;0.36;5.0;2019-05-16;2019;5;20;136;16;3;3263;95;23;True
2019-05-17 00:00:00+00:00;True;10.52;0.57;7.9;2019-05-17;2019;5;20;137;17;4;3264;96;0;True
2019-05-17 01:00:00+00:00;True;9.83;0.62;11.8;2019-05-17;2019;5;20;137;17;4;3265;97;1;True
2019-05-17 02:00:00+00:00;True;9.07;0.7;13.1;2019-05-17;2019;5;20;137;17;4;3266;98;2;True
2019-05-17 03:00:00+00:00;True;8.37;4.46;11.3;2019-05-17;2019;5;20;137;17;4;3267;99;3;True
2019-05-17 04:00:00+00:00;True;7.56;40.85;18.8;2019-05-17;2019;5;20;137;17;4;3268;100;4;True
2019-05-17 05:00:00+00:00;True;8.06;141.76;13.7;2019-05-17;2019;5;20;137;17;4;3269;101;5;True
2019-05-17 06:00:00+00:00;True;10.88;297.09;12.9;2019-05-17;2019;5;20;137;17;4;3270;102;6;True
2019-05-17 07:00:00+00:00;True;12.41;452.81;18.7;2019-05-17;2019;5;20;137;17;4;3271;103;7;True
2019-05-17 08:00:00+00:00;True;14.49;533.24;16.0;2019-05-17;2019;5;20;137;17;4;3272;104;8;True
2019-05-17 09:00:00+00:00;True;16.11;690.94;0.1;2019-05-17;2019;5;20;137;17;4;3273;105;9;True
2019-05-17 10:00:00+00:00;True;17.01;770.95;28.0;2019-05-17;2019;5;20;137;17;4;3274;106;10;True
2019-05-17 11:00:00+00:00;True;17.69;831.58;6.9;2019-05-17;2019;5;20;137;17;4;3275;107;11;True
2019-05-17 12:00:00+00:00;True;18.41;792.45;5.7;2019-05-17;2019;5;20;137;17;4;3276;108;12;True
2019-05-17 13:00:00+00:00;True;18.67;777.11;2.3;2019-05-17;2019;5;20;137;17;4;3277;109;13;True
2019-05-17 14:00:00+00:00;True;19.18;717.34;0.2;2019-05-17;2019;5;20;137;17;4;3278;110;14;True
2019-05-17 15:00:00+00:00;True;19.54;595.9;0.1;2019-05-17;2019;5;20;137;17;4;3279;111;15;True
2019-05-17 16:00:00+00:00;True;19.69;504.6;20.7;2019-05-17;2019;5;20;137;17;4;3280;112;16;True
2019-05-17 17:00:00+00:00;True;19.81;334.59;10.9;2019-05-17;2019;5;20;137;17;4;3281;113;17;True
2019-05-17 18:00:00+00:00;True;19.59;192.61;1.4;2019-05-17;2019;5;20;137;17;4;3282;114;18;True
2019-05-17 19:00:00+00:00;True;19.02;78.0;10.3;2019-05-17;2019;5;20;137;17;4;3283;115;19;True
2019-05-17 20:00:00+00:00;True;18.12;9.75;0.1;2019-05-17;2019;5;20;137;17;4;3284;116;20;True
2019-05-17 21:00:00+00:00;True;16.79;0.0;12.5;2019-05-17;2019;5;20;137;17;4;3285;117;21;True
2019-05-17 22:00:00+00:00;True;15.19;0.01;2.7;2019-05-17;2019;5;20;137;17;4;3286;118;22;True
2019-05-17 23:00:00+00:00;True;14.23;0.25;2.5;2019-05-17;2019;5;20;137;17;4;3287;119;23;True
2019-05-18 00:00:00+00:00;True;13.61;0.35;6.8;2019-05-18;2019;5;20;138;18;5;3288;120;0;False
2019-05-18 01:00:00+00:00;True;12.55;0.33;14.6;2019-05-18;2019;5;20;138;18;5;3289;121;1;False
2019-05-18 02:00:00+00:00;True;11.57;0.43;16.5;2019-05-18;2019;5;20;138;18;5;3290;122;2;False
2019-05-18 03:00:00+00:00;True;10.39;4.4;9.6;2019-05-18;2019;5;20;138;18;5;3291;123;3;False
2019-05-18 04:00:00+00:00;True;10.2;51.34;7.7;2019-05-18;2019;5;20;138;18;5;3292;124;4;False
2019-05-18 05:00:00+00:00;True;11.08;159.18;21.6;2019-05-18;2019;5;20;138;18;5;3293;125;5;False
2019-05-18 06:00:00+00:00;True;12.69;293.83;10.4;2019-05-18;2019;5;20;138;18;5;3294;126;6;False
2019-05-18 07:00:00+00:00;True;14.68;436.49;21.2;2019-05-18;2019;5;20;138;18;5;3295;127;7;False
2019-05-18 08:00:00+00:00;True;17.0;572.88;9.8;2019-05-18;2019;5;20;138;18;5;3296;128;8;False
2019-05-18 09:00:00+00:00;True;18.77;683.41;0.1;2019-05-18;2019;5;20;138;18;5;3297;129;9;False
2019-05-18 10:00:00+00:00;True;19.75;766.65;0.1;2019-05-18;2019;5;20;138;18;5;3298;130;10;False
2019-05-18 11:00:00+00:00;True;20.56;814.41;13.1;2019-05-18;2019;5;20;138;18;5;3299;131;11;False
2019-05-18 12:00:00+00:00;True;21.32;817.92;11.2;2019-05-18;2019;5;20;138;18;5;3300;132;12;False
2019-05-18 13:00:00+00:00;True;21.88;782.81;3.5;2019-05-18;2019;5;20;138;18;5;3301;133;13;False
2019-05-18 14:00:00+00:00;True;22.29;708.69;0.1;2019-05-18;2019;5;20;138;18;5;3302;134;14;False
2019-05-18 15:00:00+00:00;True;22.62;600.91;12.6;2019-05-18;2019;5;20;138;18;5;3303;135;15;False
2019-05-18 16:00:00+00:00;True;22.45;465.07;0.1;2019-05-18;2019;5;20;138;18;5;3304;136;16;False
2019-05-18 17:00:00+00:00;True;22.33;311.75;2.8;2019-05-18;2019;5;20;138;18;5;3305;137;17;False
2019-05-18 18:00:00+00:00;True;21.9;183.15;0.6;2019-05-18;2019;5;20;138;18;5;3306;138;18;False
2019-05-18 19:00:00+00:00;True;21.16;85.83;3.3;2019-05-18;2019;5;20;138;18;5;3307;139;19;False
2019-05-18 20:00:00+00:00;True;20.17;10.14;12.9;2019-05-18;2019;5;20;138;18;5;3308;140;20;False
2019-05-18 21:00:00+00:00;True;19.1;0.09;0.1;2019-05-18;2019;5;20;138;18;5;3309;141;21;False
2019-05-18 22:00:00+00:00;True;17.78;0.01;11.6;2019-05-18;2019;5;20;138;18;5;3310;142;22;False
2019-05-18 23:00:00+00:00;True;16.16;0.16;0.1;2019-05-18;2019;5;20;138;18;5;3311;143;23;False
2019-05-19 00:00:00+00:00;True;14.89;0.28;1.5;2019-05-19;2019;5;20;139;19;6;3312;144;0;False
2019-05-19 01:00:00+00:00;True;14.23;0.62;8.8;2019-05-19;2019;5;20;139;19;6;3313;145;1;False
2019-05-19 02:00:00+00:00;True;13.54;0.56;13.3;2019-05-19;2019;5;20;139;19;6;3314;146;2;False
2019-05-19 03:00:00+00:00;True;12.96;6.55;8.5;2019-05-19;2019;5;20;139;19;6;3315;147;3;False
2019-05-19 04:00:00+00:00;True;12.41;46.81;4.6;2019-05-19;2019;5;20;139;19;6;3316;148;4;False
2019-05-19 05:00:00+00:00;True;12.83;140.5;15.2;2019-05-19;2019;5;20;139;19;6;3317;149;5;False
2019-05-19 06:00:00+00:00;True;14.18;201.26;1.6;2019-05-19;2019;5;20;139;19;6;3318;150;6;False
2019-05-19 07:00:00+00:00;True;16.67;433.16;1.5;2019-05-19;2019;5;20;139;19;6;3319;151;7;False
2019-05-19 08:00:00+00:00;True;18.65;564.7;3.1;2019-05-19;2019;5;20;139;19;6;3320;152;8;False
2019-05-19 09:00:00+00:00;True;20.3;665.38;0.1;2019-05-19;2019;5;20;139;19;6;3321;153;9;False
2019-05-19 10:00:00+00:00;True;21.84;725.98;3.2;2019-05-19;2019;5;20;139;19;6;3322;154;10;False
2019-05-19 11:00:00+00:00;True;22.5;691.47;0.1;2019-05-19;2019;5;20;139;19;6;3323;155;11;False
2019-05-19 12:00:00+00:00;True;23.48;722.45;9.3;2019-05-19;2019;5;20;139;19;6;3324;156;12;False
2019-05-19 13:00:00+00:00;True;23.47;719.68;0.1;2019-05-19;2019;5;20;139;19;6;3325;157;13;False
2019-05-19 14:00:00+00:00;True;23.54;619.11;0.1;2019-05-19;2019;5;20;139;19;6;3326;158;14;False
2019-05-19 15:00:00+00:00;True;24.12;564.33;1.7;2019-05-19;2019;5;20;139;19;6;3327;159;15;False
2019-05-19 16:00:00+00:00;True;24.16;442.26;0.1;2019-05-19;2019;5;20;139;19;6;3328;160;16;False
2019-05-19 17:00:00+00:00;True;24.1;307.52;1.0;2019-05-19;2019;5;20;139;19;6;3329;161;17;False
2019-05-19 18:00:00+00:00;True;23.84;157.13;0.1;2019-05-19;2019;5;20;139;19;6;3330;162;18;False
2019-05-19 19:00:00+00:00;True;22.64;73.46;1.7;2019-05-19;2019;5;20;139;19;6;3331;163;19;False
2019-05-19 20:00:00+00:00;True;19.8;6.65;0.1;2019-05-19;2019;5;20;139;19;6;3332;164;20;False
2019-05-19 21:00:00+00:00;True;18.4;0.0;0.1;2019-05-19;2019;5;20;139;19;6;3333;165;21;False
2019-05-19 22:00:00+00:00;True;17.8;0.04;7.3;2019-05-19;2019;5;20;139;19;6;3334;166;22;False
2019-05-19 23:00:00+00:00;True;17.29;0.24;9.8;2019-05-19;2019;5;20;139;19;6;3335;167;23;False
2019-05-20 00:00:00+00:00;True;16.64;0.41;10.4;2019-05-20;2019;5;21;140;20;0;3336;0;0;True
2019-05-20 01:00:00+00:00;True;15.58;0.52;12.4;2019-05-20;2019;5;21;140;20;0;3337;1;1;True
2019-05-20 02:00:00+00:00;True;14.63;0.32;0.2;2019-05-20;2019;5;21;140;20;0;3338;2;2;True
2019-05-20 03:00:00+00:00;True;13.65;3.03;11.3;2019-05-20;2019;5;21;140;20;0;3339;3;3;True
2019-05-20 04:00:00+00:00;True;13.34;34.76;1.7;2019-05-20;2019;5;21;140;20;0;3340;4;4;True
2019-05-20 05:00:00+00:00;True;14.02;135.68;8.0;2019-05-20;2019;5;21;140;20;0;3341;5;5;True
2019-05-20 06:00:00+00:00;True;16.5;276.5;1.0;2019-05-20;2019;5;21;140;20;0;3342;6;6;True
2019-05-20 07:00:00+00:00;True;19.16;423.31;3.5;2019-05-20;2019;5;21;140;20;0;3343;7;7;True
2019-05-20 08:00:00+00:00;True;21.24;541.9;11.7;2019-05-20;2019;5;21;140;20;0;3344;8;8;True
2019-05-20 09:00:00+00:00;True;23.25;658.38;0.8;2019-05-20;2019;5;21;140;20;0;3345;9;9;True
2019-05-20 10:00:00+00:00;True;24.54;731.97;0.1;2019-05-20;2019;5;21;140;20;0;3346;10;10;True
2019-05-20 11:00:00+00:00;True;25.42;758.43;0.1;2019-05-20;2019;5;21;140;20;0;3347;11;11;True
2019-05-20 12:00:00+00:00;True;26.05;791.4;0.2;2019-05-20;2019;5;21;140;20;0;3348;12;12;True
2019-05-20 13:00:00+00:00;True;26.38;752.51;4.1;2019-05-20;2019;5;21;140;20;0;3349;13;13;True
2019-05-20 14:00:00+00:00;True;26.66;646.59;0.1;2019-05-20;2019;5;21;140;20;0;3350;14;14;True
2019-05-20 15:00:00+00:00;True;26.7;384.23;35.2;2019-05-20;2019;5;21;140;20;0;3351;15;15;True
2019-05-20 16:00:00+00:00;True;27.03;472.08;16.7;2019-05-20;2019;5;21;140;20;0;3352;16;16;True
2019-05-20 17:00:00+00:00;True;26.18;170.93;27.3;2019-05-20;2019;5;21;140;20;0;3353;17;17;True
2019-05-20 18:00:00+00:00;True;25.3;120.4;17.1;2019-05-20;2019;5;21;140;20;0;3354;18;18;True
2019-05-20 19:00:00+00:00;True;24.33;46.8;0.7;2019-05-20;2019;5;21;140;20;0;3355;19;19;True
2019-05-20 20:00:00+00:00;True;22.96;10.32;0.0;2019-05-20;2019;5;21;140;20;0;3356;20;20;True
2019-05-20 21:00:00+00:00;True;21.86;0.0;4.7;2019-05-20;2019;5;21;140;20;0;3357;21;21;True
2019-05-20 22:00:00+00:00;True;20.64;0.0;2.5;2019-05-20;2019;5;21;140;20;0;3358;22;22;True
2019-05-20 23:00:00+00:00;True;19.39;0.03;11.0;2019-05-20;2019;5;21;140;20;0;3359;23;23;True
2019-05-21 00:00:00+00:00;True;18.68;0.19;0.1;2019-05-21;2019;5;21;141;21;1;3360;24;0;True
2019-05-21 01:00:00+00:00;True;18.25;0.05;10.2;2019-05-21;2019;5;21;141;21;1;3361;25;1;True
2019-05-21 02:00:00+00:00;True;17.62;0.06;0.7;2019-05-21;2019;5;21;141;21;1;3362;26;2;True
2019-05-21 03:00:00+00:00;True;17.18;2.29;0.1;2019-05-21;2019;5;21;141;21;1;3363;27;3;True
2019-05-21 04:00:00+00:00;True;17.71;33.03;10.1;2019-05-21;2019;5;21;141;21;1;3364;28;4;True
2019-05-21 05:00:00+00:00;True;17.72;108.41;0.1;2019-05-21;2019;5;21;141;21;1;3365;29;5;True
2019-05-21 06:00:00+00:00;True;17.93;136.18;0.1;2019-05-21;2019;5;21;141;21;1;3366;30;6;True
2019-05-21 07:00:00+00:00;True;18.18;207.85;11.3;2019-05-21;2019;5;21;141;21;1;3367;31;7;True
2019-05-21 08:00:00+00:00;True;19.77;306.3;0.4;2019-05-21;2019;5;21;141;21;1;3368;32;8;True
2019-05-21 09:00:00+00:00;True;21.03;396.37;0.2;2019-05-21;2019;5;21;141;21;1;3369;33;9;True
2019-05-21 10:00:00+00:00;True;22.32;516.07;2.8;2019-05-21;2019;5;21;141;21;1;3370;34;10;True
2019-05-21 11:00:00+00:00;True;22.92;615.79;13.2;2019-05-21;2019;5;21;141;21;1;3371;35;11;True
2019-05-21 12:00:00+00:00;True;23.66;681.29;12.2;2019-05-21;2019;5;21;141;21;1;3372;36;12;True
2019-05-21 13:00:00+00:00;True;23.11;453.72;0.1;2019-05-21;2019;5;21;141;21;1;3373;37;13;True
2019-05-21 14:00:00+00:00;True;23.64;591.31;11.0;2019-05-21;2019;5;21;141;21;1;3374;38;14;True
2019-05-21 15:00:00+00:00;True;24.35;441.9;0.0;2019-05-21;2019;5;21;141;21;1;3375;39;15;True
2019-05-21 16:00:00+00:00;True;23.92;163.78;12.3;2019-05-21;2019;5;21;141;21;1;3376;40;16;True
2019-05-21 17:00:00+00:00;True;21.87;87.18;18.0;2019-05-21;2019;5;21;141;21;1;3377;41;17;True
2019-05-21 18:00:00+00:00;True;21.09;32.89;5.0;2019-05-21;2019;5;21;141;21;1;3378;42;18;True
2019-05-21 19:00:00+00:00;True;20.81;22.18;0.1;2019-05-21;2019;5;21;141;21;1;3379;43;19;True
2019-05-21 20:00:00+00:00;True;20.03;1.31;0.0;2019-05-21;2019;5;21;141;21;1;3380;44;20;True
2019-05-21 21:00:00+00:00;True;19.54;0.09;4.8;2019-05-21;2019;5;21;141;21;1;3381;45;21;True
2019-05-21 22:00:00+00:00;True;18.78;0.16;0.1;2019-05-21;2019;5;21;141;21;1;3382;46;22;True
2019-05-21 23:00:00+00:00;True;18.56;0.15;10.9;2019-05-21;2019;5;21;141;21;1;3383;47;23;True
2019-05-22 00:00:00+00:00;True;17.87;0.3;2.4;2019-05-22;2019;5;21;142;22;2;3384;48;0;True
2019-05-22 01:00:00+00:00;True;17.15;0.05;0.1;2019-05-22;2019;5;21;142;22;2;3385;49;1;True
2019-05-22 02:00:00+00:00;True;16.12;0.13;11.9;2019-05-22;2019;5;21;142;22;2;3386;50;2;True
2019-05-22 03:00:00+00:00;True;15.58;3.3;12.2;2019-05-22;2019;5;21;142;22;2;3387;51;3;True
2019-05-22 04:00:00+00:00;True;15.57;42.17;0.1;2019-05-22;2019;5;21;142;22;2;3388;52;4;True
2019-05-22 05:00:00+00:00;True;16.26;144.26;1.2;2019-05-22;2019;5;21;142;22;2;3389;53;5;True
2019-05-22 06:00:00+00:00;True;18.43;270.8;1.2;2019-05-22;2019;5;21;142;22;2;3390;54;6;True
2019-05-22 07:00:00+00:00;True;20.0;403.19;12.1;2019-05-22;2019;5;21;142;22;2;3391;55;7;True
2019-05-22 08:00:00+00:00;True;21.74;529.57;0.1;2019-05-22;2019;5;21;142;22;2;3392;56;8;True
2019-05-22 09:00:00+00:00;True;21.96;638.09;4.2;2019-05-22;2019;5;21;142;22;2;3393;57;9;True
2019-05-22 10:00:00+00:00;True;22.6;669.68;1.2;2019-05-22;2019;5;21;142;22;2;3394;58;10;True
2019-05-22 11:00:00+00:00;True;23.21;688.8;4.5;2019-05-22;2019;5;21;142;22;2;3395;59;11;True
2019-05-22 12:00:00+00:00;True;23.75;749.84;0.7;2019-05-22;2019;5;21;142;22;2;3396;60;12;True
2019-05-22 13:00:00+00:00;True;24.71;650.32;12.6;2019-05-22;2019;5;21;142;22;2;3397;61;13;True
2019-05-22 14:00:00+00:00;True;24.6;263.27;12.3;2019-05-22;2019;5;21;142;22;2;3398;62;14;True
2019-05-22 15:00:00+00:00;True;24.46;358.96;5.0;2019-05-22;2019;5;21;142;22;2;3399;63;15;True
2019-05-22 16:00:00+00:00;True;21.48;243.76;15.0;2019-05-22;2019;5;21;142;22;2;3400;64;16;True
2019-05-22 17:00:00+00:00;True;20.41;89.18;0.1;2019-05-22;2019;5;21;142;22;2;3401;65;17;True
2019-05-22 18:00:00+00:00;True;20.53;223.42;4.1;2019-05-22;2019;5;21;142;22;2;3402;66;18;True
2019-05-22 19:00:00+00:00;True;19.46;70.55;0.0;2019-05-22;2019;5;21;142;22;2;3403;67;19;True
2019-05-22 20:00:00+00:00;True;18.82;10.92;0.6;2019-05-22;2019;5;21;142;22;2;3404;68;20;True
2019-05-22 21:00:00+00:00;True;18.14;0.18;0.0;2019-05-22;2019;5;21;142;22;2;3405;69;21;True
2019-05-22 22:00:00+00:00;True;17.78;0.42;2.0;2019-05-22;2019;5;21;142;22;2;3406;70;22;True
2019-05-22 23:00:00+00:00;True;16.72;0.86;10.0;2019-05-22;2019;5;21;142;22;2;3407;71;23;True
2019-05-23 00:00:00+00:00;True;16.61;1.04;0.9;2019-05-23;2019;5;21;143;23;3;3408;72;0;True
2019-05-23 01:00:00+00:00;True;15.83;0.99;0.1;2019-05-23;2019;5;21;143;23;3;3409;73;1;True
2019-05-23 02:00:00+00:00;True;14.77;1.25;0.3;2019-05-23;2019;5;21;143;23;3;3410;74;2;True
2019-05-23 03:00:00+00:00;True;13.84;6.0;2.9;2019-05-23;2019;5;21;143;23;3;3411;75;3;True
2019-05-23 04:00:00+00:00;True;13.63;50.34;2.9;2019-05-23;2019;5;21;143;23;3;3412;76;4;True
2019-05-23 05:00:00+00:00;True;14.3;153.22;6.9;2019-05-23;2019;5;21;143;23;3;3413;77;5;True
2019-05-23 06:00:00+00:00;True;16.74;291.77;10.0;2019-05-23;2019;5;21;143;23;3;3414;78;6;True
2019-05-23 07:00:00+00:00;True;18.29;409.63;0.1;2019-05-23;2019;5;21;143;23;3;3415;79;7;True
2019-05-23 08:00:00+00:00;True;19.03;524.48;1.9;2019-05-23;2019;5;21;143;23;3;3416;80;8;True
2019-05-23 09:00:00+00:00;True;19.82;617.44;1.9;2019-05-23;2019;5;21;143;23;3;3417;81;9;True
2019-05-23 10:00:00+00:00;True;20.17;743.98;13.4;2019-05-23;2019;5;21;143;23;3;3418;82;10;True
2019-05-23 11:00:00+00:00;True;19.3;713.17;3.6;2019-05-23;2019;5;21;143;23;3;3419;83;11;True
2019-05-23 12:00:00+00:00;True;18.39;750.15;12.6;2019-05-23;2019;5;21;143;23;3;3420;84;12;True
2019-05-23 13:00:00+00:00;True;17.81;625.52;2.3;2019-05-23;2019;5;21;143;23;3;3421;85;13;True
2019-05-23 14:00:00+00:00;True;17.03;368.63;6.9;2019-05-23;2019;5;21;143;23;3;3422;86;14;True
2019-05-23 15:00:00+00:00;True;16.39;254.34;16.7;2019-05-23;2019;5;21;143;23;3;3423;87;15;True
2019-05-23 16:00:00+00:00;True;16.56;401.85;0.1;2019-05-23;2019;5;21;143;23;3;3424;88;16;True
2019-05-23 17:00:00+00:00;True;17.05;215.64;13.8;2019-05-23;2019;5;21;143;23;3;3425;89;17;True
2019-05-23 18:00:00+00:00;True;16.98;129.38;2.0;2019-05-23;2019;5;21;143;23;3;3426;90;18;True
2019-05-23 19:00:00+00:00;True;16.29;68.84;0.6;2019-05-23;2019;5;21;143;23;3;3427;91;19;True
2019-05-23 20:00:00+00:00;True;15.19;11.25;0.1;2019-05-23;2019;5;21;143;23;3;3428;92;20;True
2019-05-23 21:00:00+00:00;True;14.26;1.37;3.2;2019-05-23;2019;5;21;143;23;3;3429;93;21;True
2019-05-23 22:00:00+00:00;True;13.11;1.41;0.2;2019-05-23;2019;5;21;143;23;3;3430;94;22;True
2019-05-23 23:00:00+00:00;True;11.89;1.84;0.1;2019-05-23;2019;5;21;143;23;3;3431;95;23;True
2019-05-24 00:00:00+00:00;True;10.91;1.92;0.1;2019-05-24;2019;5;21;144;24;4;3432;96;0;True
2019-05-24 01:00:00+00:00;True;10.17;2.04;0.0;2019-05-24;2019;5;21;144;24;4;3433;97;1;True
2019-05-24 02:00:00+00:00;True;9.75;2.58;0.5;2019-05-24;2019;5;21;144;24;4;3434;98;2;True
2019-05-24 03:00:00+00:00;True;9.59;5.29;10.1;2019-05-24;2019;5;21;144;24;4;3435;99;3;True
2019-05-24 04:00:00+00:00;True;9.58;23.15;3.6;2019-05-24;2019;5;21;144;24;4;3436;100;4;True
2019-05-24 05:00:00+00:00;True;9.73;75.52;0.1;2019-05-24;2019;5;21;144;24;4;3437;101;5;True
2019-05-24 06:00:00+00:00;True;9.87;48.55;0.2;2019-05-24;2019;5;21;144;24;4;3438;102;6;True
2019-05-24 07:00:00+00:00;True;10.36;75.34;3.5;2019-05-24;2019;5;21;144;24;4;3439;103;7;True
2019-05-24 08:00:00+00:00;True;11.16;140.97;15.6;2019-05-24;2019;5;21;144;24;4;3440;104;8;True
2019-05-24 09:00:00+00:00;True;11.79;100.67;2.6;2019-05-24;2019;5;21;144;24;4;3441;105;9;True
2019-05-24 10:00:00+00:00;True;11.7;66.27;0.2;2019-05-24;2019;5;21;144;24;4;3442;106;10;True
2019-05-24 11:00:00+00:00;True;12.06;138.02;1.7;2019-05-24;2019;5;21;144;24;4;3443;107;11;True
2019-05-24 12:00:00+00:00;True;13.55;112.34;1.4;2019-05-24;2019;5;21;144;24;4;3444;108;12;True
2019-05-24 13:00:00+00:00;True;13.7;88.2;0.1;2019-05-24;2019;5;21;144;24;4;3445;109;13;True
2019-05-24 14:00:00+00:00;True;13.37;79.28;3.7;2019-05-24;2019;5;21;144;24;4;3446;110;14;True
2019-05-24 15:00:00+00:00;True;13.75;69.57;9.1;2019-05-24;2019;5;21;144;24;4;3447;111;15;True
2019-05-24 16:00:00+00:00;True;13.87;62.22;13.4;2019-05-24;2019;5;21;144;24;4;3448;112;16;True
2019-05-24 17:00:00+00:00;True;13.76;38.29;4.7;2019-05-24;2019;5;21;144;24;4;3449;113;17;True
2019-05-24 18:00:00+00:00;True;13.77;40.28;6.4;2019-05-24;2019;5;21;144;24;4;3450;114;18;True
2019-05-24 19:00:00+00:00;True;13.91;46.39;23.4;2019-05-24;2019;5;21;144;24;4;3451;115;19;True
2019-05-24 20:00:00+00:00;True;13.87;8.35;7.4;2019-05-24;2019;5;21;144;24;4;3452;116;20;True
2019-05-24 21:00:00+00:00;True;13.38;0.0;1.3;2019-05-24;2019;5;21;144;24;4;3453;117;21;True
2019-05-24 22:00:00+00:00;True;12.98;0.01;12.1;2019-05-24;2019;5;21;144;24;4;3454;118;22;True
2019-05-24 23:00:00+00:00;True;12.77;0.01;1.3;2019-05-24;2019;5;21;144;24;4;3455;119;23;True
2019-05-25 00:00:00+00:00;True;12.73;0.24;12.3;2019-05-25;2019;5;21;145;25;5;3456;120;0;False
2019-05-25 01:00:00+00:00;True;12.14;0.21;13.1;2019-05-25;2019;5;21;145;25;5;3457;121;1;False
2019-05-25 02:00:00+00:00;True;11.51;0.05;0.1;2019-05-25;2019;5;21;145;25;5;3458;122;2;False
2019-05-25 03:00:00+00:00;True;10.77;3.06;13.2;2019-05-25;2019;5;21;145;25;5;3459;123;3;False
2019-05-25 04:00:00+00:00;True;10.89;28.88;0.1;2019-05-25;2019;5;21;145;25;5;3460;124;4;False
2019-05-25 05:00:00+00:00;True;10.94;76.35;10.0;2019-05-25;2019;5;21;145;25;5;3461;125;5;False
2019-05-25 06:00:00+00:00;True;11.57;136.23;0.4;2019-05-25;2019;5;21;145;25;5;3462;126;6;False
2019-05-25 07:00:00+00:00;True;13.21;281.03;0.1;2019-05-25;2019;5;21;145;25;5;3463;127;7;False
2019-05-25 08:00:00+00:00;True;13.3;135.24;6.5;2019-05-25;2019;5;21;145;25;5;3464;128;8;False
2019-05-25 09:00:00+00:00;True;11.78;70.89;11.9;2019-05-25;2019;5;21;145;25;5;3465;129;9;False
2019-05-25 10:00:00+00:00;True;11.48;101.89;2.9;2019-05-25;2019;5;21;145;25;5;3466;130;10;False
2019-05-25 11:00:00+00:00;True;11.84;205.3;6.0;2019-05-25;2019;5;21;145;25;5;3467;131;11;False
2019-05-25 12:00:00+00:00;True;12.93;416.07;1.5;2019-05-25;2019;5;21;145;25;5;3468;132;12;False
2019-05-25 13:00:00+00:00;True;14.03;456.83;12.8;2019-05-25;2019;5;21;145;25;5;3469;133;13;False
2019-05-25 14:00:00+00:00;True;15.13;588.44;7.5;2019-05-25;2019;5;21;145;25;5;3470;134;14;False
2019-05-25 15:00:00+00:00;True;14.76;381.87;10.5;2019-05-25;2019;5;21;145;25;5;3471;135;15;False
2019-05-25 16:00:00+00:00;True;13.83;150.82;0.2;2019-05-25;2019;5;21;145;25;5;3472;136;16;False
2019-05-25 17:00:00+00:00;True;13.59;171.55;10.9;2019-05-25;2019;5;21;145;25;5;3473;137;17;False
2019-05-25 18:00:00+00:00;True;12.86;67.84;10.7;2019-05-25;2019;5;21;145;25;5;3474;138;18;False
2019-05-25 19:00:00+00:00;True;12.34;65.95;0.1;2019-05-25;2019;5;21;145;25;5;3475;139;19;False
2019-05-25 20:00:00+00:00;True;11.43;6.09;1.4;2019-05-25;2019;5;21;145;25;5;3476;140;20;False
2019-05-25 21:00:00+00:00;True;10.97;1.11;13.2;2019-05-25;2019;5;21;145;25;5;3477;141;21;False
2019-05-25 22:00:00+00:00;True;10.71;1.04;0.1;2019-05-25;2019;5;21;145;25;5;3478;142;22;False
2019-05-25 23:00:00+00:00;True;10.47;1.69;0.2;2019-05-25;2019;5;21;145;25;5;3479;143;23;False
2019-05-26 00:00:00+00:00;True;9.95;1.62;3.1;2019-05-26;2019;5;21;146;26;6;3480;144;0;False
2019-05-26 01:00:00+00:00;True;9.63;1.53;0.2;2019-05-26;2019;5;21;146;26;6;3481;145;1;False
2019-05-26 02:00:00+00:00;True;9.37;1.56;0.1;2019-05-26;2019;5;21;146;26;6;3482;146;2;False
2019-05-26 03:00:00+00:00;True;8.95;5.06;13.8;2019-05-26;2019;5;21;146;26;6;3483;147;3;False
2019-05-26 04:00:00+00:00;True;8.76;21.49;0.1;2019-05-26;2019;5;21;146;26;6;3484;148;4;False
2019-05-26 05:00:00+00:00;True;8.94;100.68;5.6;2019-05-26;2019;5;21;146;26;6;3485;149;5;False
2019-05-26 06:00:00+00:00;True;9.76;276.1;1.4;2019-05-26;2019;5;21;146;26;6;3486;150;6;False
2019-05-26 07:00:00+00:00;True;10.8;400.53;0.2;2019-05-26;2019;5;21;146;26;6;3487;151;7;False
2019-05-26 08:00:00+00:00;True;12.04;492.68;3.8;2019-05-26;2019;5;21;146;26;6;3488;152;8;False
2019-05-26 09:00:00+00:00;True;12.95;575.61;0.1;2019-05-26;2019;5;21;146;26;6;3489;153;9;False
2019-05-26 10:00:00+00:00;True;13.8;543.91;0.1;2019-05-26;2019;5;21;146;26;6;3490;154;10;False
2019-05-26 11:00:00+00:00;True;13.89;189.2;0.1;2019-05-26;2019;5;21;146;26;6;3491;155;11;False
2019-05-26 12:00:00+00:00;True;12.52;283.67;12.1;2019-05-26;2019;5;21;146;26;6;3492;156;12;False
2019-05-26 13:00:00+00:00;True;13.45;216.13;0.1;2019-05-26;2019;5;21;146;26;6;3493;157;13;False
2019-05-26 14:00:00+00:00;True;12.4;118.99;0.1;2019-05-26;2019;5;21;146;26;6;3494;158;14;False
2019-05-26 15:00:00+00:00;True;10.46;76.04;1.9;2019-05-26;2019;5;21;146;26;6;3495;159;15;False
2019-05-26 16:00:00+00:00;True;10.84;131.71;1.7;2019-05-26;2019;5;21;146;26;6;3496;160;16;False
2019-05-26 17:00:00+00:00;True;10.65;79.66;2.1;2019-05-26;2019;5;21;146;26;6;3497;161;17;False
2019-05-26 18:00:00+00:00;True;10.42;92.87;6.8;2019-05-26;2019;5;21;146;26;6;3498;162;18;False
2019-05-26 19:00:00+00:00;True;10.33;16.55;7.5;2019-05-26;2019;5;21;146;26;6;3499;163;19;False
2019-05-26 20:00:00+00:00;True;9.83;1.46;1.8;2019-05-26;2019;5;21;146;26;6;3500;164;20;False
2019-05-26 21:00:00+00:00;True;8.93;0.26;2.4;2019-05-26;2019;5;21;146;26;6;3501;165;21;False
2019-05-26 22:00:00+00:00;True;8.8;0.19;2.5;2019-05-26;2019;5;21;146;26;6;3502;166;22;False
2019-05-26 23:00:00+00:00;True;8.65;0.41;0.2;2019-05-26;2019;5;21;146;26;6;3503;167;23;False
2019-05-27 00:00:00+00:00;True;8.52;0.56;12.5;2019-05-27;2019;5;22;147;27;0;3504;0;0;True
2019-05-27 01:00:00+00:00;True;8.2;0.83;0.1;2019-05-27;2019;5;22;147;27;0;3505;1;1;True
2019-05-27 02:00:00+00:00;True;8.52;1.3;0.1;2019-05-27;2019;5;22;147;27;0;3506;2;2;True
2019-05-27 03:00:00+00:00;True;8.16;3.7;0.9;2019-05-27;2019;5;22;147;27;0;3507;3;3;True
2019-05-27 04:00:00+00:00;True;8.53;14.73;1.1;2019-05-27;2019;5;22;147;27;0;3508;4;4;True
2019-05-27 05:00:00+00:00;True;8.9;83.3;9.3;2019-05-27;2019;5;22;147;27;0;3509;5;5;True
2019-05-27 06:00:00+00:00;True;9.48;236.18;3.7;2019-05-27;2019;5;22;147;27;0;3510;6;6;True
2019-05-27 07:00:00+00:00;True;10.04;279.6;0.1;2019-05-27;2019;5;22;147;27;0;3511;7;7;True
2019-05-27 08:00:00+00:00;True;10.07;153.36;3.1;2019-05-27;2019;5;22;147;27;0;3512;8;8;True
2019-05-27 09:00:00+00:00;True;10.41;184.05;4.9;2019-05-27;2019;5;22;147;27;0;3513;9;9;True
2019-05-27 10:00:00+00:00;True;11.47;402.44;10.1;2019-05-27;2019;5;22;147;27;0;3514;10;10;True
2019-05-27 11:00:00+00:00;True;12.67;509.98;3.2;2019-05-27;2019;5;22;147;27;0;3515;11;11;True
2019-05-27 12:00:00+00:00;True;13.88;466.63;0.1;2019-05-27;2019;5;22;147;27;0;3516;12;12;True
2019-05-27 13:00:00+00:00;True;14.22;330.75;0.2;2019-05-27;2019;5;22;147;27;0;3517;13;13;True
2019-05-27 14:00:00+00:00;True;13.69;271.69;0.1;2019-05-27;2019;5;22;147;27;0;3518;14;14;True
2019-05-27 15:00:00+00:00;True;13.08;179.2;6.9;2019-05-27;2019;5;22;147;27;0;3519;15;15;True
2019-05-27 16:00:00+00:00;True;12.83;96.98;4.3;2019-05-27;2019;5;22;147;27;0;3520;16;16;True
2019-05-27 17:00:00+00:00;True;12.0;55.2;0.2;2019-05-27;2019;5;22;147;27;0;3521;17;17;True
2019-05-27 18:00:00+00:00;True;11.64;42.09;16.8;2019-05-27;2019;5;22;147;27;0;3522;18;18;True
2019-05-27 19:00:00+00:00;True;12.02;34.65;3.0;2019-05-27;2019;5;22;147;27;0;3523;19;19;True
2019-05-27 20:00:00+00:00;True;12.69;3.94;6.1;2019-05-27;2019;5;22;147;27;0;3524;20;20;True
2019-05-27 21:00:00+00:00;True;12.76;0.11;9.4;2019-05-27;2019;5;22;147;27;0;3525;21;21;True
2019-05-27 22:00:00+00:00;True;12.78;0.35;2.7;2019-05-27;2019;5;22;147;27;0;3526;22;22;True
2019-05-27 23:00:00+00:00;True;11.95;0.12;13.0;2019-05-27;2019;5;22;147;27;0;3527;23;23;True
2019-05-28 00:00:00+00:00;True;11.11;0.23;10.9;2019-05-28;2019;5;22;148;28;1;3528;24;0;True
2019-05-28 01:00:00+00:00;True;10.52;0.35;0.1;2019-05-28;2019;5;22;148;28;1;3529;25;1;True
2019-05-28 02:00:00+00:00;True;10.54;0.97;0.8;2019-05-28;2019;5;22;148;28;1;3530;26;2;True
2019-05-28 03:00:00+00:00;True;10.68;4.59;10.9;2019-05-28;2019;5;22;148;28;1;3531;27;3;True
2019-05-28 04:00:00+00:00;True;10.65;40.25;2.1;2019-05-28;2019;5;22;148;28;1;3532;28;4;True
2019-05-28 05:00:00+00:00;True;10.84;84.74;0.1;2019-05-28;2019;5;22;148;28;1;3533;29;5;True
2019-05-28 06:00:00+00:00;True;11.11;127.65;0.1;2019-05-28;2019;5;22;148;28;1;3534;30;6;True
2019-05-28 07:00:00+00:00;True;11.85;392.31;0.1;2019-05-28;2019;5;22;148;28;1;3535;31;7;True
2019-05-28 08:00:00+00:00;True;13.04;457.55;13.9;2019-05-28;2019;5;22;148;28;1;3536;32;8;True
2019-05-28 09:00:00+00:00;True;14.16;576.7;19.4;2019-05-28;2019;5;22;148;28;1;3537;33;9;True
2019-05-28 10:00:00+00:00;True;14.95;337.72;14.1;2019-05-28;2019;5;22;148;28;1;3538;34;10;True
2019-05-28 11:00:00+00:00;True;15.47;352.85;0.1;2019-05-28;2019;5;22;148;28;1;3539;35;11;True
2019-05-28 12:00:00+00:00;True;15.31;132.87;3.6;2019-05-28;2019;5;22;148;28;1;3540;36;12;True
2019-05-28 13:00:00+00:00;True;15.37;185.73;5.1;2019-05-28;2019;5;22;148;28;1;3541;37;13;True
2019-05-28 14:00:00+00:00;True;14.35;101.36;9.0;2019-05-28;2019;5;22;148;28;1;3542;38;14;True
2019-05-28 15:00:00+00:00;True;13.42;114.84;0.1;2019-05-28;2019;5;22;148;28;1;3543;39;15;True
2019-05-28 16:00:00+00:00;True;13.13;67.08;0.7;2019-05-28;2019;5;22;148;28;1;3544;40;16;True
2019-05-28 17:00:00+00:00;True;12.99;47.31;13.1;2019-05-28;2019;5;22;148;28;1;3545;41;17;True
2019-05-28 18:00:00+00:00;True;13.17;18.19;6.9;2019-05-28;2019;5;22;148;28;1;3546;42;18;True
2019-05-28 19:00:00+00:00;True;13.05;5.11;8.7;2019-05-28;2019;5;22;148;28;1;3547;43;19;True
2019-05-28 20:00:00+00:00;True;13.24;0.93;2.1;2019-05-28;2019;5;22;148;28;1;3548;44;20;True
2019-05-28 21:00:00+00:00;True;13.48;0.05;6.5;2019-05-28;2019;5;22;148;28;1;3549;45;21;True
2019-05-28 22:00:00+00:00;True;13.72;0.0;0.1;2019-05-28;2019;5;22;148;28;1;3550;46;22;True
2019-05-28 23:00:00+00:00;True;13.67;0.01;3.6;2019-05-28;2019;5;22;148;28;1;3551;47;23;True
2019-05-29 00:00:00+00:00;True;13.91;0.1;8.6;2019-05-29;2019;5;22;149;29;2;3552;48;0;True
2019-05-29 01:00:00+00:00;True;14.38;0.49;0.1;2019-05-29;2019;5;22;149;29;2;3553;49;1;True
2019-05-29 02:00:00+00:00;True;14.46;0.72;0.1;2019-05-29;2019;5;22;149;29;2;3554;50;2;True
2019-05-29 03:00:00+00:00;True;14.66;6.34;13.3;2019-05-29;2019;5;22;149;29;2;3555;51;3;True
2019-05-29 04:00:00+00:00;True;14.78;20.12;0.1;2019-05-29;2019;5;22;149;29;2;3556;52;4;True
2019-05-29 05:00:00+00:00;True;15.28;54.85;0.1;2019-05-29;2019;5;22;149;29;2;3557;53;5;True
2019-05-29 06:00:00+00:00;True;15.98;39.05;0.1;2019-05-29;2019;5;22;149;29;2;3558;54;6;True
2019-05-29 07:00:00+00:00;True;16.39;103.64;3.5;2019-05-29;2019;5;22;149;29;2;3559;55;7;True
2019-05-29 08:00:00+00:00;True;15.26;183.06;0.4;2019-05-29;2019;5;22;149;29;2;3560;56;8;True
2019-05-29 09:00:00+00:00;True;14.39;259.35;13.6;2019-05-29;2019;5;22;149;29;2;3561;57;9;True
2019-05-29 10:00:00+00:00;True;14.15;230.71;15.6;2019-05-29;2019;5;22;149;29;2;3562;58;10;True
2019-05-29 11:00:00+00:00;True;13.56;172.62;13.5;2019-05-29;2019;5;22;149;29;2;3563;59;11;True
2019-05-29 12:00:00+00:00;True;13.56;143.89;0.2;2019-05-29;2019;5;22;149;29;2;3564;60;12;True
2019-05-29 13:00:00+00:00;True;14.06;353.76;1.5;2019-05-29;2019;5;22;149;29;2;3565;61;13;True
2019-05-29 14:00:00+00:00;True;16.16;663.2;12.3;2019-05-29;2019;5;22;149;29;2;3566;62;14;True
2019-05-29 15:00:00+00:00;True;16.81;516.18;0.1;2019-05-29;2019;5;22;149;29;2;3567;63;15;True
2019-05-29 16:00:00+00:00;True;16.97;434.4;11.2;2019-05-29;2019;5;22;149;29;2;3568;64;16;True
2019-05-29 17:00:00+00:00;True;16.51;326.85;7.4;2019-05-29;2019;5;22;149;29;2;3569;65;17;True
2019-05-29 18:00:00+00:00;True;15.61;158.5;2.5;2019-05-29;2019;5;22;149;29;2;3570;66;18;True
2019-05-29 19:00:00+00:00;True;14.55;76.06;1.8;2019-05-29;2019;5;22;149;29;2;3571;67;19;True
2019-05-29 20:00:00+00:00;True;13.27;42.3;3.0;2019-05-29;2019;5;22;149;29;2;3572;68;20;True
2019-05-29 21:00:00+00:00;True;11.43;2.79;4.5;2019-05-29;2019;5;22;149;29;2;3573;69;21;True
2019-05-29 22:00:00+00:00;True;9.83;0.0;0.2;2019-05-29;2019;5;22;149;29;2;3574;70;22;True
2019-05-29 23:00:00+00:00;True;8.47;0.25;0.3;2019-05-29;2019;5;22;149;29;2;3575;71;23;True
2019-05-30 00:00:00+00:00;True;7.53;0.43;14.8;2019-05-30;2019;5;22;150;30;3;3576;72;0;True
2019-05-30 01:00:00+00:00;True;6.39;0.49;13.0;2019-05-30;2019;5;22;150;30;3;3577;73;1;True
2019-05-30 02:00:00+00:00;True;5.35;0.78;0.1;2019-05-30;2019;5;22;150;30;3;3578;74;2;True
2019-05-30 03:00:00+00:00;True;4.78;9.85;1.0;2019-05-30;2019;5;22;150;30;3;3579;75;3;True
2019-05-30 04:00:00+00:00;True;4.53;77.47;1.6;2019-05-30;2019;5;22;150;30;3;3580;76;4;True
2019-05-30 05:00:00+00:00;True;5.66;192.18;14.4;2019-05-30;2019;5;22;150;30;3;3581;77;5;True
2019-05-30 06:00:00+00:00;True;7.51;328.42;13.4;2019-05-30;2019;5;22;150;30;3;3582;78;6;True
2019-05-30 07:00:00+00:00;True;9.97;472.68;12.7;2019-05-30;2019;5;22;150;30;3;3583;79;7;True
2019-05-30 08:00:00+00:00;True;12.03;609.01;8.7;2019-05-30;2019;5;22;150;30;3;3584;80;8;True
2019-05-30 09:00:00+00:00;True;13.48;719.97;4.6;2019-05-30;2019;5;22;150;30;3;3585;81;9;True
2019-05-30 10:00:00+00:00;True;14.1;788.87;0.1;2019-05-30;2019;5;22;150;30;3;3586;82;10;True
2019-05-30 11:00:00+00:00;True;14.67;850.23;0.4;2019-05-30;2019;5;22;150;30;3;3587;83;11;True
2019-05-30 12:00:00+00:00;True;15.13;853.31;1.5;2019-05-30;2019;5;22;150;30;3;3588;84;12;True
2019-05-30 13:00:00+00:00;True;15.64;821.4;6.6;2019-05-30;2019;5;22;150;30;3;3589;85;13;True
2019-05-30 14:00:00+00:00;True;15.74;751.26;8.8;2019-05-30;2019;5;22;150;30;3;3590;86;14;True
2019-05-30 15:00:00+00:00;True;16.31;639.54;21.3;2019-05-30;2019;5;22;150;30;3;3591;87;15;True
2019-05-30 16:00:00+00:00;True;16.95;513.0;1.0;2019-05-30;2019;5;22;150;30;3;3592;88;16;True
2019-05-30 17:00:00+00:00;True;16.87;375.25;12.8;2019-05-30;2019;5;22;150;30;3;3593;89;17;True
2019-05-30 18:00:00+00:00;True;16.91;234.63;0.1;2019-05-30;2019;5;22;150;30;3;3594;90;18;True
2019-05-30 19:00:00+00:00;True;16.53;107.88;1.9;2019-05-30;2019;5;22;150;30;3;3595;91;19;True
2019-05-30 20:00:00+00:00;True;15.28;13.76;0.1;2019-05-30;2019;5;22;150;30;3;3596;92;20;True
2019-05-30 21:00:00+00:00;True;14.08;0.11;1.0;2019-05-30;2019;5;22;150;30;3;3597;93;21;True
2019-05-30 22:00:00+00:00;True;13.07;0.0;12.6;2019-05-30;2019;5;22;150;30;3;3598;94;22;True
2019-05-30 23:00:00+00:00;True;11.5;0.06;0.1;2019-05-30;2019;5;22;150;30;3;3599;95;23;True
2019-05-31 00:00:00+00:00;True;9.5;0.3;1.1;2019-05-31;2019;5;22;151;31;4;3600;96;0;True
2019-05-31 01:00:00+00:00;True;8.71;0.7;0.1;2019-05-31;2019;5;22;151;31;4;3601;97;1;True
2019-05-31 02:00:00+00:00;True;8.77;1.13;14.1;2019-05-31;2019;5;22;151;31;4;3602;98;2;True
2019-05-31 03:00:00+00:00;True;9.62;9.64;3.3;2019-05-31;2019;5;22;151;31;4;3603;99;3;True
2019-05-31 04:00:00+00:00;True;9.94;50.56;8.9;2019-05-31;2019;5;22;151;31;4;3604;100;4;True
2019-05-31 05:00:00+00:00;True;10.77;141.42;0.1;2019-05-31;2019;5;22;151;31;4;3605;101;5;True
2019-05-31 06:00:00+00:00;True;12.45;141.99;11.2;2019-05-31;2019;5;22;151;31;4;3606;102;6;True
2019-05-31 07:00:00+00:00;True;12.77;146.31;0.1;2019-05-31;2019;5;22;151;31;4;3607;103;7;True
2019-05-31 08:00:00+00:00;True;13.04;150.2;3.2;2019-05-31;2019;5;22;151;31;4;3608;104;8;True
2019-05-31 09:00:00+00:00;True;11.45;99.6;10.3;2019-05-31;2019;5;22;151;31;4;3609;105;9;True
2019-05-31 10:00:00+00:00;True;11.35;80.0;12.3;2019-05-31;2019;5;22;151;31;4;3610;106;10;True
2019-05-31 11:00:00+00:00;True;11.81;155.84;10.0;2019-05-31;2019;5;22;151;31;4;3611;107;11;True
2019-05-31 12:00:00+00:00;True;12.46;129.15;2.5;2019-05-31;2019;5;22;151;31;4;3612;108;12;True
2019-05-31 13:00:00+00:00;True;12.44;179.61;6.8;2019-05-31;2019;5;22;151;31;4;3613;109;13;True
2019-05-31 14:00:00+00:00;True;12.9;145.09;5.2;2019-05-31;2019;5;22;151;31;4;3614;110;14;True
2019-05-31 15:00:00+00:00;True;13.59;265.7;1.2;2019-05-31;2019;5;22;151;31;4;3615;111;15;True
2019-05-31 16:00:00+00:00;True;14.33;385.19;0.1;2019-05-31;2019;5;22;151;31;4;3616;112;16;True
2019-05-31 17:00:00+00:00;True;14.87;313.4;4.2;2019-05-31;2019;5;22;151;31;4;3617;113;17;True
2019-05-31 18:00:00+00:00;True;14.65;197.69;0.1;2019-05-31;2019;5;22;151;31;4;3618;114;18;True
2019-05-31 19:00:00+00:00;True;14.12;116.8;9.2;2019-05-31;2019;5;22;151;31;4;3619;115;19;True
2019-05-31 20:00:00+00:00;True;12.92;33.85;0.8;2019-05-31;2019;5;22;151;31;4;3620;116;20;True
2019-05-31 21:00:00+00:00;True;11.49;1.04;12.7;2019-05-31;2019;5;22;151;31;4;3621;117;21;True
2019-05-31 22:00:00+00:00;True;10.21;0.02;0.2;2019-05-31;2019;5;22;151;31;4;3622;118;22;True
2019-05-31 23:00:00+00:00;True;9.17;0.07;0.2;2019-05-31;2019;5;22;151;31;4;3623;119;23;True
2019-06-01 00:00:00+00:00;True;8.5;0.17;3.2;2019-06-01;2019;6;22;152;1;5;3624;120;0;False
2019-06-01 01:00:00+00:00;True;7.56;0.2;0.1;2019-06-01;2019;6;22;152;1;5;3625;121;1;False
2019-06-01 02:00:00+00:00;True;7.08;0.79;4.8;2019-06-01;2019;6;22;152;1;5;3626;122;2;False
2019-06-01 03:00:00+00:00;True;6.67;14.86;2.3;2019-06-01;2019;6;22;152;1;5;3627;123;3;False
2019-06-01 04:00:00+00:00;True;6.56;85.59;2.8;2019-06-01;2019;6;22;152;1;5;3628;124;4;False
2019-06-01 05:00:00+00:00;True;7.23;184.61;6.8;2019-06-01;2019;6;22;152;1;5;3629;125;5;False
2019-06-01 06:00:00+00:00;True;8.98;324.07;1.9;2019-06-01;2019;6;22;152;1;5;3630;126;6;False
2019-06-01 07:00:00+00:00;True;11.49;466.52;8.4;2019-06-01;2019;6;22;152;1;5;3631;127;7;False
2019-06-01 08:00:00+00:00;True;13.41;599.87;15.4;2019-06-01;2019;6;22;152;1;5;3632;128;8;False
2019-06-01 09:00:00+00:00;True;14.78;710.76;0.1;2019-06-01;2019;6;22;152;1;5;3633;129;9;False
2019-06-01 10:00:00+00:00;True;15.89;798.96;11.2;2019-06-01;2019;6;22;152;1;5;3634;130;10;False
2019-06-01 11:00:00+00:00;True;16.58;797.73;0.1;2019-06-01;2019;6;22;152;1;5;3635;131;11;False
2019-06-01 12:00:00+00:00;True;17.37;817.37;3.0;2019-06-01;2019;6;22;152;1;5;3636;132;12;False
2019-06-01 13:00:00+00:00;True;17.62;753.94;14.3;2019-06-01;2019;6;22;152;1;5;3637;133;13;False
2019-06-01 14:00:00+00:00;True;17.91;580.19;3.6;2019-06-01;2019;6;22;152;1;5;3638;134;14;False
2019-06-01 15:00:00+00:00;True;18.07;447.36;13.0;2019-06-01;2019;6;22;152;1;5;3639;135;15;False
2019-06-01 16:00:00+00:00;True;18.4;404.63;3.5;2019-06-01;2019;6;22;152;1;5;3640;136;16;False
2019-06-01 17:00:00+00:00;True;18.05;265.62;11.6;2019-06-01;2019;6;22;152;1;5;3641;137;17;False
2019-06-01 18:00:00+00:00;True;17.65;111.08;10.5;2019-06-01;2019;6;22;152;1;5;3642;138;18;False
2019-06-01 19:00:00+00:00;True;17.12;45.93;12.8;2019-06-01;2019;6;22;152;1;5;3643;139;19;False
2019-06-01 20:00:00+00:00;True;16.38;11.38;0.1;2019-06-01;2019;6;22;152;1;5;3644;140;20;False
2019-06-01 21:00:00+00:00;True;15.39;0.28;13.0;2019-06-01;2019;6;22;152;1;5;3645;141;21;False
2019-06-01 22:00:00+00:00;True;15.07;0.32;0.4;2019-06-01;2019;6;22;152;1;5;3646;142;22;False
2019-06-01 23:00:00+00:00;True;15.48;0.56;0.1;2019-06-01;2019;6;22;152;1;5;3647;143;23;False
2019-06-02 00:00:00+00:00;True;15.44;0.69;0.1;2019-06-02;2019;6;22;153;2;6;3648;144;0;False
2019-06-02 01:00:00+00:00;True;14.87;0.52;0.1;2019-06-02;2019;6;22;153;2;6;3649;145;1;False
2019-06-02 02:00:00+00:00;True;14.42;0.81;0.1;2019-06-02;2019;6;22;153;2;6;3650;146;2;False
2019-06-02 03:00:00+00:00;True;14.3;7.59;0.1;2019-06-02;2019;6;22;153;2;6;3651;147;3;False
2019-06-02 04:00:00+00:00;True;14.06;27.12;0.1;2019-06-02;2019;6;22;153;2;6;3652;148;4;False
2019-06-02 05:00:00+00:00;True;14.09;50.62;0.1;2019-06-02;2019;6;22;153;2;6;3653;149;5;False
2019-06-02 06:00:00+00:00;True;14.21;90.42;0.6;2019-06-02;2019;6;22;153;2;6;3654;150;6;False
2019-06-02 07:00:00+00:00;True;14.68;310.19;0.9;2019-06-02;2019;6;22;153;2;6;3655;151;7;False
2019-06-02 08:00:00+00:00;True;15.16;402.85;5.9;2019-06-02;2019;6;22;153;2;6;3656;152;8;False
2019-06-02 09:00:00+00:00;True;15.78;544.0;12.4;2019-06-02;2019;6;22;153;2;6;3657;153;9;False
2019-06-02 10:00:00+00:00;True;16.11;415.05;0.1;2019-06-02;2019;6;22;153;2;6;3658;154;10;False
2019-06-02 11:00:00+00:00;True;16.38;312.26;7.1;2019-06-02;2019;6;22;153;2;6;3659;155;11;False
2019-06-02 12:00:00+00:00;True;15.91;325.1;0.1;2019-06-02;2019;6;22;153;2;6;3660;156;12;False
2019-06-02 13:00:00+00:00;True;15.56;436.7;0.1;2019-06-02;2019;6;22;153;2;6;3661;157;13;False
2019-06-02 14:00:00+00:00;True;14.75;260.05;10.1;2019-06-02;2019;6;22;153;2;6;3662;158;14;False
2019-06-02 15:00:00+00:00;True;14.24;185.04;0.1;2019-06-02;2019;6;22;153;2;6;3663;159;15;False
2019-06-02 16:00:00+00:00;True;14.18;271.65;0.1;2019-06-02;2019;6;22;153;2;6;3664;160;16;False
2019-06-02 17:00:00+00:00;True;14.38;144.44;0.2;2019-06-02;2019;6;22;153;2;6;3665;161;17;False
2019-06-02 18:00:00+00:00;True;14.83;121.85;0.1;2019-06-02;2019;6;22;153;2;6;3666;162;18;False
2019-06-02 19:00:00+00:00;True;14.19;118.46;0.1;2019-06-02;2019;6;22;153;2;6;3667;163;19;False
2019-06-02 20:00:00+00:00;True;12.3;22.77;7.4;2019-06-02;2019;6;22;153;2;6;3668;164;20;False
2019-06-02 21:00:00+00:00;True;11.05;0.53;10.3;2019-06-02;2019;6;22;153;2;6;3669;165;21;False
2019-06-02 22:00:00+00:00;True;10.68;0.1;2.8;2019-06-02;2019;6;22;153;2;6;3670;166;22;False
2019-06-02 23:00:00+00:00;True;10.07;0.32;2.7;2019-06-02;2019;6;22;153;2;6;3671;167;23;False
2019-06-03 00:00:00+00:00;True;9.31;0.39;13.1;2019-06-03;2019;6;23;154;3;0;3672;0;0;True
2019-06-03 01:00:00+00:00;True;8.5;0.42;13.8;2019-06-03;2019;6;23;154;3;0;3673;1;1;True
2019-06-03 02:00:00+00:00;True;7.53;1.11;11.7;2019-06-03;2019;6;23;154;3;0;3674;2;2;True
2019-06-03 03:00:00+00:00;True;6.86;15.14;8.9;2019-06-03;2019;6;23;154;3;0;3675;3;3;True
2019-06-03 04:00:00+00:00;True;6.64;61.06;1.4;2019-06-03;2019;6;23;154;3;0;3676;4;4;True
2019-06-03 05:00:00+00:00;True;6.75;125.7;1.8;2019-06-03;2019;6;23;154;3;0;3677;5;5;True
2019-06-03 06:00:00+00:00;True;7.65;285.6;9.1;2019-06-03;2019;6;23;154;3;0;3678;6;6;True
2019-06-03 07:00:00+00:00;True;9.54;452.34;0.7;2019-06-03;2019;6;23;154;3;0;3679;7;7;True
2019-06-03 08:00:00+00:00;True;11.92;591.58;8.6;2019-06-03;2019;6;23;154;3;0;3680;8;8;True
2019-06-03 09:00:00+00:00;True;13.8;708.43;4.0;2019-06-03;2019;6;23;154;3;0;3681;9;9;True
2019-06-03 10:00:00+00:00;True;15.52;787.06;0.1;2019-06-03;2019;6;23;154;3;0;3682;10;10;True
2019-06-03 11:00:00+00:00;True;16.84;825.7;11.1;2019-06-03;2019;6;23;154;3;0;3683;11;11;True
2019-06-03 12:00:00+00:00;True;17.56;838.67;2.5;2019-06-03;2019;6;23;154;3;0;3684;12;12;True
2019-06-03 13:00:00+00:00;True;18.3;804.65;8.8;2019-06-03;2019;6;23;154;3;0;3685;13;13;True
2019-06-03 14:00:00+00:00;True;18.8;733.02;2.0;2019-06-03;2019;6;23;154;3;0;3686;14;14;True
2019-06-03 15:00:00+00:00;True;19.6;636.22;4.4;2019-06-03;2019;6;23;154;3;0;3687;15;15;True
2019-06-03 16:00:00+00:00;True;20.21;511.3;4.7;2019-06-03;2019;6;23;154;3;0;3688;16;16;True
2019-06-03 17:00:00+00:00;True;20.72;375.36;7.0;2019-06-03;2019;6;23;154;3;0;3689;17;17;True
2019-06-03 18:00:00+00:00;True;20.54;239.38;3.4;2019-06-03;2019;6;23;154;3;0;3690;18;18;True
2019-06-03 19:00:00+00:00;True;20.34;112.73;2.1;2019-06-03;2019;6;23;154;3;0;3691;19;19;True
2019-06-03 20:00:00+00:00;True;19.34;21.66;8.9;2019-06-03;2019;6;23;154;3;0;3692;20;20;True
2019-06-03 21:00:00+00:00;True;17.41;0.25;2.7;2019-06-03;2019;6;23;154;3;0;3693;21;21;True
2019-06-03 22:00:00+00:00;True;15.81;0.0;0.1;2019-06-03;2019;6;23;154;3;0;3694;22;22;True
2019-06-03 23:00:00+00:00;True;14.79;0.01;11.8;2019-06-03;2019;6;23;154;3;0;3695;23;23;True
2019-06-04 00:00:00+00:00;True;14.2;0.19;0.1;2019-06-04;2019;6;23;155;4;1;3696;24;0;True
2019-06-04 01:00:00+00:00;True;13.97;0.41;0.2;2019-06-04;2019;6;23;155;4;1;3697;25;1;True
2019-06-04 02:00:00+00:00;True;14.14;0.49;3.7;2019-06-04;2019;6;23;155;4;1;3698;26;2;True
2019-06-04 03:00:00+00:00;True;14.01;9.91;0.5;2019-06-04;2019;6;23;155;4;1;3699;27;3;True
2019-06-04 04:00:00+00:00;True;14.32;68.75;0.1;2019-06-04;2019;6;23;155;4;1;3700;28;4;True
2019-06-04 05:00:00+00:00;True;16.73;175.88;11.9;2019-06-04;2019;6;23;155;4;1;3701;29;5;True
2019-06-04 06:00:00+00:00;True;17.83;307.56;0.8;2019-06-04;2019;6;23;155;4;1;3702;30;6;True
2019-06-04 07:00:00+00:00;True;18.94;442.92;0.1;2019-06-04;2019;6;23;155;4;1;3703;31;7;True
2019-06-04 08:00:00+00:00;True;20.7;572.47;1.8;2019-06-04;2019;6;23;155;4;1;3704;32;8;True
2019-06-04 09:00:00+00:00;True;22.49;686.49;12.8;2019-06-04;2019;6;23;155;4;1;3705;33;9;True
2019-06-04 10:00:00+00:00;True;23.67;770.37;3.7;2019-06-04;2019;6;23;155;4;1;3706;34;10;True
2019-06-04 11:00:00+00:00;True;24.73;812.22;29.0;2019-06-04;2019;6;23;155;4;1;3707;35;11;True
2019-06-04 12:00:00+00:00;True;25.68;821.57;0.2;2019-06-04;2019;6;23;155;4;1;3708;36;12;True
2019-06-04 13:00:00+00:00;True;26.55;794.27;12.9;2019-06-04;2019;6;23;155;4;1;3709;37;13;True
2019-06-04 14:00:00+00:00;True;26.94;724.63;19.2;2019-06-04;2019;6;23;155;4;1;3710;38;14;True
2019-06-04 15:00:00+00:00;True;27.47;623.28;0.1;2019-06-04;2019;6;23;155;4;1;3711;39;15;True
2019-06-04 16:00:00+00:00;True;27.61;503.59;0.1;2019-06-04;2019;6;23;155;4;1;3712;40;16;True
2019-06-04 17:00:00+00:00;True;27.61;370.63;0.6;2019-06-04;2019;6;23;155;4;1;3713;41;17;True
2019-06-04 18:00:00+00:00;True;27.34;231.36;3.5;2019-06-04;2019;6;23;155;4;1;3714;42;18;True
2019-06-04 19:00:00+00:00;True;25.79;101.59;10.8;2019-06-04;2019;6;23;155;4;1;3715;43;19;True
2019-06-04 20:00:00+00:00;True;23.95;21.54;1.8;2019-06-04;2019;6;23;155;4;1;3716;44;20;True
2019-06-04 21:00:00+00:00;True;22.19;0.52;3.7;2019-06-04;2019;6;23;155;4;1;3717;45;21;True
2019-06-04 22:00:00+00:00;True;20.83;0.0;0.1;2019-06-04;2019;6;23;155;4;1;3718;46;22;True
2019-06-04 23:00:00+00:00;True;19.85;0.06;0.0;2019-06-04;2019;6;23;155;4;1;3719;47;23;True
2019-06-05 00:00:00+00:00;True;19.31;0.04;0.0;2019-06-05;2019;6;23;156;5;2;3720;48;0;True
2019-06-05 01:00:00+00:00;True;18.68;0.0;0.1;2019-06-05;2019;6;23;156;5;2;3721;49;1;True
2019-06-05 02:00:00+00:00;True;17.99;0.08;10.8;2019-06-05;2019;6;23;156;5;2;3722;50;2;True
2019-06-05 03:00:00+00:00;True;17.31;11.25;0.1;2019-06-05;2019;6;23;156;5;2;3723;51;3;True
2019-06-05 04:00:00+00:00;True;16.89;71.18;0.1;2019-06-05;2019;6;23;156;5;2;3724;52;4;True
2019-06-05 05:00:00+00:00;True;17.73;176.26;9.3;2019-06-05;2019;6;23;156;5;2;3725;53;5;True
2019-06-05 06:00:00+00:00;True;19.84;299.15;11.7;2019-06-05;2019;6;23;156;5;2;3726;54;6;True
2019-06-05 07:00:00+00:00;True;21.65;435.96;12.2;2019-06-05;2019;6;23;156;5;2;3727;55;7;True
2019-06-05 08:00:00+00:00;True;23.82;567.83;2.4;2019-06-05;2019;6;23;156;5;2;3728;56;8;True
2019-06-05 09:00:00+00:00;True;25.71;682.68;13.8;2019-06-05;2019;6;23;156;5;2;3729;57;9;True
2019-06-05 10:00:00+00:00;True;26.22;763.7;11.7;2019-06-05;2019;6;23;156;5;2;3730;58;10;True
2019-06-05 11:00:00+00:00;True;26.87;809.62;3.3;2019-06-05;2019;6;23;156;5;2;3731;59;11;True
2019-06-05 12:00:00+00:00;True;27.31;822.73;0.8;2019-06-05;2019;6;23;156;5;2;3732;60;12;True
2019-06-05 13:00:00+00:00;True;27.9;787.78;0.1;2019-06-05;2019;6;23;156;5;2;3733;61;13;True
2019-06-05 14:00:00+00:00;True;28.46;719.09;15.1;2019-06-05;2019;6;23;156;5;2;3734;62;14;True
2019-06-05 15:00:00+00:00;True;28.78;617.96;3.1;2019-06-05;2019;6;23;156;5;2;3735;63;15;True
2019-06-05 16:00:00+00:00;True;29.08;491.87;9.8;2019-06-05;2019;6;23;156;5;2;3736;64;16;True
2019-06-05 17:00:00+00:00;True;28.91;299.92;12.2;2019-06-05;2019;6;23;156;5;2;3737;65;17;True
2019-06-05 18:00:00+00:00;True;28.31;226.8;0.2;2019-06-05;2019;6;23;156;5;2;3738;66;18;True
2019-06-05 19:00:00+00:00;True;27.67;115.13;6.4;2019-06-05;2019;6;23;156;5;2;3739;67;19;True
2019-06-05 20:00:00+00:00;True;25.6;27.73;0.1;2019-06-05;2019;6;23;156;5;2;3740;68;20;True
2019-06-05 21:00:00+00:00;True;23.91;2.56;9.5;2019-06-05;2019;6;23;156;5;2;3741;69;21;True
2019-06-05 22:00:00+00:00;True;22.56;0.4;0.5;2019-06-05;2019;6;23;156;5;2;3742;70;22;True
2019-06-05 23:00:00+00:00;True;21.28;0.0;7.8;2019-06-05;2019;6;23;156;5;2;3743;71;23;True
2019-06-06 00:00:00+00:00;True;19.84;0.0;0.1;2019-06-06;2019;6;23;157;6;3;3744;72;0;True
2019-06-06 01:00:00+00:00;True;19.45;0.0;0.6;2019-06-06;2019;6;23;157;6;3;3745;73;1;True
2019-06-06 02:00:00+00:00;True;19.18;0.06;0.1;2019-06-06;2019;6;23;157;6;3;3746;74;2;True
2019-06-06 03:00:00+00:00;True;18.98;12.33;9.8;2019-06-06;2019;6;23;157;6;3;3747;75;3;True
2019-06-06 04:00:00+00:00;True;18.26;71.41;10.4;2019-06-06;2019;6;23;157;6;3;3748;76;4;True
2019-06-06 05:00:00+00:00;True;19.16;172.39;1.3;2019-06-06;2019;6;23;157;6;3;3749;77;5;True
2019-06-06 06:00:00+00:00;True;20.89;307.33;0.1;2019-06-06;2019;6;23;157;6;3;3750;78;6;True
2019-06-06 07:00:00+00:00;True;23.02;439.86;3.3;2019-06-06;2019;6;23;157;6;3;3751;79;7;True
2019-06-06 08:00:00+00:00;True;24.35;568.32;0.1;2019-06-06;2019;6;23;157;6;3;3752;80;8;True
2019-06-06 09:00:00+00:00;True;25.61;677.15;0.3;2019-06-06;2019;6;23;157;6;3;3753;81;9;True
2019-06-06 10:00:00+00:00;True;26.87;760.96;0.2;2019-06-06;2019;6;23;157;6;3;3754;82;10;True
2019-06-06 11:00:00+00:00;True;27.4;805.56;0.2;2019-06-06;2019;6;23;157;6;3;3755;83;11;True
2019-06-06 12:00:00+00:00;True;28.19;814.37;1.0;2019-06-06;2019;6;23;157;6;3;3756;84;12;True
2019-06-06 13:00:00+00:00;True;28.51;783.59;6.0;2019-06-06;2019;6;23;157;6;3;3757;85;13;True
2019-06-06 14:00:00+00:00;True;28.89;715.6;11.8;2019-06-06;2019;6;23;157;6;3;3758;86;14;True
2019-06-06 15:00:00+00:00;True;28.52;268.25;2.5;2019-06-06;2019;6;23;157;6;3;3759;87;15;True
2019-06-06 16:00:00+00:00;True;28.18;204.16;2.5;2019-06-06;2019;6;23;157;6;3;3760;88;16;True
2019-06-06 17:00:00+00:00;True;28.7;349.08;5.1;2019-06-06;2019;6;23;157;6;3;3761;89;17;True
2019-06-06 18:00:00+00:00;True;28.39;218.81;2.3;2019-06-06;2019;6;23;157;6;3;3762;90;18;True
2019-06-06 19:00:00+00:00;True;27.51;60.38;9.7;2019-06-06;2019;6;23;157;6;3;3763;91;19;True
2019-06-06 20:00:00+00:00;True;25.95;11.42;0.0;2019-06-06;2019;6;23;157;6;3;3764;92;20;True
2019-06-06 21:00:00+00:00;True;24.51;0.56;2.0;2019-06-06;2019;6;23;157;6;3;3765;93;21;True
2019-06-06 22:00:00+00:00;True;23.15;0.03;0.1;2019-06-06;2019;6;23;157;6;3;3766;94;22;True
2019-06-06 23:00:00+00:00;True;22.08;0.06;7.6;2019-06-06;2019;6;23;157;6;3;3767;95;23;True
2019-06-07 00:00:00+00:00;True;21.23;0.0;7.2;2019-06-07;2019;6;23;158;7;4;3768;96;0;True
2019-06-07 01:00:00+00:00;True;20.25;0.0;1.4;2019-06-07;2019;6;23;158;7;4;3769;97;1;True
2019-06-07 02:00:00+00:00;True;19.19;0.13;1.9;2019-06-07;2019;6;23;158;7;4;3770;98;2;True
2019-06-07 03:00:00+00:00;True;18.77;10.53;4.3;2019-06-07;2019;6;23;158;7;4;3771;99;3;True
2019-06-07 04:00:00+00:00;True;18.73;66.8;0.0;2019-06-07;2019;6;23;158;7;4;3772;100;4;True
2019-06-07 05:00:00+00:00;True;20.06;170.71;10.7;2019-06-07;2019;6;23;158;7;4;3773;101;5;True
2019-06-07 06:00:00+00:00;True;21.9;305.6;2.7;2019-06-07;2019;6;23;158;7;4;3774;102;6;True
2019-06-07 07:00:00+00:00;True;23.46;428.66;0.1;2019-06-07;2019;6;23;158;7;4;3775;103;7;True
2019-06-07 08:00:00+00:00;True;25.27;557.91;11.0;2019-06-07;2019;6;23;158;7;4;3776;104;8;True
2019-06-07 09:00:00+00:00;True;26.48;665.68;9.7;2019-06-07;2019;6;23;158;7;4;3777;105;9;True
2019-06-07 10:00:00+00:00;True;27.32;756.13;0.2;2019-06-07;2019;6;23;158;7;4;3778;106;10;True
2019-06-07 11:00:00+00:00;True;27.88;738.66;0.1;2019-06-07;2019;6;23;158;7;4;3779;107;11;True
2019-06-07 12:00:00+00:00;True;27.97;771.28;0.0;2019-06-07;2019;6;23;158;7;4;3780;108;12;True
2019-06-07 13:00:00+00:00;True;28.37;801.49;0.3;2019-06-07;2019;6;23;158;7;4;3781;109;13;True
2019-06-07 14:00:00+00:00;True;28.32;712.33;0.1;2019-06-07;2019;6;23;158;7;4;3782;110;14;True
2019-06-07 15:00:00+00:00;True;28.61;614.65;0.4;2019-06-07;2019;6;23;158;7;4;3783;111;15;True
2019-06-07 16:00:00+00:00;True;28.61;484.64;1.4;2019-06-07;2019;6;23;158;7;4;3784;112;16;True
2019-06-07 17:00:00+00:00;True;28.06;343.85;0.8;2019-06-07;2019;6;23;158;7;4;3785;113;17;True
2019-06-07 18:00:00+00:00;True;27.32;209.23;6.3;2019-06-07;2019;6;23;158;7;4;3786;114;18;True
2019-06-07 19:00:00+00:00;True;26.76;96.35;0.1;2019-06-07;2019;6;23;158;7;4;3787;115;19;True
2019-06-07 20:00:00+00:00;True;25.6;20.45;6.4;2019-06-07;2019;6;23;158;7;4;3788;116;20;True
2019-06-07 21:00:00+00:00;True;24.33;1.91;2.3;2019-06-07;2019;6;23;158;7;4;3789;117;21;True
2019-06-07 22:00:00+00:00;True;23.0;0.3;0.0;2019-06-07;2019;6;23;158;7;4;3790;118;22;True
2019-06-07 23:00:00+00:00;True;22.55;0.34;0.0;2019-06-07;2019;6;23;158;7;4;3791;119;23;True
2019-06-08 00:00:00+00:00;True;21.85;0.45;5.8;2019-06-08;2019;6;23;159;8;5;3792;120;0;False
2019-06-08 01:00:00+00:00;True;20.96;0.22;5.5;2019-06-08;2019;6;23;159;8;5;3793;121;1;False
2019-06-08 02:00:00+00:00;True;20.22;0.38;4.5;2019-06-08;2019;6;23;159;8;5;3794;122;2;False
2019-06-08 03:00:00+00:00;True;19.37;12.39;2.0;2019-06-08;2019;6;23;159;8;5;3795;123;3;False
2019-06-08 04:00:00+00:00;True;19.58;62.47;7.7;2019-06-08;2019;6;23;159;8;5;3796;124;4;False
2019-06-08 05:00:00+00:00;True;20.2;81.77;0.3;2019-06-08;2019;6;23;159;8;5;3797;125;5;False
2019-06-08 06:00:00+00:00;True;21.53;255.29;0.0;2019-06-08;2019;6;23;159;8;5;3798;126;6;False
2019-06-08 07:00:00+00:00;True;23.19;390.65;8.8;2019-06-08;2019;6;23;159;8;5;3799;127;7;False
2019-06-08 08:00:00+00:00;True;24.27;342.5;0.1;2019-06-08;2019;6;23;159;8;5;3800;128;8;False
2019-06-08 09:00:00+00:00;True;25.37;498.21;0.0;2019-06-08;2019;6;23;159;8;5;3801;129;9;False
2019-06-08 10:00:00+00:00;True;26.63;528.28;9.7;2019-06-08;2019;6;23;159;8;5;3802;130;10;False
2019-06-08 11:00:00+00:00;True;27.85;806.69;10.2;2019-06-08;2019;6;23;159;8;5;3803;131;11;False
2019-06-08 12:00:00+00:00;True;28.14;736.03;10.8;2019-06-08;2019;6;23;159;8;5;3804;132;12;False
2019-06-08 13:00:00+00:00;True;28.53;824.01;9.1;2019-06-08;2019;6;23;159;8;5;3805;133;13;False
2019-06-08 14:00:00+00:00;True;29.01;739.72;7.7;2019-06-08;2019;6;23;159;8;5;3806;134;14;False
2019-06-08 15:00:00+00:00;True;29.04;594.36;4.4;2019-06-08;2019;6;23;159;8;5;3807;135;15;False
2019-06-08 16:00:00+00:00;True;29.04;514.4;0.1;2019-06-08;2019;6;23;159;8;5;3808;136;16;False
2019-06-08 17:00:00+00:00;True;28.99;375.61;3.7;2019-06-08;2019;6;23;159;8;5;3809;137;17;False
2019-06-08 18:00:00+00:00;True;28.48;227.91;1.4;2019-06-08;2019;6;23;159;8;5;3810;138;18;False
2019-06-08 19:00:00+00:00;True;27.65;114.28;5.9;2019-06-08;2019;6;23;159;8;5;3811;139;19;False
2019-06-08 20:00:00+00:00;True;26.14;12.92;4.0;2019-06-08;2019;6;23;159;8;5;3812;140;20;False
2019-06-08 21:00:00+00:00;True;24.67;0.74;5.5;2019-06-08;2019;6;23;159;8;5;3813;141;21;False
2019-06-08 22:00:00+00:00;True;23.72;0.24;0.0;2019-06-08;2019;6;23;159;8;5;3814;142;22;False
2019-06-08 23:00:00+00:00;True;22.62;0.27;1.4;2019-06-08;2019;6;23;159;8;5;3815;143;23;False
2019-06-09 00:00:00+00:00;True;22.44;0.04;0.5;2019-06-09;2019;6;23;160;9;6;3816;144;0;False
2019-06-09 01:00:00+00:00;True;20.97;0.1;3.4;2019-06-09;2019;6;23;160;9;6;3817;145;1;False
2019-06-09 02:00:00+00:00;True;19.84;0.42;4.8;2019-06-09;2019;6;23;160;9;6;3818;146;2;False
2019-06-09 03:00:00+00:00;True;18.58;10.62;2.0;2019-06-09;2019;6;23;160;9;6;3819;147;3;False
2019-06-09 04:00:00+00:00;True;18.67;60.91;8.8;2019-06-09;2019;6;23;160;9;6;3820;148;4;False
2019-06-09 05:00:00+00:00;True;18.7;104.51;0.1;2019-06-09;2019;6;23;160;9;6;3821;149;5;False
2019-06-09 06:00:00+00:00;True;18.73;81.58;0.2;2019-06-09;2019;6;23;160;9;6;3822;150;6;False
2019-06-09 07:00:00+00:00;True;18.32;76.12;3.8;2019-06-09;2019;6;23;160;9;6;3823;151;7;False
2019-06-09 08:00:00+00:00;True;17.41;53.51;8.7;2019-06-09;2019;6;23;160;9;6;3824;152;8;False
2019-06-09 09:00:00+00:00;True;16.81;61.05;9.0;2019-06-09;2019;6;23;160;9;6;3825;153;9;False
2019-06-09 10:00:00+00:00;True;16.92;161.93;0.2;2019-06-09;2019;6;23;160;9;6;3826;154;10;False
2019-06-09 11:00:00+00:00;True;19.35;708.24;8.9;2019-06-09;2019;6;23;160;9;6;3827;155;11;False
2019-06-09 12:00:00+00:00;True;20.88;843.09;2.4;2019-06-09;2019;6;23;160;9;6;3828;156;12;False
2019-06-09 13:00:00+00:00;True;21.34;821.79;6.2;2019-06-09;2019;6;23;160;9;6;3829;157;13;False
2019-06-09 14:00:00+00:00;True;21.39;627.77;0.1;2019-06-09;2019;6;23;160;9;6;3830;158;14;False
2019-06-09 15:00:00+00:00;True;21.38;423.89;0.1;2019-06-09;2019;6;23;160;9;6;3831;159;15;False
2019-06-09 16:00:00+00:00;True;21.09;278.68;4.5;2019-06-09;2019;6;23;160;9;6;3832;160;16;False
2019-06-09 17:00:00+00:00;True;20.87;368.02;5.2;2019-06-09;2019;6;23;160;9;6;3833;161;17;False
2019-06-09 18:00:00+00:00;True;20.26;249.06;1.7;2019-06-09;2019;6;23;160;9;6;3834;162;18;False
2019-06-09 19:00:00+00:00;True;19.48;129.89;7.2;2019-06-09;2019;6;23;160;9;6;3835;163;19;False
2019-06-09 20:00:00+00:00;True;18.31;36.54;9.1;2019-06-09;2019;6;23;160;9;6;3836;164;20;False
2019-06-09 21:00:00+00:00;True;17.05;1.78;0.3;2019-06-09;2019;6;23;160;9;6;3837;165;21;False
2019-06-09 22:00:00+00:00;True;16.65;0.03;7.6;2019-06-09;2019;6;23;160;9;6;3838;166;22;False
2019-06-09 23:00:00+00:00;True;16.1;0.98;0.0;2019-06-09;2019;6;23;160;9;6;3839;167;23;False
2019-06-10 00:00:00+00:00;True;15.46;4.29;8.5;2019-06-10;2019;6;24;161;10;0;3840;0;0;True
2019-06-10 01:00:00+00:00;True;13.51;2.08;2.1;2019-06-10;2019;6;24;161;10;0;3841;1;1;True
2019-06-10 02:00:00+00:00;True;13.25;0.77;4.0;2019-06-10;2019;6;24;161;10;0;3842;2;2;True
2019-06-10 03:00:00+00:00;True;12.83;15.77;2.9;2019-06-10;2019;6;24;161;10;0;3843;3;3;True
2019-06-10 04:00:00+00:00;True;12.59;85.94;3.1;2019-06-10;2019;6;24;161;10;0;3844;4;4;True
2019-06-10 05:00:00+00:00;True;13.13;217.49;1.1;2019-06-10;2019;6;24;161;10;0;3845;5;5;True
2019-06-10 06:00:00+00:00;True;13.94;300.27;5.8;2019-06-10;2019;6;24;161;10;0;3846;6;6;True
2019-06-10 07:00:00+00:00;True;15.0;413.26;0.1;2019-06-10;2019;6;24;161;10;0;3847;7;7;True
2019-06-10 08:00:00+00:00;True;16.09;601.8;0.1;2019-06-10;2019;6;24;161;10;0;3848;8;8;True
2019-06-10 09:00:00+00:00;True;16.91;537.98;0.3;2019-06-10;2019;6;24;161;10;0;3849;9;9;True
2019-06-10 10:00:00+00:00;True;18.11;765.78;0.8;2019-06-10;2019;6;24;161;10;0;3850;10;10;True
2019-06-10 11:00:00+00:00;True;19.15;818.53;2.5;2019-06-10;2019;6;24;161;10;0;3851;11;11;True
2019-06-10 12:00:00+00:00;True;19.87;750.87;2.3;2019-06-10;2019;6;24;161;10;0;3852;12;12;True
2019-06-10 13:00:00+00:00;True;20.53;814.01;0.2;2019-06-10;2019;6;24;161;10;0;3853;13;13;True
2019-06-10 14:00:00+00:00;True;21.06;770.22;1.3;2019-06-10;2019;6;24;161;10;0;3854;14;14;True
2019-06-10 15:00:00+00:00;True;21.5;658.94;1.4;2019-06-10;2019;6;24;161;10;0;3855;15;15;True
2019-06-10 16:00:00+00:00;True;21.42;466.76;0.1;2019-06-10;2019;6;24;161;10;0;3856;16;16;True
2019-06-10 17:00:00+00:00;True;21.06;261.68;0.3;2019-06-10;2019;6;24;161;10;0;3857;17;17;True
2019-06-10 18:00:00+00:00;True;20.27;129.82;4.0;2019-06-10;2019;6;24;161;10;0;3858;18;18;True
2019-06-10 19:00:00+00:00;True;19.24;42.11;0.1;2019-06-10;2019;6;24;161;10;0;3859;19;19;True
2019-06-10 20:00:00+00:00;True;18.35;8.97;3.4;2019-06-10;2019;6;24;161;10;0;3860;20;20;True
2019-06-10 21:00:00+00:00;True;18.05;4.42;0.0;2019-06-10;2019;6;24;161;10;0;3861;21;21;True
2019-06-10 22:00:00+00:00;True;17.99;1.4;10.1;2019-06-10;2019;6;24;161;10;0;3862;22;22;True
2019-06-10 23:00:00+00:00;True;17.65;0.8;0.1;2019-06-10;2019;6;24;161;10;0;3863;23;23;True
2019-06-11 00:00:00+00:00;True;17.1;0.4;0.1;2019-06-11;2019;6;24;162;11;1;3864;24;0;True
2019-06-11 01:00:00+00:00;True;16.91;0.22;7.0;2019-06-11;2019;6;24;162;11;1;3865;25;1;True
2019-06-11 02:00:00+00:00;True;16.53;0.29;5.3;2019-06-11;2019;6;24;162;11;1;3866;26;2;True
2019-06-11 03:00:00+00:00;True;16.35;8.06;3.4;2019-06-11;2019;6;24;162;11;1;3867;27;3;True
2019-06-11 04:00:00+00:00;True;16.17;20.15;0.7;2019-06-11;2019;6;24;162;11;1;3868;28;4;True
2019-06-11 05:00:00+00:00;True;16.17;68.88;0.0;2019-06-11;2019;6;24;162;11;1;3869;29;5;True
2019-06-11 06:00:00+00:00;True;16.27;53.94;6.1;2019-06-11;2019;6;24;162;11;1;3870;30;6;True
2019-06-11 07:00:00+00:00;True;16.49;122.71;3.2;2019-06-11;2019;6;24;162;11;1;3871;31;7;True
2019-06-11 08:00:00+00:00;True;17.0;121.95;0.0;2019-06-11;2019;6;24;162;11;1;3872;32;8;True
2019-06-11 09:00:00+00:00;True;16.93;150.53;9.4;2019-06-11;2019;6;24;162;11;1;3873;33;9;True
2019-06-11 10:00:00+00:00;True;17.56;165.42;9.2;2019-06-11;2019;6;24;162;11;1;3874;34;10;True
2019-06-11 11:00:00+00:00;True;17.97;191.21;7.5;2019-06-11;2019;6;24;162;11;1;3875;35;11;True
2019-06-11 12:00:00+00:00;True;18.38;171.54;0.1;2019-06-11;2019;6;24;162;11;1;3876;36;12;True
2019-06-11 13:00:00+00:00;True;18.62;185.24;9.3;2019-06-11;2019;6;24;162;11;1;3877;37;13;True
2019-06-11 14:00:00+00:00;True;18.63;158.62;9.9;2019-06-11;2019;6;24;162;11;1;3878;38;14;True
2019-06-11 15:00:00+00:00;True;18.48;127.61;3.0;2019-06-11;2019;6;24;162;11;1;3879;39;15;True
2019-06-11 16:00:00+00:00;True;18.37;138.67;11.0;2019-06-11;2019;6;24;162;11;1;3880;40;16;True
2019-06-11 17:00:00+00:00;True;18.14;131.79;0.0;2019-06-11;2019;6;24;162;11;1;3881;41;17;True
2019-06-11 18:00:00+00:00;True;18.11;85.4;0.0;2019-06-11;2019;6;24;162;11;1;3882;42;18;True
2019-06-11 19:00:00+00:00;True;18.22;17.01;8.3;2019-06-11;2019;6;24;162;11;1;3883;43;19;True
2019-06-11 20:00:00+00:00;True;17.14;1.87;0.1;2019-06-11;2019;6;24;162;11;1;3884;44;20;True
2019-06-11 21:00:00+00:00;True;15.42;2.22;6.0;2019-06-11;2019;6;24;162;11;1;3885;45;21;True
2019-06-11 22:00:00+00:00;True;15.16;1.79;4.0;2019-06-11;2019;6;24;162;11;1;3886;46;22;True
2019-06-11 23:00:00+00:00;True;15.03;1.5;0.1;2019-06-11;2019;6;24;162;11;1;3887;47;23;True
2019-06-12 00:00:00+00:00;True;15.1;1.01;5.0;2019-06-12;2019;6;24;163;12;2;3888;48;0;True
2019-06-12 01:00:00+00:00;True;15.05;0.72;7.5;2019-06-12;2019;6;24;163;12;2;3889;49;1;True
2019-06-12 02:00:00+00:00;True;15.16;0.94;7.1;2019-06-12;2019;6;24;163;12;2;3890;50;2;True
2019-06-12 03:00:00+00:00;True;15.3;5.67;0.6;2019-06-12;2019;6;24;163;12;2;3891;51;3;True
2019-06-12 04:00:00+00:00;True;15.36;20.69;6.4;2019-06-12;2019;6;24;163;12;2;3892;52;4;True
2019-06-12 05:00:00+00:00;True;15.78;73.38;0.8;2019-06-12;2019;6;24;163;12;2;3893;53;5;True
2019-06-12 06:00:00+00:00;True;16.15;131.66;1.7;2019-06-12;2019;6;24;163;12;2;3894;54;6;True
2019-06-12 07:00:00+00:00;True;17.17;414.6;0.0;2019-06-12;2019;6;24;163;12;2;3895;55;7;True
2019-06-12 08:00:00+00:00;True;17.83;551.24;0.0;2019-06-12;2019;6;24;163;12;2;3896;56;8;True
2019-06-12 09:00:00+00:00;True;17.77;564.52;2.2;2019-06-12;2019;6;24;163;12;2;3897;57;9;True
2019-06-12 10:00:00+00:00;True;18.97;758.07;0.7;2019-06-12;2019;6;24;163;12;2;3898;58;10;True
2019-06-12 11:00:00+00:00;True;19.4;826.27;2.5;2019-06-12;2019;6;24;163;12;2;3899;59;11;True
2019-06-12 12:00:00+00:00;True;20.1;807.55;0.0;2019-06-12;2019;6;24;163;12;2;3900;60;12;True
2019-06-12 13:00:00+00:00;True;20.81;788.44;5.7;2019-06-12;2019;6;24;163;12;2;3901;61;13;True
2019-06-12 14:00:00+00:00;True;21.4;738.06;0.1;2019-06-12;2019;6;24;163;12;2;3902;62;14;True
2019-06-12 15:00:00+00:00;True;21.36;471.29;6.2;2019-06-12;2019;6;24;163;12;2;3903;63;15;True
2019-06-12 16:00:00+00:00;True;21.87;488.37;4.7;2019-06-12;2019;6;24;163;12;2;3904;64;16;True
2019-06-12 17:00:00+00:00;True;21.83;375.29;0.1;2019-06-12;2019;6;24;163;12;2;3905;65;17;True
2019-06-12 18:00:00+00:00;True;21.52;224.52;0.4;2019-06-12;2019;6;24;163;12;2;3906;66;18;True
2019-06-12 19:00:00+00:00;True;20.42;105.1;0.0;2019-06-12;2019;6;24;163;12;2;3907;67;19;True
2019-06-12 20:00:00+00:00;True;19.02;33.04;7.2;2019-06-12;2019;6;24;163;12;2;3908;68;20;True
2019-06-12 21:00:00+00:00;True;17.86;2.47;3.4;2019-06-12;2019;6;24;163;12;2;3909;69;21;True
2019-06-12 22:00:00+00:00;True;17.01;0.01;1.2;2019-06-12;2019;6;24;163;12;2;3910;70;22;True
2019-06-12 23:00:00+00:00;True;16.34;0.53;1.9;2019-06-12;2019;6;24;163;12;2;3911;71;23;True
2019-06-13 00:00:00+00:00;True;15.81;0.97;0.0;2019-06-13;2019;6;24;164;13;3;3912;72;0;True
2019-06-13 01:00:00+00:00;True;15.09;0.97;2.0;2019-06-13;2019;6;24;164;13;3;3913;73;1;True
2019-06-13 02:00:00+00:00;True;14.41;1.03;0.0;2019-06-13;2019;6;24;164;13;3;3914;74;2;True
2019-06-13 03:00:00+00:00;True;13.97;10.98;7.4;2019-06-13;2019;6;24;164;13;3;3915;75;3;True
2019-06-13 04:00:00+00:00;True;13.98;47.16;0.1;2019-06-13;2019;6;24;164;13;3;3916;76;4;True
2019-06-13 05:00:00+00:00;True;14.25;114.96;1.3;2019-06-13;2019;6;24;164;13;3;3917;77;5;True
2019-06-13 06:00:00+00:00;True;15.56;116.48;0.1;2019-06-13;2019;6;24;164;13;3;3918;78;6;True
2019-06-13 07:00:00+00:00;True;14.69;23.19;1.9;2019-06-13;2019;6;24;164;13;3;3919;79;7;True
2019-06-13 08:00:00+00:00;True;14.52;14.36;1.4;2019-06-13;2019;6;24;164;13;3;3920;80;8;True
2019-06-13 09:00:00+00:00;True;14.7;82.36;1.7;2019-06-13;2019;6;24;164;13;3;3921;81;9;True
2019-06-13 10:00:00+00:00;True;15.0;299.43;1.1;2019-06-13;2019;6;24;164;13;3;3922;82;10;True
2019-06-13 11:00:00+00:00;True;16.31;529.48;9.8;2019-06-13;2019;6;24;164;13;3;3923;83;11;True
2019-06-13 12:00:00+00:00;True;18.15;731.61;8.7;2019-06-13;2019;6;24;164;13;3;3924;84;12;True
2019-06-13 13:00:00+00:00;True;20.45;760.22;0.1;2019-06-13;2019;6;24;164;13;3;3925;85;13;True
2019-06-13 14:00:00+00:00;True;21.83;685.27;9.0;2019-06-13;2019;6;24;164;13;3;3926;86;14;True
2019-06-13 15:00:00+00:00;True;23.04;523.98;8.6;2019-06-13;2019;6;24;164;13;3;3927;87;15;True
2019-06-13 16:00:00+00:00;True;23.99;493.19;9.7;2019-06-13;2019;6;24;164;13;3;3928;88;16;True
2019-06-13 17:00:00+00:00;True;24.17;338.78;9.8;2019-06-13;2019;6;24;164;13;3;3929;89;17;True
2019-06-13 18:00:00+00:00;True;23.5;49.29;0.6;2019-06-13;2019;6;24;164;13;3;3930;90;18;True
2019-06-13 19:00:00+00:00;True;19.79;6.38;0.0;2019-06-13;2019;6;24;164;13;3;3931;91;19;True
2019-06-13 20:00:00+00:00;True;18.77;7.38;0.0;2019-06-13;2019;6;24;164;13;3;3932;92;20;True
2019-06-13 21:00:00+00:00;True;17.84;0.91;0.3;2019-06-13;2019;6;24;164;13;3;3933;93;21;True
2019-06-13 22:00:00+00:00;True;18.21;0.63;4.1;2019-06-13;2019;6;24;164;13;3;3934;94;22;True
2019-06-13 23:00:00+00:00;True;17.5;0.89;1.7;2019-06-13;2019;6;24;164;13;3;3935;95;23;True
2019-06-14 00:00:00+00:00;True;16.95;1.35;2.2;2019-06-14;2019;6;24;165;14;4;3936;96;0;True
2019-06-14 01:00:00+00:00;True;16.93;0.91;1.5;2019-06-14;2019;6;24;165;14;4;3937;97;1;True
2019-06-14 02:00:00+00:00;True;17.08;0.97;6.0;2019-06-14;2019;6;24;165;14;4;3938;98;2;True
2019-06-14 03:00:00+00:00;True;17.17;7.84;0.0;2019-06-14;2019;6;24;165;14;4;3939;99;3;True
2019-06-14 04:00:00+00:00;True;17.3;38.83;0.0;2019-06-14;2019;6;24;165;14;4;3940;100;4;True
2019-06-14 05:00:00+00:00;True;17.7;50.81;8.4;2019-06-14;2019;6;24;165;14;4;3941;101;5;True
2019-06-14 06:00:00+00:00;True;18.23;176.18;0.0;2019-06-14;2019;6;24;165;14;4;3942;102;6;True
2019-06-14 07:00:00+00:00;True;18.53;141.7;8.4;2019-06-14;2019;6;24;165;14;4;3943;103;7;True
2019-06-14 08:00:00+00:00;True;18.94;279.35;0.6;2019-06-14;2019;6;24;165;14;4;3944;104;8;True
2019-06-14 09:00:00+00:00;True;19.8;387.57;7.5;2019-06-14;2019;6;24;165;14;4;3945;105;9;True
2019-06-14 10:00:00+00:00;True;20.35;376.14;0.0;2019-06-14;2019;6;24;165;14;4;3946;106;10;True
2019-06-14 11:00:00+00:00;True;20.32;260.94;0.1;2019-06-14;2019;6;24;165;14;4;3947;107;11;True
2019-06-14 12:00:00+00:00;True;19.79;376.79;0.1;2019-06-14;2019;6;24;165;14;4;3948;108;12;True
2019-06-14 13:00:00+00:00;True;20.01;332.76;0.9;2019-06-14;2019;6;24;165;14;4;3949;109;13;True
2019-06-14 14:00:00+00:00;True;19.44;263.3;5.1;2019-06-14;2019;6;24;165;14;4;3950;110;14;True
2019-06-14 15:00:00+00:00;True;18.57;134.26;10.2;2019-06-14;2019;6;24;165;14;4;3951;111;15;True
2019-06-14 16:00:00+00:00;True;18.0;52.43;6.5;2019-06-14;2019;6;24;165;14;4;3952;112;16;True
2019-06-14 17:00:00+00:00;True;17.85;88.23;8.0;2019-06-14;2019;6;24;165;14;4;3953;113;17;True
2019-06-14 18:00:00+00:00;True;18.48;123.16;1.0;2019-06-14;2019;6;24;165;14;4;3954;114;18;True
2019-06-14 19:00:00+00:00;True;19.18;134.99;2.0;2019-06-14;2019;6;24;165;14;4;3955;115;19;True
2019-06-14 20:00:00+00:00;True;18.37;37.03;0.1;2019-06-14;2019;6;24;165;14;4;3956;116;20;True
2019-06-14 21:00:00+00:00;True;16.67;2.77;6.2;2019-06-14;2019;6;24;165;14;4;3957;117;21;True
2019-06-14 22:00:00+00:00;True;15.25;0.19;1.0;2019-06-14;2019;6;24;165;14;4;3958;118;22;True
2019-06-14 23:00:00+00:00;True;13.98;0.78;0.3;2019-06-14;2019;6;24;165;14;4;3959;119;23;True
2019-06-15 00:00:00+00:00;True;13.58;1.03;0.1;2019-06-15;2019;6;24;166;15;5;3960;120;0;False
2019-06-15 01:00:00+00:00;True;13.63;1.34;7.3;2019-06-15;2019;6;24;166;15;5;3961;121;1;False
2019-06-15 02:00:00+00:00;True;13.65;2.12;5.2;2019-06-15;2019;6;24;166;15;5;3962;122;2;False
2019-06-15 03:00:00+00:00;True;13.52;4.85;0.0;2019-06-15;2019;6;24;166;15;5;3963;123;3;False
2019-06-15 04:00:00+00:00;True;13.31;20.81;2.1;2019-06-15;2019;6;24;166;15;5;3964;124;4;False
2019-06-15 05:00:00+00:00;True;13.47;57.11;8.4;2019-06-15;2019;6;24;166;15;5;3965;125;5;False
2019-06-15 06:00:00+00:00;True;13.98;161.91;0.0;2019-06-15;2019;6;24;166;15;5;3966;126;6;False
2019-06-15 07:00:00+00:00;True;14.59;335.1;0.0;2019-06-15;2019;6;24;166;15;5;3967;127;7;False
2019-06-15 08:00:00+00:00;True;15.85;543.01;0.4;2019-06-15;2019;6;24;166;15;5;3968;128;8;False
2019-06-15 09:00:00+00:00;True;17.17;690.34;0.1;2019-06-15;2019;6;24;166;15;5;3969;129;9;False
2019-06-15 10:00:00+00:00;True;18.38;789.33;0.2;2019-06-15;2019;6;24;166;15;5;3970;130;10;False
2019-06-15 11:00:00+00:00;True;19.62;830.27;0.0;2019-06-15;2019;6;24;166;15;5;3971;131;11;False
2019-06-15 12:00:00+00:00;True;20.85;806.39;0.0;2019-06-15;2019;6;24;166;15;5;3972;132;12;False
2019-06-15 13:00:00+00:00;True;20.88;217.75;0.0;2019-06-15;2019;6;24;166;15;5;3973;133;13;False
2019-06-15 14:00:00+00:00;True;20.83;261.08;7.7;2019-06-15;2019;6;24;166;15;5;3974;134;14;False
2019-06-15 15:00:00+00:00;True;19.71;335.2;8.7;2019-06-15;2019;6;24;166;15;5;3975;135;15;False
2019-06-15 16:00:00+00:00;True;17.73;136.77;1.9;2019-06-15;2019;6;24;166;15;5;3976;136;16;False
2019-06-15 17:00:00+00:00;True;19.55;232.45;8.4;2019-06-15;2019;6;24;166;15;5;3977;137;17;False
2019-06-15 18:00:00+00:00;True;20.96;255.37;0.4;2019-06-15;2019;6;24;166;15;5;3978;138;18;False
2019-06-15 19:00:00+00:00;True;20.72;124.98;0.0;2019-06-15;2019;6;24;166;15;5;3979;139;19;False
2019-06-15 20:00:00+00:00;True;19.71;39.6;5.3;2019-06-15;2019;6;24;166;15;5;3980;140;20;False
2019-06-15 21:00:00+00:00;True;18.41;2.67;0.0;2019-06-15;2019;6;24;166;15;5;3981;141;21;False
2019-06-15 22:00:00+00:00;True;17.38;0.11;2.2;2019-06-15;2019;6;24;166;15;5;3982;142;22;False
2019-06-15 23:00:00+00:00;True;16.45;0.01;3.8;2019-06-15;2019;6;24;166;15;5;3983;143;23;False
2019-06-16 00:00:00+00:00;True;15.58;0.73;1.0;2019-06-16;2019;6;24;167;16;6;3984;144;0;False
2019-06-16 01:00:00+00:00;True;15.24;0.43;0.1;2019-06-16;2019;6;24;167;16;6;3985;145;1;False
2019-06-16 02:00:00+00:00;True;14.39;1.03;0.0;2019-06-16;2019;6;24;167;16;6;3986;146;2;False
2019-06-16 03:00:00+00:00;True;13.94;17.91;5.8;2019-06-16;2019;6;24;167;16;6;3987;147;3;False
2019-06-16 04:00:00+00:00;True;13.27;86.8;6.5;2019-06-16;2019;6;24;167;16;6;3988;148;4;False
2019-06-16 05:00:00+00:00;True;14.37;198.66;9.5;2019-06-16;2019;6;24;167;16;6;3989;149;5;False
2019-06-16 06:00:00+00:00;True;15.92;333.39;6.9;2019-06-16;2019;6;24;167;16;6;3990;150;6;False
2019-06-16 07:00:00+00:00;True;17.34;468.58;0.0;2019-06-16;2019;6;24;167;16;6;3991;151;7;False
2019-06-16 08:00:00+00:00;True;19.23;599.38;4.1;2019-06-16;2019;6;24;167;16;6;3992;152;8;False
2019-06-16 09:00:00+00:00;True;20.27;708.08;5.7;2019-06-16;2019;6;24;167;16;6;3993;153;9;False
2019-06-16 10:00:00+00:00;True;21.15;788.96;2.5;2019-06-16;2019;6;24;167;16;6;3994;154;10;False
2019-06-16 11:00:00+00:00;True;22.05;845.24;0.0;2019-06-16;2019;6;24;167;16;6;3995;155;11;False
2019-06-16 12:00:00+00:00;True;23.05;844.32;0.0;2019-06-16;2019;6;24;167;16;6;3996;156;12;False
2019-06-16 13:00:00+00:00;True;23.56;825.62;0.1;2019-06-16;2019;6;24;167;16;6;3997;157;13;False
2019-06-16 14:00:00+00:00;True;24.41;750.08;0.2;2019-06-16;2019;6;24;167;16;6;3998;158;14;False
2019-06-16 15:00:00+00:00;True;24.34;617.14;6.2;2019-06-16;2019;6;24;167;16;6;3999;159;15;False
2019-06-16 16:00:00+00:00;True;24.41;536.75;0.0;2019-06-16;2019;6;24;167;16;6;4000;160;16;False
2019-06-16 17:00:00+00:00;True;24.62;391.12;8.8;2019-06-16;2019;6;24;167;16;6;4001;161;17;False
2019-06-16 18:00:00+00:00;True;24.55;251.4;3.7;2019-06-16;2019;6;24;167;16;6;4002;162;18;False
2019-06-16 19:00:00+00:00;True;24.47;124.17;0.0;2019-06-16;2019;6;24;167;16;6;4003;163;19;False
2019-06-16 20:00:00+00:00;True;23.04;28.16;3.4;2019-06-16;2019;6;24;167;16;6;4004;164;20;False
2019-06-16 21:00:00+00:00;True;22.09;2.02;7.9;2019-06-16;2019;6;24;167;16;6;4005;165;21;False
2019-06-16 22:00:00+00:00;True;21.54;0.0;8.1;2019-06-16;2019;6;24;167;16;6;4006;166;22;False
2019-06-16 23:00:00+00:00;True;19.19;1.57;0.6;2019-06-16;2019;6;24;167;16;6;4007;167;23;False
2019-06-17 00:00:00+00:00;True;17.67;3.95;0.0;2019-06-17;2019;6;25;168;17;0;4008;0;0;True
2019-06-17 01:00:00+00:00;True;17.12;5.1;8.1;2019-06-17;2019;6;25;168;17;0;4009;1;1;True
2019-06-17 02:00:00+00:00;True;16.56;1.59;7.3;2019-06-17;2019;6;25;168;17;0;4010;2;2;True
2019-06-17 04:00:00+00:00;True;16.55;34.74;8.4;2019-06-17;2019;6;25;168;17;0;4012;4;4;True
2019-06-17 05:00:00+00:00;True;17.49;84.6;0.0;2019-06-17;2019;6;25;168;17;0;4013;5;5;True
2019-06-17 06:00:00+00:00;True;18.16;144.83;0.0;2019-06-17;2019;6;25;168;17;0;4014;6;6;True
2019-06-17 07:00:00+00:00;True;18.95;214.62;0.1;2019-06-17;2019;6;25;168;17;0;4015;7;7;True
2019-06-17 08:00:00+00:00;True;19.55;310.9;1.6;2019-06-17;2019;6;25;168;17;0;4016;8;8;True
2019-06-17 09:00:00+00:00;True;20.18;405.68;9.4;2019-06-17;2019;6;25;168;17;0;4017;9;9;True
2019-06-17 10:00:00+00:00;True;21.66;471.09;10.5;2019-06-17;2019;6;25;168;17;0;4018;10;10;True
2019-06-17 11:00:00+00:00;True;21.82;524.49;0.0;2019-06-17;2019;6;25;168;17;0;4019;11;11;True
2019-06-17 12:00:00+00:00;True;22.79;597.32;9.9;2019-06-17;2019;6;25;168;17;0;4020;12;12;True
2019-06-17 13:00:00+00:00;True;22.64;610.61;9.8;2019-06-17;2019;6;25;168;17;0;4021;13;13;True
2019-06-17 14:00:00+00:00;True;23.49;768.27;7.1;2019-06-17;2019;6;25;168;17;0;4022;14;14;True
2019-06-17 15:00:00+00:00;True;22.34;288.1;2.3;2019-06-17;2019;6;25;168;17;0;4023;15;15;True
2019-06-17 16:00:00+00:00;True;21.81;237.47;0.1;2019-06-17;2019;6;25;168;17;0;4024;16;16;True
2019-06-17 17:00:00+00:00;True;21.44;271.2;3.4;2019-06-17;2019;6;25;168;17;0;4025;17;17;True
2019-06-17 18:00:00+00:00;True;21.87;301.86;2.2;2019-06-17;2019;6;25;168;17;0;4026;18;18;True
2019-06-17 19:00:00+00:00;True;21.61;129.18;3.4;2019-06-17;2019;6;25;168;17;0;4027;19;19;True
2019-06-17 20:00:00+00:00;True;20.15;38.37;0.1;2019-06-17;2019;6;25;168;17;0;4028;20;20;True
2019-06-17 21:00:00+00:00;True;18.7;2.04;8.9;2019-06-17;2019;6;25;168;17;0;4029;21;21;True
2019-06-17 22:00:00+00:00;True;17.74;0.81;0.3;2019-06-17;2019;6;25;168;17;0;4030;22;22;True
2019-06-17 23:00:00+00:00;True;16.05;0.95;0.1;2019-06-17;2019;6;25;168;17;0;4031;23;23;True
2019-06-18 00:00:00+00:00;True;14.55;0.51;0.1;2019-06-18;2019;6;25;169;18;1;4032;24;0;True
2019-06-18 01:00:00+00:00;True;13.84;0.31;8.5;2019-06-18;2019;6;25;169;18;1;4033;25;1;True
2019-06-18 02:00:00+00:00;True;13.31;3.98;6.6;2019-06-18;2019;6;25;169;18;1;4034;26;2;True
2019-06-18 03:00:00+00:00;True;12.3;21.78;5.2;2019-06-18;2019;6;25;169;18;1;4035;27;3;True
2019-06-18 04:00:00+00:00;True;12.55;90.98;0.0;2019-06-18;2019;6;25;169;18;1;4036;28;4;True
2019-06-18 05:00:00+00:00;True;13.73;203.2;6.5;2019-06-18;2019;6;25;169;18;1;4037;29;5;True
2019-06-18 06:00:00+00:00;True;15.71;322.36;6.8;2019-06-18;2019;6;25;169;18;1;4038;30;6;True
2019-06-18 07:00:00+00:00;True;17.15;464.28;0.1;2019-06-18;2019;6;25;169;18;1;4039;31;7;True
2019-06-18 08:00:00+00:00;True;18.35;600.32;0.0;2019-06-18;2019;6;25;169;18;1;4040;32;8;True
2019-06-18 09:00:00+00:00;True;19.31;711.46;1.0;2019-06-18;2019;6;25;169;18;1;4041;33;9;True
2019-06-18 10:00:00+00:00;True;20.34;793.5;0.0;2019-06-18;2019;6;25;169;18;1;4042;34;10;True
2019-06-18 11:00:00+00:00;True;21.27;844.9;0.1;2019-06-18;2019;6;25;169;18;1;4043;35;11;True
2019-06-18 12:00:00+00:00;True;22.19;837.66;10.2;2019-06-18;2019;6;25;169;18;1;4044;36;12;True
2019-06-18 13:00:00+00:00;True;22.83;832.51;1.4;2019-06-18;2019;6;25;169;18;1;4045;37;13;True
2019-06-18 14:00:00+00:00;True;23.05;746.12;13.1;2019-06-18;2019;6;25;169;18;1;4046;38;14;True
2019-06-18 15:00:00+00:00;True;23.34;653.22;0.1;2019-06-18;2019;6;25;169;18;1;4047;39;15;True
2019-06-18 16:00:00+00:00;True;23.32;528.91;0.1;2019-06-18;2019;6;25;169;18;1;4048;40;16;True
2019-06-18 17:00:00+00:00;True;22.93;393.84;1.0;2019-06-18;2019;6;25;169;18;1;4049;41;17;True
2019-06-18 18:00:00+00:00;True;22.15;257.17;0.1;2019-06-18;2019;6;25;169;18;1;4050;42;18;True
2019-06-18 19:00:00+00:00;True;21.33;133.97;9.6;2019-06-18;2019;6;25;169;18;1;4051;43;19;True
2019-06-18 20:00:00+00:00;True;19.96;39.92;0.8;2019-06-18;2019;6;25;169;18;1;4052;44;20;True
2019-06-18 21:00:00+00:00;True;18.36;4.27;2.3;2019-06-18;2019;6;25;169;18;1;4053;45;21;True
2019-06-18 22:00:00+00:00;True;16.9;1.31;0.1;2019-06-18;2019;6;25;169;18;1;4054;46;22;True
2019-06-18 23:00:00+00:00;True;16.15;1.14;5.6;2019-06-18;2019;6;25;169;18;1;4055;47;23;True
2019-06-19 00:00:00+00:00;True;15.35;1.19;0.0;2019-06-19;2019;6;25;170;19;2;4056;48;0;True
2019-06-19 01:00:00+00:00;True;14.59;0.03;1.8;2019-06-19;2019;6;25;170;19;2;4057;49;1;True
2019-06-19 02:00:00+00:00;True;14.28;0.53;0.0;2019-06-19;2019;6;25;170;19;2;4058;50;2;True
2019-06-19 03:00:00+00:00;True;14.04;18.51;2.6;2019-06-19;2019;6;25;170;19;2;4059;51;3;True
2019-06-19 04:00:00+00:00;True;13.71;89.88;9.3;2019-06-19;2019;6;25;170;19;2;4060;52;4;True
2019-06-19 05:00:00+00:00;True;14.79;200.19;0.8;2019-06-19;2019;6;25;170;19;2;4061;53;5;True
2019-06-19 06:00:00+00:00;True;16.26;331.62;10.2;2019-06-19;2019;6;25;170;19;2;4062;54;6;True
2019-06-19 07:00:00+00:00;True;18.0;465.19;0.1;2019-06-19;2019;6;25;170;19;2;4063;55;7;True
2019-06-19 08:00:00+00:00;True;19.32;591.28;11.4;2019-06-19;2019;6;25;170;19;2;4064;56;8;True
2019-06-19 09:00:00+00:00;True;20.47;672.77;10.3;2019-06-19;2019;6;25;170;19;2;4065;57;9;True
2019-06-19 10:00:00+00:00;True;21.8;770.52;2.2;2019-06-19;2019;6;25;170;19;2;4066;58;10;True
2019-06-19 11:00:00+00:00;True;22.8;803.01;12.7;2019-06-19;2019;6;25;170;19;2;4067;59;11;True
2019-06-19 12:00:00+00:00;True;23.74;719.81;2.5;2019-06-19;2019;6;25;170;19;2;4068;60;12;True
2019-06-19 13:00:00+00:00;True;24.32;608.48;0.6;2019-06-19;2019;6;25;170;19;2;4069;61;13;True
2019-06-19 14:00:00+00:00;True;24.95;602.16;10.7;2019-06-19;2019;6;25;170;19;2;4070;62;14;True
2019-06-19 15:00:00+00:00;True;25.73;458.87;0.0;2019-06-19;2019;6;25;170;19;2;4071;63;15;True
2019-06-19 16:00:00+00:00;True;26.03;478.11;1.2;2019-06-19;2019;6;25;170;19;2;4072;64;16;True
2019-06-19 17:00:00+00:00;True;26.08;324.43;6.1;2019-06-19;2019;6;25;170;19;2;4073;65;17;True
2019-06-19 18:00:00+00:00;True;25.13;162.58;4.1;2019-06-19;2019;6;25;170;19;2;4074;66;18;True
2019-06-19 19:00:00+00:00;True;24.46;144.68;0.1;2019-06-19;2019;6;25;170;19;2;4075;67;19;True
2019-06-19 20:00:00+00:00;True;23.5;41.08;0.1;2019-06-19;2019;6;25;170;19;2;4076;68;20;True
2019-06-19 21:00:00+00:00;True;22.35;3.56;10.6;2019-06-19;2019;6;25;170;19;2;4077;69;21;True
2019-06-19 22:00:00+00:00;True;21.16;0.53;0.1;2019-06-19;2019;6;25;170;19;2;4078;70;22;True
2019-06-19 23:00:00+00:00;True;21.24;0.05;3.3;2019-06-19;2019;6;25;170;19;2;4079;71;23;True
2019-06-20 00:00:00+00:00;True;19.91;0.0;1.1;2019-06-20;2019;6;25;171;20;3;4080;72;0;True
2019-06-20 01:00:00+00:00;True;20.15;0.0;6.6;2019-06-20;2019;6;25;171;20;3;4081;73;1;True
2019-06-20 02:00:00+00:00;True;19.04;0.32;0.0;2019-06-20;2019;6;25;171;20;3;4082;74;2;True
2019-06-20 03:00:00+00:00;True;18.45;8.74;7.6;2019-06-20;2019;6;25;171;20;3;4083;75;3;True
2019-06-20 04:00:00+00:00;True;17.48;60.56;8.0;2019-06-20;2019;6;25;171;20;3;4084;76;4;True
2019-06-20 05:00:00+00:00;True;18.42;166.41;0.0;2019-06-20;2019;6;25;171;20;3;4085;77;5;True
2019-06-20 06:00:00+00:00;True;19.93;275.8;1.6;2019-06-20;2019;6;25;171;20;3;4086;78;6;True
2019-06-20 07:00:00+00:00;True;22.21;459.12;0.0;2019-06-20;2019;6;25;171;20;3;4087;79;7;True
2019-06-20 08:00:00+00:00;True;23.56;561.9;0.0;2019-06-20;2019;6;25;171;20;3;4088;80;8;True
2019-06-20 09:00:00+00:00;True;25.17;641.51;12.5;2019-06-20;2019;6;25;171;20;3;4089;81;9;True
2019-06-20 10:00:00+00:00;True;26.49;683.22;4.1;2019-06-20;2019;6;25;171;20;3;4090;82;10;True
2019-06-20 11:00:00+00:00;True;27.17;765.27;0.1;2019-06-20;2019;6;25;171;20;3;4091;83;11;True
2019-06-20 12:00:00+00:00;True;27.57;780.07;0.1;2019-06-20;2019;6;25;171;20;3;4092;84;12;True
2019-06-20 13:00:00+00:00;True;28.11;754.84;0.1;2019-06-20;2019;6;25;171;20;3;4093;85;13;True
2019-06-20 14:00:00+00:00;True;28.03;652.82;0.0;2019-06-20;2019;6;25;171;20;3;4094;86;14;True
2019-06-20 15:00:00+00:00;True;28.42;590.92;0.1;2019-06-20;2019;6;25;171;20;3;4095;87;15;True
2019-06-20 16:00:00+00:00;True;28.27;413.0;12.1;2019-06-20;2019;6;25;171;20;3;4096;88;16;True
2019-06-20 17:00:00+00:00;True;28.49;349.27;12.1;2019-06-20;2019;6;25;171;20;3;4097;89;17;True
2019-06-20 18:00:00+00:00;True;27.27;106.11;11.0;2019-06-20;2019;6;25;171;20;3;4098;90;18;True
2019-06-20 19:00:00+00:00;True;26.44;62.42;0.9;2019-06-20;2019;6;25;171;20;3;4099;91;19;True
2019-06-20 20:00:00+00:00;True;25.17;22.48;7.3;2019-06-20;2019;6;25;171;20;3;4100;92;20;True
2019-06-20 21:00:00+00:00;True;23.89;0.96;8.0;2019-06-20;2019;6;25;171;20;3;4101;93;21;True
2019-06-20 22:00:00+00:00;True;23.2;0.01;7.3;2019-06-20;2019;6;25;171;20;3;4102;94;22;True
2019-06-20 23:00:00+00:00;True;23.3;0.07;7.4;2019-06-20;2019;6;25;171;20;3;4103;95;23;True
2019-06-21 00:00:00+00:00;True;22.07;0.04;0.7;2019-06-21;2019;6;25;172;21;4;4104;96;0;True
2019-06-21 01:00:00+00:00;True;19.89;0.12;7.2;2019-06-21;2019;6;25;172;21;4;4105;97;1;True
2019-06-21 02:00:00+00:00;True;19.99;0.37;0.0;2019-06-21;2019;6;25;172;21;4;4106;98;2;True
2019-06-21 03:00:00+00:00;True;19.65;6.98;0.3;2019-06-21;2019;6;25;172;21;4;4107;99;3;True
2019-06-21 04:00:00+00:00;True;19.52;24.44;0.0;2019-06-21;2019;6;25;172;21;4;4108;100;4;True
2019-06-21 05:00:00+00:00;True;19.83;49.21;8.1;2019-06-21;2019;6;25;172;21;4;4109;101;5;True
2019-06-21 06:00:00+00:00;True;20.23;133.97;0.1;2019-06-21;2019;6;25;172;21;4;4110;102;6;True
2019-06-21 07:00:00+00:00;True;21.81;219.05;4.4;2019-06-21;2019;6;25;172;21;4;4111;103;7;True
2019-06-21 08:00:00+00:00;True;23.17;415.53;9.1;2019-06-21;2019;6;25;172;21;4;4112;104;8;True
2019-06-21 09:00:00+00:00;True;23.83;597.3;0.0;2019-06-21;2019;6;25;172;21;4;4113;105;9;True
2019-06-21 10:00:00+00:00;True;24.43;656.02;0.1;2019-06-21;2019;6;25;172;21;4;4114;106;10;True
2019-06-21 11:00:00+00:00;True;25.45;680.12;6.5;2019-06-21;2019;6;25;172;21;4;4115;107;11;True
2019-06-21 12:00:00+00:00;True;26.28;676.44;12.3;2019-06-21;2019;6;25;172;21;4;4116;108;12;True
2019-06-21 13:00:00+00:00;True;26.8;610.68;2.2;2019-06-21;2019;6;25;172;21;4;4117;109;13;True
2019-06-21 14:00:00+00:00;True;27.01;740.11;0.9;2019-06-21;2019;6;25;172;21;4;4118;110;14;True
2019-06-21 15:00:00+00:00;True;26.99;649.72;9.8;2019-06-21;2019;6;25;172;21;4;4119;111;15;True
2019-06-21 16:00:00+00:00;True;26.43;511.56;0.2;2019-06-21;2019;6;25;172;21;4;4120;112;16;True
2019-06-21 17:00:00+00:00;True;25.8;394.84;10.3;2019-06-21;2019;6;25;172;21;4;4121;113;17;True
2019-06-21 18:00:00+00:00;True;24.69;250.96;5.9;2019-06-21;2019;6;25;172;21;4;4122;114;18;True
2019-06-21 19:00:00+00:00;True;23.71;113.1;17.5;2019-06-21;2019;6;25;172;21;4;4123;115;19;True
2019-06-21 20:00:00+00:00;True;22.35;43.95;0.2;2019-06-21;2019;6;25;172;21;4;4124;116;20;True
2019-06-21 21:00:00+00:00;True;21.31;4.05;5.3;2019-06-21;2019;6;25;172;21;4;4125;117;21;True
2019-06-21 22:00:00+00:00;True;20.37;0.44;4.5;2019-06-21;2019;6;25;172;21;4;4126;118;22;True
2019-06-21 23:00:00+00:00;True;19.34;0.23;3.1;2019-06-21;2019;6;25;172;21;4;4127;119;23;True
2019-06-22 00:00:00+00:00;True;18.31;0.14;2.7;2019-06-22;2019;6;25;173;22;5;4128;120;0;False
2019-06-22 01:00:00+00:00;True;17.07;0.04;2.4;2019-06-22;2019;6;25;173;22;5;4129;121;1;False
2019-06-22 02:00:00+00:00;True;16.09;1.19;7.7;2019-06-22;2019;6;25;173;22;5;4130;122;2;False
2019-06-22 03:00:00+00:00;True;15.46;18.65;3.7;2019-06-22;2019;6;25;173;22;5;4131;123;3;False
2019-06-22 04:00:00+00:00;True;15.39;91.83;7.5;2019-06-22;2019;6;25;173;22;5;4132;124;4;False
2019-06-22 05:00:00+00:00;True;15.62;93.66;6.6;2019-06-22;2019;6;25;173;22;5;4133;125;5;False
2019-06-22 06:00:00+00:00;True;16.61;268.86;0.1;2019-06-22;2019;6;25;173;22;5;4134;126;6;False
2019-06-22 07:00:00+00:00;True;18.15;348.03;9.8;2019-06-22;2019;6;25;173;22;5;4135;127;7;False
2019-06-22 08:00:00+00:00;True;18.89;586.28;2.6;2019-06-22;2019;6;25;173;22;5;4136;128;8;False
2019-06-22 09:00:00+00:00;True;19.84;730.05;4.8;2019-06-22;2019;6;25;173;22;5;4137;129;9;False
2019-06-22 10:00:00+00:00;True;20.55;648.99;0.1;2019-06-22;2019;6;25;173;22;5;4138;130;10;False
2019-06-22 11:00:00+00:00;True;21.17;772.1;12.9;2019-06-22;2019;6;25;173;22;5;4139;131;11;False
2019-06-22 12:00:00+00:00;True;20.66;832.89;12.3;2019-06-22;2019;6;25;173;22;5;4140;132;12;False
2019-06-22 13:00:00+00:00;True;20.53;755.79;0.2;2019-06-22;2019;6;25;173;22;5;4141;133;13;False
2019-06-22 14:00:00+00:00;True;20.46;781.42;2.3;2019-06-22;2019;6;25;173;22;5;4142;134;14;False
2019-06-22 15:00:00+00:00;True;20.04;660.28;9.9;2019-06-22;2019;6;25;173;22;5;4143;135;15;False
2019-06-22 16:00:00+00:00;True;19.83;566.44;11.4;2019-06-22;2019;6;25;173;22;5;4144;136;16;False
2019-06-22 17:00:00+00:00;True;19.28;381.55;11.8;2019-06-22;2019;6;25;173;22;5;4145;137;17;False
2019-06-22 18:00:00+00:00;True;18.62;193.41;9.6;2019-06-22;2019;6;25;173;22;5;4146;138;18;False
2019-06-22 19:00:00+00:00;True;18.02;103.72;0.1;2019-06-22;2019;6;25;173;22;5;4147;139;19;False
2019-06-22 20:00:00+00:00;True;17.1;50.27;7.3;2019-06-22;2019;6;25;173;22;5;4148;140;20;False
2019-06-22 21:00:00+00:00;True;15.45;3.31;11.7;2019-06-22;2019;6;25;173;22;5;4149;141;21;False
2019-06-22 22:00:00+00:00;True;14.42;0.11;0.3;2019-06-22;2019;6;25;173;22;5;4150;142;22;False
2019-06-22 23:00:00+00:00;True;13.63;0.07;0.6;2019-06-22;2019;6;25;173;22;5;4151;143;23;False
2019-06-23 00:00:00+00:00;True;12.91;0.21;5.9;2019-06-23;2019;6;25;174;23;6;4152;144;0;False
2019-06-23 01:00:00+00:00;True;12.2;0.3;8.2;2019-06-23;2019;6;25;174;23;6;4153;145;1;False
2019-06-23 02:00:00+00:00;True;11.71;1.41;1.6;2019-06-23;2019;6;25;174;23;6;4154;146;2;False
2019-06-23 03:00:00+00:00;True;11.25;17.59;1.2;2019-06-23;2019;6;25;174;23;6;4155;147;3;False
2019-06-23 04:00:00+00:00;True;11.29;86.74;1.4;2019-06-23;2019;6;25;174;23;6;4156;148;4;False
2019-06-23 05:00:00+00:00;True;12.19;198.92;8.0;2019-06-23;2019;6;25;174;23;6;4157;149;5;False
2019-06-23 06:00:00+00:00;True;14.05;334.71;2.5;2019-06-23;2019;6;25;174;23;6;4158;150;6;False
2019-06-23 07:00:00+00:00;True;15.66;474.95;2.2;2019-06-23;2019;6;25;174;23;6;4159;151;7;False
2019-06-23 08:00:00+00:00;True;17.08;597.73;11.7;2019-06-23;2019;6;25;174;23;6;4160;152;8;False
2019-06-23 09:00:00+00:00;True;18.25;697.01;0.1;2019-06-23;2019;6;25;174;23;6;4161;153;9;False
2019-06-23 10:00:00+00:00;True;19.06;788.22;0.0;2019-06-23;2019;6;25;174;23;6;4162;154;10;False
2019-06-23 11:00:00+00:00;True;19.68;821.28;11.7;2019-06-23;2019;6;25;174;23;6;4163;155;11;False
2019-06-23 12:00:00+00:00;True;20.49;865.2;0.1;2019-06-23;2019;6;25;174;23;6;4164;156;12;False
2019-06-23 13:00:00+00:00;True;21.13;835.64;0.2;2019-06-23;2019;6;25;174;23;6;4165;157;13;False
2019-06-23 14:00:00+00:00;True;21.55;726.09;0.1;2019-06-23;2019;6;25;174;23;6;4166;158;14;False
2019-06-23 15:00:00+00:00;True;21.91;689.11;11.7;2019-06-23;2019;6;25;174;23;6;4167;159;15;False
2019-06-23 16:00:00+00:00;True;21.97;587.44;8.4;2019-06-23;2019;6;25;174;23;6;4168;160;16;False
2019-06-23 17:00:00+00:00;True;22.01;407.89;9.7;2019-06-23;2019;6;25;174;23;6;4169;161;17;False
2019-06-23 18:00:00+00:00;True;21.66;259.6;0.1;2019-06-23;2019;6;25;174;23;6;4170;162;18;False
2019-06-23 19:00:00+00:00;True;20.94;120.62;2.1;2019-06-23;2019;6;25;174;23;6;4171;163;19;False
2019-06-23 20:00:00+00:00;True;19.67;37.39;9.9;2019-06-23;2019;6;25;174;23;6;4172;164;20;False
2019-06-23 21:00:00+00:00;True;17.93;2.6;10.3;2019-06-23;2019;6;25;174;23;6;4173;165;21;False
2019-06-23 22:00:00+00:00;True;16.57;0.04;2.6;2019-06-23;2019;6;25;174;23;6;4174;166;22;False
2019-06-23 23:00:00+00:00;True;15.53;0.13;8.4;2019-06-23;2019;6;25;174;23;6;4175;167;23;False
2019-06-24 00:00:00+00:00;True;14.39;0.27;11.3;2019-06-24;2019;6;26;175;24;0;4176;0;0;True
2019-06-24 01:00:00+00:00;True;13.86;0.33;0.1;2019-06-24;2019;6;26;175;24;0;4177;1;1;True
2019-06-24 02:00:00+00:00;True;13.58;0.79;0.1;2019-06-24;2019;6;26;175;24;0;4178;2;2;True
2019-06-24 03:00:00+00:00;True;13.34;8.62;1.4;2019-06-24;2019;6;26;175;24;0;4179;3;3;True
2019-06-24 04:00:00+00:00;True;12.59;48.25;6.9;2019-06-24;2019;6;26;175;24;0;4180;4;4;True
2019-06-24 05:00:00+00:00;True;12.83;150.44;1.5;2019-06-24;2019;6;26;175;24;0;4181;5;5;True
2019-06-24 06:00:00+00:00;True;13.86;292.29;4.7;2019-06-24;2019;6;26;175;24;0;4182;6;6;True
2019-06-24 07:00:00+00:00;True;16.0;467.42;4.9;2019-06-24;2019;6;26;175;24;0;4183;7;7;True
2019-06-24 08:00:00+00:00;True;17.3;592.76;11.7;2019-06-24;2019;6;26;175;24;0;4184;8;8;True
2019-06-24 09:00:00+00:00;True;18.75;700.72;10.2;2019-06-24;2019;6;26;175;24;0;4185;9;9;True
2019-06-24 10:00:00+00:00;True;19.97;793.12;3.0;2019-06-24;2019;6;26;175;24;0;4186;10;10;True
2019-06-24 11:00:00+00:00;True;20.72;479.94;0.2;2019-06-24;2019;6;26;175;24;0;4187;11;11;True
2019-06-24 12:00:00+00:00;True;21.03;629.13;0.1;2019-06-24;2019;6;26;175;24;0;4188;12;12;True
2019-06-24 13:00:00+00:00;True;21.7;698.29;0.1;2019-06-24;2019;6;26;175;24;0;4189;13;13;True
2019-06-24 14:00:00+00:00;True;21.93;392.83;10.4;2019-06-24;2019;6;26;175;24;0;4190;14;14;True
2019-06-24 15:00:00+00:00;True;21.88;597.04;2.2;2019-06-24;2019;6;26;175;24;0;4191;15;15;True
2019-06-24 16:00:00+00:00;True;22.14;355.69;0.1;2019-06-24;2019;6;26;175;24;0;4192;16;16;True
2019-06-24 17:00:00+00:00;True;21.79;318.08;0.1;2019-06-24;2019;6;26;175;24;0;4193;17;17;True
2019-06-24 18:00:00+00:00;True;21.59;259.72;3.4;2019-06-24;2019;6;26;175;24;0;4194;18;18;True
2019-06-24 19:00:00+00:00;True;20.87;117.45;0.1;2019-06-24;2019;6;26;175;24;0;4195;19;19;True
2019-06-24 20:00:00+00:00;True;19.76;24.7;2.9;2019-06-24;2019;6;26;175;24;0;4196;20;20;True
2019-06-24 21:00:00+00:00;True;18.6;5.71;0.1;2019-06-24;2019;6;26;175;24;0;4197;21;21;True
2019-06-24 22:00:00+00:00;True;17.35;0.2;0.1;2019-06-24;2019;6;26;175;24;0;4198;22;22;True
2019-06-24 23:00:00+00:00;True;15.92;1.34;1.1;2019-06-24;2019;6;26;175;24;0;4199;23;23;True
2019-06-25 00:00:00+00:00;True;14.72;0.91;10.2;2019-06-25;2019;6;26;176;25;1;4200;24;0;True
2019-06-25 01:00:00+00:00;True;13.53;0.95;0.4;2019-06-25;2019;6;26;176;25;1;4201;25;1;True
2019-06-25 02:00:00+00:00;True;12.78;0.5;1.7;2019-06-25;2019;6;26;176;25;1;4202;26;2;True
2019-06-25 03:00:00+00:00;True;12.2;12.48;0.0;2019-06-25;2019;6;26;176;25;1;4203;27;3;True
2019-06-25 04:00:00+00:00;True;11.55;86.06;5.4;2019-06-25;2019;6;26;176;25;1;4204;28;4;True
2019-06-25 05:00:00+00:00;True;12.19;188.36;0.1;2019-06-25;2019;6;26;176;25;1;4205;29;5;True
2019-06-25 06:00:00+00:00;True;14.1;345.62;0.1;2019-06-25;2019;6;26;176;25;1;4206;30;6;True
2019-06-25 07:00:00+00:00;True;15.92;346.12;0.3;2019-06-25;2019;6;26;176;25;1;4207;31;7;True
2019-06-25 08:00:00+00:00;True;17.99;540.16;0.1;2019-06-25;2019;6;26;176;25;1;4208;32;8;True
2019-06-25 09:00:00+00:00;True;19.4;545.21;0.1;2019-06-25;2019;6;26;176;25;1;4209;33;9;True
2019-06-25 10:00:00+00:00;True;20.18;704.2;0.1;2019-06-25;2019;6;26;176;25;1;4210;34;10;True
2019-06-25 11:00:00+00:00;True;21.3;797.96;0.1;2019-06-25;2019;6;26;176;25;1;4211;35;11;True
2019-06-25 12:00:00+00:00;True;21.82;750.62;2.4;2019-06-25;2019;6;26;176;25;1;4212;36;12;True
2019-06-25 13:00:00+00:00;True;22.04;723.84;5.3;2019-06-25;2019;6;26;176;25;1;4213;37;13;True
2019-06-25 14:00:00+00:00;True;22.57;688.5;0.1;2019-06-25;2019;6;26;176;25;1;4214;38;14;True
2019-06-25 15:00:00+00:00;True;22.61;516.7;0.1;2019-06-25;2019;6;26;176;25;1;4215;39;15;True
2019-06-25 16:00:00+00:00;True;22.36;321.85;9.1;2019-06-25;2019;6;26;176;25;1;4216;40;16;True
2019-06-25 17:00:00+00:00;True;22.01;199.0;0.1;2019-06-25;2019;6;26;176;25;1;4217;41;17;True
2019-06-25 18:00:00+00:00;True;21.54;153.2;0.1;2019-06-25;2019;6;26;176;25;1;4218;42;18;True
2019-06-25 19:00:00+00:00;True;20.87;60.37;2.6;2019-06-25;2019;6;26;176;25;1;4219;43;19;True
2019-06-25 20:00:00+00:00;True;20.33;20.18;3.2;2019-06-25;2019;6;26;176;25;1;4220;44;20;True
2019-06-25 21:00:00+00:00;True;19.71;2.01;0.1;2019-06-25;2019;6;26;176;25;1;4221;45;21;True
2019-06-25 22:00:00+00:00;True;18.71;0.55;0.5;2019-06-25;2019;6;26;176;25;1;4222;46;22;True
2019-06-25 23:00:00+00:00;True;18.24;0.74;1.0;2019-06-25;2019;6;26;176;25;1;4223;47;23;True
2019-06-26 00:00:00+00:00;True;18.04;0.86;1.1;2019-06-26;2019;6;26;177;26;2;4224;48;0;True
2019-06-26 01:00:00+00:00;True;17.59;0.55;9.9;2019-06-26;2019;6;26;177;26;2;4225;49;1;True
2019-06-26 02:00:00+00:00;True;17.24;0.54;1.6;2019-06-26;2019;6;26;177;26;2;4226;50;2;True
2019-06-26 03:00:00+00:00;True;16.49;3.01;0.0;2019-06-26;2019;6;26;177;26;2;4227;51;3;True
2019-06-26 04:00:00+00:00;True;15.41;18.78;5.2;2019-06-26;2019;6;26;177;26;2;4228;52;4;True
2019-06-26 05:00:00+00:00;True;15.79;61.42;0.3;2019-06-26;2019;6;26;177;26;2;4229;53;5;True
2019-06-26 06:00:00+00:00;True;16.43;54.02;6.1;2019-06-26;2019;6;26;177;26;2;4230;54;6;True
2019-06-26 07:00:00+00:00;True;15.46;73.02;0.1;2019-06-26;2019;6;26;177;26;2;4231;55;7;True
2019-06-26 08:00:00+00:00;True;15.29;73.31;0.0;2019-06-26;2019;6;26;177;26;2;4232;56;8;True
2019-06-26 09:00:00+00:00;True;14.72;95.98;0.1;2019-06-26;2019;6;26;177;26;2;4233;57;9;True
2019-06-26 10:00:00+00:00;True;14.7;141.17;0.1;2019-06-26;2019;6;26;177;26;2;4234;58;10;True
2019-06-26 11:00:00+00:00;True;15.06;150.79;0.1;2019-06-26;2019;6;26;177;26;2;4235;59;11;True
2019-06-26 12:00:00+00:00;True;15.32;68.49;13.1;2019-06-26;2019;6;26;177;26;2;4236;60;12;True
2019-06-26 13:00:00+00:00;True;15.83;124.35;0.1;2019-06-26;2019;6;26;177;26;2;4237;61;13;True
2019-06-26 14:00:00+00:00;True;16.53;230.41;0.1;2019-06-26;2019;6;26;177;26;2;4238;62;14;True
2019-06-26 15:00:00+00:00;True;16.38;146.7;0.1;2019-06-26;2019;6;26;177;26;2;4239;63;15;True
2019-06-26 16:00:00+00:00;True;15.99;138.19;0.2;2019-06-26;2019;6;26;177;26;2;4240;64;16;True
2019-06-26 17:00:00+00:00;True;15.99;98.19;0.4;2019-06-26;2019;6;26;177;26;2;4241;65;17;True
2019-06-26 18:00:00+00:00;True;15.98;46.23;0.1;2019-06-26;2019;6;26;177;26;2;4242;66;18;True
2019-06-26 19:00:00+00:00;True;15.71;24.98;10.3;2019-06-26;2019;6;26;177;26;2;4243;67;19;True
2019-06-26 20:00:00+00:00;True;15.52;13.77;10.3;2019-06-26;2019;6;26;177;26;2;4244;68;20;True
2019-06-26 21:00:00+00:00;True;15.33;5.26;1.5;2019-06-26;2019;6;26;177;26;2;4245;69;21;True
2019-06-26 22:00:00+00:00;True;15.25;4.75;0.5;2019-06-26;2019;6;26;177;26;2;4246;70;22;True
2019-06-26 23:00:00+00:00;True;15.05;6.2;10.5;2019-06-26;2019;6;26;177;26;2;4247;71;23;True
2019-06-27 00:00:00+00:00;True;14.8;4.49;10.8;2019-06-27;2019;6;26;178;27;3;4248;72;0;True
2019-06-27 01:00:00+00:00;True;14.42;3.88;9.8;2019-06-27;2019;6;26;178;27;3;4249;73;1;True
2019-06-27 02:00:00+00:00;True;13.72;3.4;0.7;2019-06-27;2019;6;26;178;27;3;4250;74;2;True
2019-06-27 03:00:00+00:00;True;12.95;4.4;0.1;2019-06-27;2019;6;26;178;27;3;4251;75;3;True
2019-06-27 04:00:00+00:00;True;13.01;10.35;10.7;2019-06-27;2019;6;26;178;27;3;4252;76;4;True
2019-06-27 05:00:00+00:00;True;13.06;14.5;10.5;2019-06-27;2019;6;26;178;27;3;4253;77;5;True
2019-06-27 06:00:00+00:00;True;13.28;46.74;9.8;2019-06-27;2019;6;26;178;27;3;4254;78;6;True
2019-06-27 07:00:00+00:00;True;13.43;42.7;9.5;2019-06-27;2019;6;26;178;27;3;4255;79;7;True
2019-06-27 09:00:00+00:00;True;14.17;93.74;1.6;2019-06-27;2019;6;26;178;27;3;4257;81;9;True
2019-06-27 10:00:00+00:00;True;14.13;107.87;3.4;2019-06-27;2019;6;26;178;27;3;4258;82;10;True
2019-06-27 11:00:00+00:00;True;14.11;132.11;4.0;2019-06-27;2019;6;26;178;27;3;4259;83;11;True
2019-06-27 12:00:00+00:00;True;14.19;117.13;0.9;2019-06-27;2019;6;26;178;27;3;4260;84;12;True
2019-06-27 13:00:00+00:00;True;14.28;103.23;0.1;2019-06-27;2019;6;26;178;27;3;4261;85;13;True
2019-06-27 14:00:00+00:00;True;14.52;165.41;0.2;2019-06-27;2019;6;26;178;27;3;4262;86;14;True
2019-06-27 15:00:00+00:00;True;14.69;221.36;0.2;2019-06-27;2019;6;26;178;27;3;4263;87;15;True
2019-06-27 16:00:00+00:00;True;14.43;101.82;0.1;2019-06-27;2019;6;26;178;27;3;4264;88;16;True
2019-06-27 17:00:00+00:00;True;14.3;103.26;5.3;2019-06-27;2019;6;26;178;27;3;4265;89;17;True
2019-06-27 18:00:00+00:00;True;14.36;133.5;12.9;2019-06-27;2019;6;26;178;27;3;4266;90;18;True
2019-06-27 19:00:00+00:00;True;14.65;47.38;1.2;2019-06-27;2019;6;26;178;27;3;4267;91;19;True
2019-06-27 20:00:00+00:00;True;14.57;33.31;0.2;2019-06-27;2019;6;26;178;27;3;4268;92;20;True
2019-06-27 21:00:00+00:00;True;13.63;4.17;1.2;2019-06-27;2019;6;26;178;27;3;4269;93;21;True
2019-06-27 22:00:00+00:00;True;13.13;1.42;0.7;2019-06-27;2019;6;26;178;27;3;4270;94;22;True
2019-06-27 23:00:00+00:00;True;12.21;1.08;10.9;2019-06-27;2019;6;26;178;27;3;4271;95;23;True
2019-06-28 00:00:00+00:00;True;12.17;0.51;9.4;2019-06-28;2019;6;26;179;28;4;4272;96;0;True
2019-06-28 01:00:00+00:00;True;11.95;0.57;0.1;2019-06-28;2019;6;26;179;28;4;4273;97;1;True
2019-06-28 02:00:00+00:00;True;12.16;1.67;0.1;2019-06-28;2019;6;26;179;28;4;4274;98;2;True
2019-06-28 03:00:00+00:00;True;12.02;17.43;0.0;2019-06-28;2019;6;26;179;28;4;4275;99;3;True
2019-06-28 04:00:00+00:00;True;11.67;51.65;0.1;2019-06-28;2019;6;26;179;28;4;4276;100;4;True
2019-06-28 05:00:00+00:00;True;12.53;191.55;0.1;2019-06-28;2019;6;26;179;28;4;4277;101;5;True
2019-06-28 06:00:00+00:00;True;13.62;328.56;10.9;2019-06-28;2019;6;26;179;28;4;4278;102;6;True
2019-06-28 07:00:00+00:00;True;14.42;469.17;11.3;2019-06-28;2019;6;26;179;28;4;4279;103;7;True
2019-06-28 08:00:00+00:00;True;15.34;595.74;1.7;2019-06-28;2019;6;26;179;28;4;4280;104;8;True
2019-06-28 09:00:00+00:00;True;16.01;553.23;0.1;2019-06-28;2019;6;26;179;28;4;4281;105;9;True
2019-06-28 10:00:00+00:00;True;16.58;621.55;11.7;2019-06-28;2019;6;26;179;28;4;4282;106;10;True
2019-06-28 11:00:00+00:00;True;17.35;733.35;0.1;2019-06-28;2019;6;26;179;28;4;4283;107;11;True
2019-06-28 12:00:00+00:00;True;18.13;826.41;0.1;2019-06-28;2019;6;26;179;28;4;4284;108;12;True
2019-06-28 13:00:00+00:00;True;18.81;824.22;2.0;2019-06-28;2019;6;26;179;28;4;4285;109;13;True
2019-06-28 14:00:00+00:00;True;18.9;693.15;0.1;2019-06-28;2019;6;26;179;28;4;4286;110;14;True
2019-06-28 15:00:00+00:00;True;18.98;590.05;0.2;2019-06-28;2019;6;26;179;28;4;4287;111;15;True
2019-06-28 16:00:00+00:00;True;18.9;411.0;0.1;2019-06-28;2019;6;26;179;28;4;4288;112;16;True
2019-06-28 17:00:00+00:00;True;19.0;457.79;10.9;2019-06-28;2019;6;26;179;28;4;4289;113;17;True
2019-06-28 18:00:00+00:00;True;18.55;233.02;0.1;2019-06-28;2019;6;26;179;28;4;4290;114;18;True
2019-06-28 19:00:00+00:00;True;17.8;116.33;0.1;2019-06-28;2019;6;26;179;28;4;4291;115;19;True
2019-06-28 20:00:00+00:00;True;16.9;42.32;2.0;2019-06-28;2019;6;26;179;28;4;4292;116;20;True
2019-06-28 21:00:00+00:00;True;14.88;4.21;0.1;2019-06-28;2019;6;26;179;28;4;4293;117;21;True
2019-06-28 22:00:00+00:00;True;13.05;2.78;0.1;2019-06-28;2019;6;26;179;28;4;4294;118;22;True
2019-06-28 23:00:00+00:00;True;12.16;0.73;0.8;2019-06-28;2019;6;26;179;28;4;4295;119;23;True
2019-06-29 00:00:00+00:00;True;11.04;0.61;1.2;2019-06-29;2019;6;26;180;29;5;4296;120;0;False
2019-06-29 01:00:00+00:00;True;10.17;4.1;10.4;2019-06-29;2019;6;26;180;29;5;4297;121;1;False
2019-06-29 02:00:00+00:00;True;9.32;3.33;2.0;2019-06-29;2019;6;26;180;29;5;4298;122;2;False
2019-06-29 03:00:00+00:00;True;8.63;15.1;1.2;2019-06-29;2019;6;26;180;29;5;4299;123;3;False
2019-06-29 04:00:00+00:00;True;8.53;86.36;1.5;2019-06-29;2019;6;26;180;29;5;4300;124;4;False
2019-06-29 05:00:00+00:00;True;9.53;211.85;0.1;2019-06-29;2019;6;26;180;29;5;4301;125;5;False
2019-06-29 06:00:00+00:00;True;11.45;345.88;0.0;2019-06-29;2019;6;26;180;29;5;4302;126;6;False
2019-06-29 07:00:00+00:00;True;13.54;455.38;11.1;2019-06-29;2019;6;26;180;29;5;4303;127;7;False
2019-06-29 08:00:00+00:00;True;14.91;612.32;14.7;2019-06-29;2019;6;26;180;29;5;4304;128;8;False
2019-06-29 09:00:00+00:00;True;15.35;524.56;11.5;2019-06-29;2019;6;26;180;29;5;4305;129;9;False
2019-06-29 10:00:00+00:00;True;15.42;608.22;1.6;2019-06-29;2019;6;26;180;29;5;4306;130;10;False
2019-06-29 11:00:00+00:00;True;16.71;859.95;0.0;2019-06-29;2019;6;26;180;29;5;4307;131;11;False
2019-06-29 12:00:00+00:00;True;17.21;697.24;3.0;2019-06-29;2019;6;26;180;29;5;4308;132;12;False
2019-06-29 13:00:00+00:00;True;16.99;651.63;8.6;2019-06-29;2019;6;26;180;29;5;4309;133;13;False
2019-06-29 14:00:00+00:00;True;17.73;575.44;1.7;2019-06-29;2019;6;26;180;29;5;4310;134;14;False
2019-06-29 15:00:00+00:00;True;18.28;503.21;0.1;2019-06-29;2019;6;26;180;29;5;4311;135;15;False
2019-06-29 16:00:00+00:00;True;18.42;359.05;0.0;2019-06-29;2019;6;26;180;29;5;4312;136;16;False
2019-06-29 17:00:00+00:00;True;18.27;207.49;3.1;2019-06-29;2019;6;26;180;29;5;4313;137;17;False
2019-06-29 18:00:00+00:00;True;18.46;159.0;0.1;2019-06-29;2019;6;26;180;29;5;4314;138;18;False
2019-06-29 19:00:00+00:00;True;18.41;131.62;0.1;2019-06-29;2019;6;26;180;29;5;4315;139;19;False
2019-06-29 20:00:00+00:00;True;17.71;34.5;0.1;2019-06-29;2019;6;26;180;29;5;4316;140;20;False
2019-06-29 21:00:00+00:00;True;16.83;6.77;0.1;2019-06-29;2019;6;26;180;29;5;4317;141;21;False
2019-06-29 22:00:00+00:00;True;16.34;1.05;10.6;2019-06-29;2019;6;26;180;29;5;4318;142;22;False
2019-06-29 23:00:00+00:00;True;15.51;1.1;0.9;2019-06-29;2019;6;26;180;29;5;4319;143;23;False
2019-06-30 00:00:00+00:00;True;14.73;1.18;9.3;2019-06-30;2019;6;26;181;30;6;4320;144;0;False
2019-06-30 01:00:00+00:00;True;14.08;1.04;2.8;2019-06-30;2019;6;26;181;30;6;4321;145;1;False
2019-06-30 02:00:00+00:00;True;13.82;1.25;4.6;2019-06-30;2019;6;26;181;30;6;4322;146;2;False
2019-06-30 03:00:00+00:00;True;13.73;14.31;2.0;2019-06-30;2019;6;26;181;30;6;4323;147;3;False
2019-06-30 04:00:00+00:00;True;13.93;65.34;0.1;2019-06-30;2019;6;26;181;30;6;4324;148;4;False
2019-06-30 05:00:00+00:00;True;14.33;78.96;11.3;2019-06-30;2019;6;26;181;30;6;4325;149;5;False
2019-06-30 06:00:00+00:00;True;14.74;99.27;9.0;2019-06-30;2019;6;26;181;30;6;4326;150;6;False
2019-06-30 07:00:00+00:00;True;15.7;224.71;2.9;2019-06-30;2019;6;26;181;30;6;4327;151;7;False
2019-06-30 08:00:00+00:00;True;16.8;335.77;9.4;2019-06-30;2019;6;26;181;30;6;4328;152;8;False
2019-06-30 09:00:00+00:00;True;18.45;684.5;0.6;2019-06-30;2019;6;26;181;30;6;4329;153;9;False
2019-06-30 10:00:00+00:00;True;19.52;518.3;0.1;2019-06-30;2019;6;26;181;30;6;4330;154;10;False
2019-06-30 11:00:00+00:00;True;20.09;644.73;0.1;2019-06-30;2019;6;26;181;30;6;4331;155;11;False
2019-06-30 12:00:00+00:00;True;20.56;717.69;0.1;2019-06-30;2019;6;26;181;30;6;4332;156;12;False
2019-06-30 13:00:00+00:00;True;21.7;800.76;0.8;2019-06-30;2019;6;26;181;30;6;4333;157;13;False
2019-06-30 14:00:00+00:00;True;22.75;726.67;0.1;2019-06-30;2019;6;26;181;30;6;4334;158;14;False
2019-06-30 15:00:00+00:00;True;23.2;625.03;0.1;2019-06-30;2019;6;26;181;30;6;4335;159;15;False
2019-06-30 16:00:00+00:00;True;23.63;450.24;0.1;2019-06-30;2019;6;26;181;30;6;4336;160;16;False
2019-06-30 17:00:00+00:00;True;24.16;262.77;0.1;2019-06-30;2019;6;26;181;30;6;4337;161;17;False
2019-06-30 18:00:00+00:00;True;24.9;239.39;1.2;2019-06-30;2019;6;26;181;30;6;4338;162;18;False
2019-06-30 19:00:00+00:00;True;24.73;114.81;10.2;2019-06-30;2019;6;26;181;30;6;4339;163;19;False
2019-06-30 20:00:00+00:00;True;23.85;29.99;3.0;2019-06-30;2019;6;26;181;30;6;4340;164;20;False
2019-06-30 21:00:00+00:00;True;22.52;3.46;0.0;2019-06-30;2019;6;26;181;30;6;4341;165;21;False
2019-06-30 22:00:00+00:00;True;21.3;0.42;10.8;2019-06-30;2019;6;26;181;30;6;4342;166;22;False
2019-06-30 23:00:00+00:00;True;20.8;0.06;1.4;2019-06-30;2019;6;26;181;30;6;4343;167;23;False
2019-07-01 00:00:00+00:00;True;20.04;0.44;0.1;2019-07-01;2019;7;27;182;1;0;4344;0;0;True
2019-07-01 01:00:00+00:00;True;20.12;0.15;0.1;2019-07-01;2019;7;27;182;1;0;4345;1;1;True
2019-07-01 02:00:00+00:00;True;20.06;0.51;0.7;2019-07-01;2019;7;27;182;1;0;4346;2;2;True
2019-07-01 03:00:00+00:00;True;19.81;19.36;7.7;2019-07-01;2019;7;27;182;1;0;4347;3;3;True
2019-07-01 04:00:00+00:00;True;20.22;51.28;3.7;2019-07-01;2019;7;27;182;1;0;4348;4;4;True
2019-07-01 05:00:00+00:00;True;20.31;160.06;0.0;2019-07-01;2019;7;27;182;1;0;4349;5;5;True
2019-07-01 06:00:00+00:00;True;20.56;297.09;0.0;2019-07-01;2019;7;27;182;1;0;4350;6;6;True
2019-07-01 07:00:00+00:00;True;20.98;427.46;5.2;2019-07-01;2019;7;27;182;1;0;4351;7;7;True
2019-07-01 08:00:00+00:00;True;21.36;580.6;9.3;2019-07-01;2019;7;27;182;1;0;4352;8;8;True
2019-07-01 09:00:00+00:00;True;21.62;698.2;0.1;2019-07-01;2019;7;27;182;1;0;4353;9;9;True
2019-07-01 10:00:00+00:00;True;21.82;784.1;9.1;2019-07-01;2019;7;27;182;1;0;4354;10;10;True
2019-07-01 11:00:00+00:00;True;21.55;831.31;10.4;2019-07-01;2019;7;27;182;1;0;4355;11;11;True
2019-07-01 12:00:00+00:00;True;21.15;811.85;0.6;2019-07-01;2019;7;27;182;1;0;4356;12;12;True
2019-07-01 13:00:00+00:00;True;20.93;827.74;11.2;2019-07-01;2019;7;27;182;1;0;4357;13;13;True
2019-07-01 14:00:00+00:00;True;20.76;650.61;3.3;2019-07-01;2019;7;27;182;1;0;4358;14;14;True
2019-07-01 15:00:00+00:00;True;20.48;625.71;0.1;2019-07-01;2019;7;27;182;1;0;4359;15;15;True
2019-07-01 16:00:00+00:00;True;20.29;523.93;3.4;2019-07-01;2019;7;27;182;1;0;4360;16;16;True
2019-07-01 17:00:00+00:00;True;19.93;382.84;11.6;2019-07-01;2019;7;27;182;1;0;4361;17;17;True
2019-07-01 18:00:00+00:00;True;19.73;273.64;12.2;2019-07-01;2019;7;27;182;1;0;4362;18;18;True
2019-07-01 19:00:00+00:00;True;18.7;100.86;10.2;2019-07-01;2019;7;27;182;1;0;4363;19;19;True
2019-07-01 20:00:00+00:00;True;17.84;30.2;0.1;2019-07-01;2019;7;27;182;1;0;4364;20;20;True
2019-07-01 21:00:00+00:00;True;17.12;7.59;9.9;2019-07-01;2019;7;27;182;1;0;4365;21;21;True
2019-07-01 22:00:00+00:00;True;15.93;2.15;0.3;2019-07-01;2019;7;27;182;1;0;4366;22;22;True
2019-07-01 23:00:00+00:00;True;15.16;0.45;8.8;2019-07-01;2019;7;27;182;1;0;4367;23;23;True
2019-07-02 00:00:00+00:00;True;15.04;1.29;0.1;2019-07-02;2019;7;27;183;2;1;4368;24;0;True
2019-07-02 01:00:00+00:00;True;14.85;1.45;1.3;2019-07-02;2019;7;27;183;2;1;4369;25;1;True
2019-07-02 02:00:00+00:00;True;14.46;0.56;8.6;2019-07-02;2019;7;27;183;2;1;4370;26;2;True
2019-07-02 03:00:00+00:00;True;14.46;18.24;10.1;2019-07-02;2019;7;27;183;2;1;4371;27;3;True
2019-07-02 04:00:00+00:00;True;14.33;49.36;3.8;2019-07-02;2019;7;27;183;2;1;4372;28;4;True
2019-07-02 05:00:00+00:00;True;14.53;118.19;9.6;2019-07-02;2019;7;27;183;2;1;4373;29;5;True
2019-07-02 06:00:00+00:00;True;15.38;232.14;10.3;2019-07-02;2019;7;27;183;2;1;4374;30;6;True
2019-07-02 07:00:00+00:00;True;16.12;351.08;11.8;2019-07-02;2019;7;27;183;2;1;4375;31;7;True
2019-07-02 08:00:00+00:00;True;16.95;482.82;0.1;2019-07-02;2019;7;27;183;2;1;4376;32;8;True
2019-07-02 09:00:00+00:00;True;17.64;524.79;0.1;2019-07-02;2019;7;27;183;2;1;4377;33;9;True
2019-07-02 10:00:00+00:00;True;16.45;450.22;9.7;2019-07-02;2019;7;27;183;2;1;4378;34;10;True
2019-07-02 11:00:00+00:00;True;17.55;634.41;0.1;2019-07-02;2019;7;27;183;2;1;4379;35;11;True
2019-07-02 12:00:00+00:00;True;18.75;668.91;3.4;2019-07-02;2019;7;27;183;2;1;4380;36;12;True
2019-07-02 13:00:00+00:00;True;18.37;561.24;9.1;2019-07-02;2019;7;27;183;2;1;4381;37;13;True
2019-07-02 14:00:00+00:00;True;19.19;742.99;0.1;2019-07-02;2019;7;27;183;2;1;4382;38;14;True
2019-07-02 15:00:00+00:00;True;19.11;621.97;10.8;2019-07-02;2019;7;27;183;2;1;4383;39;15;True
2019-07-02 16:00:00+00:00;True;19.07;441.49;3.5;2019-07-02;2019;7;27;183;2;1;4384;40;16;True
2019-07-02 17:00:00+00:00;True;18.08;279.9;49.3;2019-07-02;2019;7;27;183;2;1;4385;41;17;True
2019-07-02 18:00:00+00:00;True;17.05;73.65;13.2;2019-07-02;2019;7;27;183;2;1;4386;42;18;True
2019-07-02 19:00:00+00:00;True;15.12;72.01;13.0;2019-07-02;2019;7;27;183;2;1;4387;43;19;True
2019-07-02 20:00:00+00:00;True;13.92;24.19;0.5;2019-07-02;2019;7;27;183;2;1;4388;44;20;True
2019-07-02 21:00:00+00:00;True;13.47;2.44;0.1;2019-07-02;2019;7;27;183;2;1;4389;45;21;True
2019-07-02 22:00:00+00:00;True;13.31;1.14;2.7;2019-07-02;2019;7;27;183;2;1;4390;46;22;True
2019-07-02 23:00:00+00:00;True;13.01;2.45;0.2;2019-07-02;2019;7;27;183;2;1;4391;47;23;True
2019-07-03 00:00:00+00:00;True;12.82;5.6;0.0;2019-07-03;2019;7;27;184;3;2;4392;48;0;True
2019-07-03 01:00:00+00:00;True;12.94;5.2;5.3;2019-07-03;2019;7;27;184;3;2;4393;49;1;True
2019-07-03 02:00:00+00:00;True;12.82;1.66;0.7;2019-07-03;2019;7;27;184;3;2;4394;50;2;True
2019-07-03 03:00:00+00:00;True;12.5;4.19;5.4;2019-07-03;2019;7;27;184;3;2;4395;51;3;True
2019-07-03 04:00:00+00:00;True;11.88;13.19;9.4;2019-07-03;2019;7;27;184;3;2;4396;52;4;True
2019-07-03 05:00:00+00:00;True;11.52;21.74;0.0;2019-07-03;2019;7;27;184;3;2;4397;53;5;True
2019-07-03 06:00:00+00:00;True;11.03;31.75;0.7;2019-07-03;2019;7;27;184;3;2;4398;54;6;True
2019-07-03 07:00:00+00:00;True;10.58;49.0;2.6;2019-07-03;2019;7;27;184;3;2;4399;55;7;True
2019-07-03 08:00:00+00:00;True;11.11;211.14;3.2;2019-07-03;2019;7;27;184;3;2;4400;56;8;True
2019-07-03 09:00:00+00:00;True;12.26;360.54;5.0;2019-07-03;2019;7;27;184;3;2;4401;57;9;True
2019-07-03 10:00:00+00:00;True;13.22;428.28;1.4;2019-07-03;2019;7;27;184;3;2;4402;58;10;True
2019-07-03 11:00:00+00:00;True;13.88;325.09;4.5;2019-07-03;2019;7;27;184;3;2;4403;59;11;True
2019-07-03 12:00:00+00:00;True;14.64;316.1;13.1;2019-07-03;2019;7;27;184;3;2;4404;60;12;True
2019-07-03 13:00:00+00:00;True;15.37;287.67;0.1;2019-07-03;2019;7;27;184;3;2;4405;61;13;True
2019-07-03 14:00:00+00:00;True;15.8;352.37;12.0;2019-07-03;2019;7;27;184;3;2;4406;62;14;True
2019-07-03 15:00:00+00:00;True;15.36;228.7;0.1;2019-07-03;2019;7;27;184;3;2;4407;63;15;True
2019-07-03 16:00:00+00:00;True;14.1;89.61;5.2;2019-07-03;2019;7;27;184;3;2;4408;64;16;True
2019-07-03 17:00:00+00:00;True;13.93;76.14;11.7;2019-07-03;2019;7;27;184;3;2;4409;65;17;True
2019-07-03 18:00:00+00:00;True;14.18;81.46;9.8;2019-07-03;2019;7;27;184;3;2;4410;66;18;True
2019-07-03 19:00:00+00:00;True;14.13;39.84;0.1;2019-07-03;2019;7;27;184;3;2;4411;67;19;True
2019-07-03 20:00:00+00:00;True;13.84;16.11;0.7;2019-07-03;2019;7;27;184;3;2;4412;68;20;True
2019-07-03 21:00:00+00:00;True;13.27;4.97;2.3;2019-07-03;2019;7;27;184;3;2;4413;69;21;True
2019-07-03 22:00:00+00:00;True;12.55;2.91;10.6;2019-07-03;2019;7;27;184;3;2;4414;70;22;True
2019-07-03 23:00:00+00:00;True;11.79;1.41;11.0;2019-07-03;2019;7;27;184;3;2;4415;71;23;True
2019-07-04 00:00:00+00:00;True;11.36;1.42;10.6;2019-07-04;2019;7;27;185;4;3;4416;72;0;True
2019-07-04 01:00:00+00:00;True;11.0;1.03;2.9;2019-07-04;2019;7;27;185;4;3;4417;73;1;True
2019-07-04 02:00:00+00:00;True;10.85;1.23;11.4;2019-07-04;2019;7;27;185;4;3;4418;74;2;True
2019-07-04 03:00:00+00:00;True;10.99;4.39;11.9;2019-07-04;2019;7;27;185;4;3;4419;75;3;True
2019-07-04 04:00:00+00:00;True;10.7;30.12;0.2;2019-07-04;2019;7;27;185;4;3;4420;76;4;True
2019-07-04 05:00:00+00:00;True;10.68;86.98;1.5;2019-07-04;2019;7;27;185;4;3;4421;77;5;True
2019-07-04 06:00:00+00:00;True;10.87;153.1;0.1;2019-07-04;2019;7;27;185;4;3;4422;78;6;True
2019-07-04 07:00:00+00:00;True;11.15;289.91;0.0;2019-07-04;2019;7;27;185;4;3;4423;79;7;True
2019-07-04 08:00:00+00:00;True;12.13;552.84;10.2;2019-07-04;2019;7;27;185;4;3;4424;80;8;True
2019-07-04 09:00:00+00:00;True;13.36;634.46;12.4;2019-07-04;2019;7;27;185;4;3;4425;81;9;True
2019-07-04 10:00:00+00:00;True;14.45;751.59;0.1;2019-07-04;2019;7;27;185;4;3;4426;82;10;True
2019-07-04 11:00:00+00:00;True;15.32;881.95;2.8;2019-07-04;2019;7;27;185;4;3;4427;83;11;True
2019-07-04 12:00:00+00:00;True;15.6;590.36;13.6;2019-07-04;2019;7;27;185;4;3;4428;84;12;True
2019-07-04 13:00:00+00:00;True;16.29;699.44;11.9;2019-07-04;2019;7;27;185;4;3;4429;85;13;True
2019-07-04 14:00:00+00:00;True;17.1;808.0;2.9;2019-07-04;2019;7;27;185;4;3;4430;86;14;True
2019-07-04 15:00:00+00:00;True;16.99;491.16;0.2;2019-07-04;2019;7;27;185;4;3;4431;87;15;True
2019-07-04 16:00:00+00:00;True;16.26;259.11;10.1;2019-07-04;2019;7;27;185;4;3;4432;88;16;True
2019-07-04 17:00:00+00:00;True;16.29;357.01;12.2;2019-07-04;2019;7;27;185;4;3;4433;89;17;True
2019-07-04 18:00:00+00:00;True;15.53;182.07;0.1;2019-07-04;2019;7;27;185;4;3;4434;90;18;True
2019-07-04 19:00:00+00:00;True;14.86;132.83;0.1;2019-07-04;2019;7;27;185;4;3;4435;91;19;True
2019-07-04 20:00:00+00:00;True;13.67;17.61;11.1;2019-07-04;2019;7;27;185;4;3;4436;92;20;True
2019-07-04 21:00:00+00:00;True;12.99;2.91;1.1;2019-07-04;2019;7;27;185;4;3;4437;93;21;True
2019-07-04 22:00:00+00:00;True;12.37;1.83;3.1;2019-07-04;2019;7;27;185;4;3;4438;94;22;True
2019-07-04 23:00:00+00:00;True;11.8;1.23;12.0;2019-07-04;2019;7;27;185;4;3;4439;95;23;True
2019-07-05 00:00:00+00:00;True;10.84;1.5;11.4;2019-07-05;2019;7;27;186;5;4;4440;96;0;True
2019-07-05 01:00:00+00:00;True;10.52;1.16;0.1;2019-07-05;2019;7;27;186;5;4;4441;97;1;True
2019-07-05 02:00:00+00:00;True;10.48;1.08;0.1;2019-07-05;2019;7;27;186;5;4;4442;98;2;True
2019-07-05 03:00:00+00:00;True;10.55;3.53;1.4;2019-07-05;2019;7;27;186;5;4;4443;99;3;True
2019-07-05 04:00:00+00:00;True;10.09;20.84;0.1;2019-07-05;2019;7;27;186;5;4;4444;100;4;True
2019-07-05 05:00:00+00:00;True;10.38;48.5;2.5;2019-07-05;2019;7;27;186;5;4;4445;101;5;True
2019-07-05 06:00:00+00:00;True;11.1;51.18;0.1;2019-07-05;2019;7;27;186;5;4;4446;102;6;True
2019-07-05 07:00:00+00:00;True;11.42;93.97;0.1;2019-07-05;2019;7;27;186;5;4;4447;103;7;True
2019-07-05 08:00:00+00:00;True;11.68;258.93;14.9;2019-07-05;2019;7;27;186;5;4;4448;104;8;True
2019-07-05 09:00:00+00:00;True;13.26;364.16;2.5;2019-07-05;2019;7;27;186;5;4;4449;105;9;True
2019-07-05 10:00:00+00:00;True;12.84;104.89;1.2;2019-07-05;2019;7;27;186;5;4;4450;106;10;True
2019-07-05 11:00:00+00:00;True;13.18;300.16;7.0;2019-07-05;2019;7;27;186;5;4;4451;107;11;True
2019-07-05 12:00:00+00:00;True;12.85;376.26;10.5;2019-07-05;2019;7;27;186;5;4;4452;108;12;True
2019-07-05 13:00:00+00:00;True;13.74;810.85;12.3;2019-07-05;2019;7;27;186;5;4;4453;109;13;True
2019-07-05 14:00:00+00:00;True;14.19;582.4;2.8;2019-07-05;2019;7;27;186;5;4;4454;110;14;True
2019-07-05 15:00:00+00:00;True;13.54;278.79;1.2;2019-07-05;2019;7;27;186;5;4;4455;111;15;True
2019-07-05 16:00:00+00:00;True;10.61;255.31;14.0;2019-07-05;2019;7;27;186;5;4;4456;112;16;True
2019-07-05 17:00:00+00:00;True;11.3;191.68;1.3;2019-07-05;2019;7;27;186;5;4;4457;113;17;True
2019-07-05 18:00:00+00:00;True;11.07;182.02;1.1;2019-07-05;2019;7;27;186;5;4;4458;114;18;True
2019-07-05 19:00:00+00:00;True;10.87;53.91;1.2;2019-07-05;2019;7;27;186;5;4;4459;115;19;True
2019-07-05 20:00:00+00:00;True;10.61;25.44;1.2;2019-07-05;2019;7;27;186;5;4;4460;116;20;True
2019-07-05 21:00:00+00:00;True;10.22;1.95;1.5;2019-07-05;2019;7;27;186;5;4;4461;117;21;True
2019-07-05 22:00:00+00:00;True;9.72;1.61;8.5;2019-07-05;2019;7;27;186;5;4;4462;118;22;True
2019-07-05 23:00:00+00:00;True;9.49;1.94;0.1;2019-07-05;2019;7;27;186;5;4;4463;119;23;True
2019-07-06 00:00:00+00:00;True;9.5;1.57;0.1;2019-07-06;2019;7;27;187;6;5;4464;120;0;False
2019-07-06 01:00:00+00:00;True;9.15;1.02;0.1;2019-07-06;2019;7;27;187;6;5;4465;121;1;False
2019-07-06 02:00:00+00:00;True;8.92;1.14;0.1;2019-07-06;2019;7;27;187;6;5;4466;122;2;False
2019-07-06 03:00:00+00:00;True;8.93;5.21;1.1;2019-07-06;2019;7;27;187;6;5;4467;123;3;False
2019-07-06 04:00:00+00:00;True;9.03;22.54;1.9;2019-07-06;2019;7;27;187;6;5;4468;124;4;False
2019-07-06 05:00:00+00:00;True;9.22;69.79;0.1;2019-07-06;2019;7;27;187;6;5;4469;125;5;False
2019-07-06 06:00:00+00:00;True;9.92;155.01;0.0;2019-07-06;2019;7;27;187;6;5;4470;126;6;False
2019-07-06 07:00:00+00:00;True;10.51;154.11;8.3;2019-07-06;2019;7;27;187;6;5;4471;127;7;False
2019-07-06 08:00:00+00:00;True;10.73;167.54;3.6;2019-07-06;2019;7;27;187;6;5;4472;128;8;False
2019-07-06 09:00:00+00:00;True;10.21;92.4;14.5;2019-07-06;2019;7;27;187;6;5;4473;129;9;False
2019-07-06 10:00:00+00:00;True;10.43;125.99;1.8;2019-07-06;2019;7;27;187;6;5;4474;130;10;False
2019-07-06 11:00:00+00:00;True;10.47;151.81;3.0;2019-07-06;2019;7;27;187;6;5;4475;131;11;False
2019-07-06 12:00:00+00:00;True;10.78;186.76;1.9;2019-07-06;2019;7;27;187;6;5;4476;132;12;False
2019-07-06 13:00:00+00:00;True;10.73;93.52;5.4;2019-07-06;2019;7;27;187;6;5;4477;133;13;False
2019-07-06 14:00:00+00:00;True;10.89;244.61;11.9;2019-07-06;2019;7;27;187;6;5;4478;134;14;False
2019-07-06 15:00:00+00:00;True;11.79;313.92;10.7;2019-07-06;2019;7;27;187;6;5;4479;135;15;False
2019-07-06 16:00:00+00:00;True;12.09;158.19;1.7;2019-07-06;2019;7;27;187;6;5;4480;136;16;False
2019-07-06 17:00:00+00:00;True;12.43;108.35;4.1;2019-07-06;2019;7;27;187;6;5;4481;137;17;False
2019-07-06 18:00:00+00:00;True;12.9;39.04;3.4;2019-07-06;2019;7;27;187;6;5;4482;138;18;False
2019-07-06 19:00:00+00:00;True;12.91;15.24;1.3;2019-07-06;2019;7;27;187;6;5;4483;139;19;False
2019-07-06 20:00:00+00:00;True;12.39;11.99;10.9;2019-07-06;2019;7;27;187;6;5;4484;140;20;False
2019-07-06 21:00:00+00:00;True;11.88;2.94;1.2;2019-07-06;2019;7;27;187;6;5;4485;141;21;False
2019-07-06 22:00:00+00:00;True;11.69;0.21;2.9;2019-07-06;2019;7;27;187;6;5;4486;142;22;False
2019-07-06 23:00:00+00:00;True;11.48;2.35;10.8;2019-07-06;2019;7;27;187;6;5;4487;143;23;False
2019-07-07 00:00:00+00:00;True;11.61;3.84;5.6;2019-07-07;2019;7;27;188;7;6;4488;144;0;False
2019-07-07 01:00:00+00:00;True;11.45;1.73;0.1;2019-07-07;2019;7;27;188;7;6;4489;145;1;False
2019-07-07 02:00:00+00:00;True;11.46;0.64;10.3;2019-07-07;2019;7;27;188;7;6;4490;146;2;False
2019-07-07 03:00:00+00:00;True;11.32;4.74;2.2;2019-07-07;2019;7;27;188;7;6;4491;147;3;False
2019-07-07 04:00:00+00:00;True;11.08;34.69;10.1;2019-07-07;2019;7;27;188;7;6;4492;148;4;False
2019-07-07 05:00:00+00:00;True;11.29;97.27;1.9;2019-07-07;2019;7;27;188;7;6;4493;149;5;False
2019-07-07 06:00:00+00:00;True;12.57;232.76;1.4;2019-07-07;2019;7;27;188;7;6;4494;150;6;False
2019-07-07 07:00:00+00:00;True;13.37;266.02;6.8;2019-07-07;2019;7;27;188;7;6;4495;151;7;False
2019-07-07 08:00:00+00:00;True;14.52;394.3;1.8;2019-07-07;2019;7;27;188;7;6;4496;152;8;False
2019-07-07 09:00:00+00:00;True;15.65;409.78;3.1;2019-07-07;2019;7;27;188;7;6;4497;153;9;False
2019-07-07 10:00:00+00:00;True;16.23;240.18;2.9;2019-07-07;2019;7;27;188;7;6;4498;154;10;False
2019-07-07 11:00:00+00:00;True;14.92;211.89;11.7;2019-07-07;2019;7;27;188;7;6;4499;155;11;False
2019-07-07 12:00:00+00:00;True;15.49;635.74;0.1;2019-07-07;2019;7;27;188;7;6;4500;156;12;False
2019-07-07 13:00:00+00:00;True;15.39;501.61;0.1;2019-07-07;2019;7;27;188;7;6;4501;157;13;False
2019-07-07 14:00:00+00:00;True;16.32;823.25;0.1;2019-07-07;2019;7;27;188;7;6;4502;158;14;False
2019-07-07 15:00:00+00:00;True;16.96;476.17;0.1;2019-07-07;2019;7;27;188;7;6;4503;159;15;False
2019-07-07 16:00:00+00:00;True;17.31;375.07;10.6;2019-07-07;2019;7;27;188;7;6;4504;160;16;False
2019-07-07 17:00:00+00:00;True;17.21;237.52;0.1;2019-07-07;2019;7;27;188;7;6;4505;161;17;False
2019-07-07 18:00:00+00:00;True;16.36;82.04;0.0;2019-07-07;2019;7;27;188;7;6;4506;162;18;False
2019-07-07 19:00:00+00:00;True;14.07;36.59;10.6;2019-07-07;2019;7;27;188;7;6;4507;163;19;False
2019-07-07 20:00:00+00:00;True;13.22;27.68;0.4;2019-07-07;2019;7;27;188;7;6;4508;164;20;False
2019-07-07 21:00:00+00:00;True;12.64;3.82;12.6;2019-07-07;2019;7;27;188;7;6;4509;165;21;False
2019-07-07 22:00:00+00:00;True;12.47;2.33;0.7;2019-07-07;2019;7;27;188;7;6;4510;166;22;False
2019-07-07 23:00:00+00:00;True;12.27;3.15;0.0;2019-07-07;2019;7;27;188;7;6;4511;167;23;False
2019-07-08 00:00:00+00:00;True;12.03;0.37;0.1;2019-07-08;2019;7;28;189;8;0;4512;0;0;True
2019-07-08 01:00:00+00:00;True;11.82;0.19;4.1;2019-07-08;2019;7;28;189;8;0;4513;1;1;True
2019-07-08 02:00:00+00:00;True;11.9;0.39;13.2;2019-07-08;2019;7;28;189;8;0;4514;2;2;True
2019-07-08 04:00:00+00:00;True;11.72;21.45;0.1;2019-07-08;2019;7;28;189;8;0;4516;4;4;True
2019-07-08 05:00:00+00:00;True;12.49;208.26;0.1;2019-07-08;2019;7;28;189;8;0;4517;5;5;True
2019-07-08 06:00:00+00:00;True;13.81;337.55;12.3;2019-07-08;2019;7;28;189;8;0;4518;6;6;True
2019-07-08 07:00:00+00:00;True;14.47;393.39;0.1;2019-07-08;2019;7;28;189;8;0;4519;7;7;True
2019-07-08 08:00:00+00:00;True;15.04;356.85;6.1;2019-07-08;2019;7;28;189;8;0;4520;8;8;True
2019-07-08 09:00:00+00:00;True;16.08;734.5;0.1;2019-07-08;2019;7;28;189;8;0;4521;9;9;True
2019-07-08 10:00:00+00:00;True;16.76;482.71;0.1;2019-07-08;2019;7;28;189;8;0;4522;10;10;True
2019-07-08 11:00:00+00:00;True;17.0;728.96;7.2;2019-07-08;2019;7;28;189;8;0;4523;11;11;True
2019-07-08 12:00:00+00:00;True;17.54;763.85;0.1;2019-07-08;2019;7;28;189;8;0;4524;12;12;True
2019-07-08 13:00:00+00:00;True;18.26;780.85;0.3;2019-07-08;2019;7;28;189;8;0;4525;13;13;True
2019-07-08 14:00:00+00:00;True;18.2;638.79;4.8;2019-07-08;2019;7;28;189;8;0;4526;14;14;True
2019-07-08 15:00:00+00:00;True;18.54;679.9;0.2;2019-07-08;2019;7;28;189;8;0;4527;15;15;True
2019-07-08 16:00:00+00:00;True;18.23;383.95;10.3;2019-07-08;2019;7;28;189;8;0;4528;16;16;True
2019-07-08 17:00:00+00:00;True;17.38;315.03;0.1;2019-07-08;2019;7;28;189;8;0;4529;17;17;True
2019-07-08 18:00:00+00:00;True;15.79;151.2;0.0;2019-07-08;2019;7;28;189;8;0;4530;18;18;True
2019-07-08 19:00:00+00:00;True;15.5;126.98;2.4;2019-07-08;2019;7;28;189;8;0;4531;19;19;True
2019-07-08 20:00:00+00:00;True;15.22;30.77;8.2;2019-07-08;2019;7;28;189;8;0;4532;20;20;True
2019-07-08 21:00:00+00:00;True;14.24;1.45;0.7;2019-07-08;2019;7;28;189;8;0;4533;21;21;True
2019-07-08 22:00:00+00:00;True;13.13;0.04;1.0;2019-07-08;2019;7;28;189;8;0;4534;22;22;True
2019-07-08 23:00:00+00:00;True;12.55;0.49;11.4;2019-07-08;2019;7;28;189;8;0;4535;23;23;True
2019-07-09 00:00:00+00:00;True;12.42;0.43;0.0;2019-07-09;2019;7;28;190;9;1;4536;24;0;True
2019-07-09 01:00:00+00:00;True;11.85;0.14;0.1;2019-07-09;2019;7;28;190;9;1;4537;25;1;True
2019-07-09 02:00:00+00:00;True;11.49;0.34;1.5;2019-07-09;2019;7;28;190;9;1;4538;26;2;True
2019-07-09 03:00:00+00:00;True;11.14;6.49;0.1;2019-07-09;2019;7;28;190;9;1;4539;27;3;True
2019-07-09 04:00:00+00:00;True;11.29;39.47;0.8;2019-07-09;2019;7;28;190;9;1;4540;28;4;True
2019-07-09 05:00:00+00:00;True;12.05;97.61;0.1;2019-07-09;2019;7;28;190;9;1;4541;29;5;True
2019-07-09 06:00:00+00:00;True;12.89;175.05;0.1;2019-07-09;2019;7;28;190;9;1;4542;30;6;True
2019-07-09 07:00:00+00:00;True;13.71;201.81;10.5;2019-07-09;2019;7;28;190;9;1;4543;31;7;True
2019-07-09 08:00:00+00:00;True;15.0;349.05;12.7;2019-07-09;2019;7;28;190;9;1;4544;32;8;True
2019-07-09 09:00:00+00:00;True;14.18;261.34;0.1;2019-07-09;2019;7;28;190;9;1;4545;33;9;True
2019-07-09 10:00:00+00:00;True;13.53;365.15;0.1;2019-07-09;2019;7;28;190;9;1;4546;34;10;True
2019-07-09 11:00:00+00:00;True;14.29;304.09;2.4;2019-07-09;2019;7;28;190;9;1;4547;35;11;True
2019-07-09 12:00:00+00:00;True;14.73;435.77;3.7;2019-07-09;2019;7;28;190;9;1;4548;36;12;True
2019-07-09 13:00:00+00:00;True;14.73;313.02;0.1;2019-07-09;2019;7;28;190;9;1;4549;37;13;True
2019-07-09 14:00:00+00:00;True;14.69;269.6;5.2;2019-07-09;2019;7;28;190;9;1;4550;38;14;True
2019-07-09 15:00:00+00:00;True;14.57;299.68;1.0;2019-07-09;2019;7;28;190;9;1;4551;39;15;True
2019-07-09 16:00:00+00:00;True;15.76;473.18;1.4;2019-07-09;2019;7;28;190;9;1;4552;40;16;True
2019-07-09 17:00:00+00:00;True;15.07;169.62;0.1;2019-07-09;2019;7;28;190;9;1;4553;41;17;True
2019-07-09 18:00:00+00:00;True;14.47;137.39;10.7;2019-07-09;2019;7;28;190;9;1;4554;42;18;True
2019-07-09 19:00:00+00:00;True;13.89;55.97;4.8;2019-07-09;2019;7;28;190;9;1;4555;43;19;True
2019-07-09 20:00:00+00:00;True;13.23;11.27;14.4;2019-07-09;2019;7;28;190;9;1;4556;44;20;True
2019-07-09 21:00:00+00:00;True;12.94;1.81;4.6;2019-07-09;2019;7;28;190;9;1;4557;45;21;True
2019-07-09 22:00:00+00:00;True;12.55;0.67;1.3;2019-07-09;2019;7;28;190;9;1;4558;46;22;True
2019-07-09 23:00:00+00:00;True;12.18;0.69;0.3;2019-07-09;2019;7;28;190;9;1;4559;47;23;True
2019-07-10 00:00:00+00:00;True;12.03;0.68;11.2;2019-07-10;2019;7;28;191;10;2;4560;48;0;True
2019-07-10 01:00:00+00:00;True;11.86;0.67;0.1;2019-07-10;2019;7;28;191;10;2;4561;49;1;True
2019-07-10 02:00:00+00:00;True;11.53;0.91;0.9;2019-07-10;2019;7;28;191;10;2;4562;50;2;True
2019-07-10 03:00:00+00:00;True;11.38;2.43;0.1;2019-07-10;2019;7;28;191;10;2;4563;51;3;True
2019-07-10 04:00:00+00:00;True;11.46;12.28;0.1;2019-07-10;2019;7;28;191;10;2;4564;52;4;True
2019-07-10 05:00:00+00:00;True;11.53;39.75;1.3;2019-07-10;2019;7;28;191;10;2;4565;53;5;True
2019-07-10 06:00:00+00:00;True;11.87;82.26;1.6;2019-07-10;2019;7;28;191;10;2;4566;54;6;True
2019-07-10 07:00:00+00:00;True;12.38;171.45;11.7;2019-07-10;2019;7;28;191;10;2;4567;55;7;True
2019-07-10 08:00:00+00:00;True;12.98;245.85;3.1;2019-07-10;2019;7;28;191;10;2;4568;56;8;True
2019-07-10 09:00:00+00:00;True;13.49;374.5;1.2;2019-07-10;2019;7;28;191;10;2;4569;57;9;True
2019-07-10 10:00:00+00:00;True;14.51;341.33;4.2;2019-07-10;2019;7;28;191;10;2;4570;58;10;True
2019-07-10 11:00:00+00:00;True;14.82;297.75;0.0;2019-07-10;2019;7;28;191;10;2;4571;59;11;True
2019-07-10 12:00:00+00:00;True;14.96;278.16;10.6;2019-07-10;2019;7;28;191;10;2;4572;60;12;True
2019-07-10 13:00:00+00:00;True;15.04;193.49;0.1;2019-07-10;2019;7;28;191;10;2;4573;61;13;True
2019-07-10 14:00:00+00:00;True;15.72;288.61;0.1;2019-07-10;2019;7;28;191;10;2;4574;62;14;True
2019-07-10 15:00:00+00:00;True;15.81;239.77;0.6;2019-07-10;2019;7;28;191;10;2;4575;63;15;True
2019-07-10 16:00:00+00:00;True;15.8;151.55;0.0;2019-07-10;2019;7;28;191;10;2;4576;64;16;True
2019-07-10 17:00:00+00:00;True;15.36;123.57;12.6;2019-07-10;2019;7;28;191;10;2;4577;65;17;True
2019-07-10 18:00:00+00:00;True;15.71;158.43;9.5;2019-07-10;2019;7;28;191;10;2;4578;66;18;True
2019-07-10 19:00:00+00:00;True;15.43;101.47;0.1;2019-07-10;2019;7;28;191;10;2;4579;67;19;True
2019-07-10 20:00:00+00:00;True;14.87;34.62;10.7;2019-07-10;2019;7;28;191;10;2;4580;68;20;True
2019-07-10 21:00:00+00:00;True;13.74;1.14;1.3;2019-07-10;2019;7;28;191;10;2;4581;69;21;True
2019-07-10 22:00:00+00:00;True;13.05;0.01;0.0;2019-07-10;2019;7;28;191;10;2;4582;70;22;True
2019-07-10 23:00:00+00:00;True;12.79;0.19;12.1;2019-07-10;2019;7;28;191;10;2;4583;71;23;True
2019-07-11 00:00:00+00:00;True;12.98;0.23;5.0;2019-07-11;2019;7;28;192;11;3;4584;72;0;True
2019-07-11 01:00:00+00:00;True;12.09;0.01;3.2;2019-07-11;2019;7;28;192;11;3;4585;73;1;True
2019-07-11 05:00:00+00:00;True;12.02;70.12;6.9;2019-07-11;2019;7;28;192;11;3;4589;77;5;True
2019-07-11 06:00:00+00:00;True;12.18;79.32;0.1;2019-07-11;2019;7;28;192;11;3;4590;78;6;True
2019-07-11 07:00:00+00:00;True;12.15;172.12;11.4;2019-07-11;2019;7;28;192;11;3;4591;79;7;True
2019-07-11 08:00:00+00:00;True;12.19;111.18;3.3;2019-07-11;2019;7;28;192;11;3;4592;80;8;True
2019-07-11 09:00:00+00:00;True;12.64;179.22;7.6;2019-07-11;2019;7;28;192;11;3;4593;81;9;True
2019-07-11 10:00:00+00:00;True;13.36;457.2;13.9;2019-07-11;2019;7;28;192;11;3;4594;82;10;True
2019-07-11 11:00:00+00:00;True;13.67;528.58;1.6;2019-07-11;2019;7;28;192;11;3;4595;83;11;True
2019-07-11 12:00:00+00:00;True;13.65;323.91;0.1;2019-07-11;2019;7;28;192;11;3;4596;84;12;True
2019-07-11 13:00:00+00:00;True;14.36;620.8;0.9;2019-07-11;2019;7;28;192;11;3;4597;85;13;True
2019-07-11 14:00:00+00:00;True;14.22;354.28;0.0;2019-07-11;2019;7;28;192;11;3;4598;86;14;True
2019-07-11 15:00:00+00:00;True;14.24;304.66;2.5;2019-07-11;2019;7;28;192;11;3;4599;87;15;True
2019-07-11 16:00:00+00:00;True;14.27;208.36;0.1;2019-07-11;2019;7;28;192;11;3;4600;88;16;True
2019-07-11 17:00:00+00:00;True;13.8;151.91;13.4;2019-07-11;2019;7;28;192;11;3;4601;89;17;True
2019-07-11 18:00:00+00:00;True;13.77;136.69;1.3;2019-07-11;2019;7;28;192;11;3;4602;90;18;True
2019-07-11 19:00:00+00:00;True;13.37;66.79;10.6;2019-07-11;2019;7;28;192;11;3;4603;91;19;True
2019-07-11 20:00:00+00:00;True;12.3;30.58;1.0;2019-07-11;2019;7;28;192;11;3;4604;92;20;True
2019-07-11 21:00:00+00:00;True;11.11;2.29;2.5;2019-07-11;2019;7;28;192;11;3;4605;93;21;True
2019-07-11 22:00:00+00:00;True;10.17;0.38;0.0;2019-07-11;2019;7;28;192;11;3;4606;94;22;True
2019-07-11 23:00:00+00:00;True;9.95;0.77;12.3;2019-07-11;2019;7;28;192;11;3;4607;95;23;True
2019-07-12 00:00:00+00:00;True;9.45;0.5;0.1;2019-07-12;2019;7;28;193;12;4;4608;96;0;True
2019-07-12 01:00:00+00:00;True;8.94;0.46;3.1;2019-07-12;2019;7;28;193;12;4;4609;97;1;True
2019-07-12 02:00:00+00:00;True;7.79;0.45;6.9;2019-07-12;2019;7;28;193;12;4;4610;98;2;True
2019-07-12 03:00:00+00:00;True;7.4;5.14;10.6;2019-07-12;2019;7;28;193;12;4;4611;99;3;True
2019-07-12 04:00:00+00:00;True;7.23;38.59;1.3;2019-07-12;2019;7;28;193;12;4;4612;100;4;True
2019-07-12 05:00:00+00:00;True;7.81;70.46;12.2;2019-07-12;2019;7;28;193;12;4;4613;101;5;True
2019-07-12 06:00:00+00:00;True;9.3;232.89;11.9;2019-07-12;2019;7;28;193;12;4;4614;102;6;True
2019-07-12 07:00:00+00:00;True;12.18;448.64;0.1;2019-07-12;2019;7;28;193;12;4;4615;103;7;True
2019-07-12 08:00:00+00:00;True;13.12;420.94;12.6;2019-07-12;2019;7;28;193;12;4;4616;104;8;True
2019-07-12 09:00:00+00:00;True;13.84;495.19;2.1;2019-07-12;2019;7;28;193;12;4;4617;105;9;True
2019-07-12 10:00:00+00:00;True;14.56;622.09;0.1;2019-07-12;2019;7;28;193;12;4;4618;106;10;True
2019-07-12 11:00:00+00:00;True;15.47;701.51;2.6;2019-07-12;2019;7;28;193;12;4;4619;107;11;True
2019-07-12 12:00:00+00:00;True;15.65;689.59;7.9;2019-07-12;2019;7;28;193;12;4;4620;108;12;True
2019-07-12 13:00:00+00:00;True;16.21;597.7;0.1;2019-07-12;2019;7;28;193;12;4;4621;109;13;True
2019-07-12 14:00:00+00:00;True;15.89;361.69;3.1;2019-07-12;2019;7;28;193;12;4;4622;110;14;True
2019-07-12 15:00:00+00:00;True;15.52;482.53;0.7;2019-07-12;2019;7;28;193;12;4;4623;111;15;True
2019-07-12 16:00:00+00:00;True;16.57;510.25;11.4;2019-07-12;2019;7;28;193;12;4;4624;112;16;True
2019-07-12 17:00:00+00:00;True;16.3;106.84;0.1;2019-07-12;2019;7;28;193;12;4;4625;113;17;True
2019-07-12 18:00:00+00:00;True;14.58;44.95;1.0;2019-07-12;2019;7;28;193;12;4;4626;114;18;True
2019-07-12 19:00:00+00:00;True;14.49;120.76;0.1;2019-07-12;2019;7;28;193;12;4;4627;115;19;True
2019-07-12 20:00:00+00:00;True;14.17;26.51;15.3;2019-07-12;2019;7;28;193;12;4;4628;116;20;True
2019-07-12 21:00:00+00:00;True;12.73;1.1;1.6;2019-07-12;2019;7;28;193;12;4;4629;117;21;True
2019-07-12 22:00:00+00:00;True;12.06;0.15;0.3;2019-07-12;2019;7;28;193;12;4;4630;118;22;True
2019-07-12 23:00:00+00:00;True;11.6;2.02;2.6;2019-07-12;2019;7;28;193;12;4;4631;119;23;True
2019-07-13 00:00:00+00:00;True;11.26;3.6;0.4;2019-07-13;2019;7;28;194;13;5;4632;120;0;False
2019-07-13 01:00:00+00:00;True;10.95;2.28;11.8;2019-07-13;2019;7;28;194;13;5;4633;121;1;False
2019-07-13 02:00:00+00:00;True;10.63;1.01;0.1;2019-07-13;2019;7;28;194;13;5;4634;122;2;False
2019-07-13 03:00:00+00:00;True;10.12;4.25;1.4;2019-07-13;2019;7;28;194;13;5;4635;123;3;False
2019-07-13 04:00:00+00:00;True;9.93;17.69;11.7;2019-07-13;2019;7;28;194;13;5;4636;124;4;False
2019-07-13 05:00:00+00:00;True;9.99;47.64;3.1;2019-07-13;2019;7;28;194;13;5;4637;125;5;False
2019-07-13 06:00:00+00:00;True;10.3;95.21;0.1;2019-07-13;2019;7;28;194;13;5;4638;126;6;False
2019-07-13 07:00:00+00:00;True;11.54;218.42;12.0;2019-07-13;2019;7;28;194;13;5;4639;127;7;False
2019-07-13 08:00:00+00:00;True;14.35;448.61;4.1;2019-07-13;2019;7;28;194;13;5;4640;128;8;False
2019-07-13 09:00:00+00:00;True;15.99;664.25;1.5;2019-07-13;2019;7;28;194;13;5;4641;129;9;False
2019-07-13 10:00:00+00:00;True;16.75;513.01;11.6;2019-07-13;2019;7;28;194;13;5;4642;130;10;False
2019-07-13 11:00:00+00:00;True;17.59;673.24;2.2;2019-07-13;2019;7;28;194;13;5;4643;131;11;False
2019-07-13 12:00:00+00:00;True;18.51;889.13;11.9;2019-07-13;2019;7;28;194;13;5;4644;132;12;False
2019-07-13 13:00:00+00:00;True;18.84;519.05;3.1;2019-07-13;2019;7;28;194;13;5;4645;133;13;False
2019-07-13 14:00:00+00:00;True;16.33;147.77;12.5;2019-07-13;2019;7;28;194;13;5;4646;134;14;False
2019-07-13 15:00:00+00:00;True;15.49;113.84;0.0;2019-07-13;2019;7;28;194;13;5;4647;135;15;False
2019-07-13 16:00:00+00:00;True;14.32;109.05;1.5;2019-07-13;2019;7;28;194;13;5;4648;136;16;False
2019-07-13 17:00:00+00:00;True;14.71;211.23;11.0;2019-07-13;2019;7;28;194;13;5;4649;137;17;False
2019-07-13 18:00:00+00:00;True;15.3;121.76;5.6;2019-07-13;2019;7;28;194;13;5;4650;138;18;False
2019-07-13 19:00:00+00:00;True;15.26;65.14;10.2;2019-07-13;2019;7;28;194;13;5;4651;139;19;False
2019-07-13 20:00:00+00:00;True;14.31;21.58;6.4;2019-07-13;2019;7;28;194;13;5;4652;140;20;False
2019-07-13 21:00:00+00:00;True;13.51;1.29;12.2;2019-07-13;2019;7;28;194;13;5;4653;141;21;False
2019-07-13 22:00:00+00:00;True;13.19;0.57;0.1;2019-07-13;2019;7;28;194;13;5;4654;142;22;False
2019-07-13 23:00:00+00:00;True;13.09;0.9;0.8;2019-07-13;2019;7;28;194;13;5;4655;143;23;False
2019-07-14 00:00:00+00:00;True;13.25;0.74;12.4;2019-07-14;2019;7;28;195;14;6;4656;144;0;False
2019-07-14 01:00:00+00:00;True;12.49;0.47;6.4;2019-07-14;2019;7;28;195;14;6;4657;145;1;False
2019-07-14 02:00:00+00:00;True;12.0;0.08;11.7;2019-07-14;2019;7;28;195;14;6;4658;146;2;False
2019-07-14 04:00:00+00:00;True;10.64;43.04;12.1;2019-07-14;2019;7;28;195;14;6;4660;148;4;False
2019-07-14 05:00:00+00:00;True;11.78;116.29;8.7;2019-07-14;2019;7;28;195;14;6;4661;149;5;False
2019-07-14 06:00:00+00:00;True;13.03;181.88;1.2;2019-07-14;2019;7;28;195;14;6;4662;150;6;False
2019-07-14 07:00:00+00:00;True;13.66;249.75;8.0;2019-07-14;2019;7;28;195;14;6;4663;151;7;False
2019-07-14 08:00:00+00:00;True;15.08;246.75;2.9;2019-07-14;2019;7;28;195;14;6;4664;152;8;False
2019-07-14 09:00:00+00:00;True;16.05;285.74;0.6;2019-07-14;2019;7;28;195;14;6;4665;153;9;False
2019-07-14 10:00:00+00:00;True;16.56;304.83;0.2;2019-07-14;2019;7;28;195;14;6;4666;154;10;False
2019-07-14 11:00:00+00:00;True;14.48;170.44;11.2;2019-07-14;2019;7;28;195;14;6;4667;155;11;False
2019-07-14 12:00:00+00:00;True;14.75;330.56;5.7;2019-07-14;2019;7;28;195;14;6;4668;156;12;False
2019-07-14 13:00:00+00:00;True;16.01;600.02;7.8;2019-07-14;2019;7;28;195;14;6;4669;157;13;False
2019-07-14 14:00:00+00:00;True;16.96;541.88;0.3;2019-07-14;2019;7;28;195;14;6;4670;158;14;False
2019-07-14 15:00:00+00:00;True;13.54;240.63;0.1;2019-07-14;2019;7;28;195;14;6;4671;159;15;False
2019-07-14 16:00:00+00:00;True;16.31;409.0;11.9;2019-07-14;2019;7;28;195;14;6;4672;160;16;False
2019-07-14 17:00:00+00:00;True;16.13;191.38;1.6;2019-07-14;2019;7;28;195;14;6;4673;161;17;False
2019-07-14 18:00:00+00:00;True;16.46;178.44;11.0;2019-07-14;2019;7;28;195;14;6;4674;162;18;False
2019-07-14 19:00:00+00:00;True;16.24;118.06;7.3;2019-07-14;2019;7;28;195;14;6;4675;163;19;False
2019-07-14 20:00:00+00:00;True;15.45;34.25;11.1;2019-07-14;2019;7;28;195;14;6;4676;164;20;False
2019-07-14 21:00:00+00:00;True;14.43;4.14;2.6;2019-07-14;2019;7;28;195;14;6;4677;165;21;False
2019-07-14 22:00:00+00:00;True;13.79;1.87;0.1;2019-07-14;2019;7;28;195;14;6;4678;166;22;False
2019-07-14 23:00:00+00:00;True;13.45;0.41;1.3;2019-07-14;2019;7;28;195;14;6;4679;167;23;False
2019-07-15 00:00:00+00:00;True;12.57;0.3;1.2;2019-07-15;2019;7;29;196;15;0;4680;0;0;True
2019-07-15 01:00:00+00:00;True;11.91;0.0;2.9;2019-07-15;2019;7;29;196;15;0;4681;1;1;True
2019-07-15 02:00:00+00:00;True;10.89;0.02;9.9;2019-07-15;2019;7;29;196;15;0;4682;2;2;True
2019-07-15 03:00:00+00:00;True;10.59;5.52;2.8;2019-07-15;2019;7;29;196;15;0;4683;3;3;True
2019-07-15 04:00:00+00:00;True;10.16;59.05;5.6;2019-07-15;2019;7;29;196;15;0;4684;4;4;True
2019-07-15 05:00:00+00:00;True;10.7;166.0;0.2;2019-07-15;2019;7;29;196;15;0;4685;5;5;True
2019-07-15 06:00:00+00:00;True;12.75;272.22;13.0;2019-07-15;2019;7;29;196;15;0;4686;6;6;True
2019-07-15 07:00:00+00:00;True;14.6;385.91;0.8;2019-07-15;2019;7;29;196;15;0;4687;7;7;True
2019-07-15 08:00:00+00:00;True;16.23;532.37;6.1;2019-07-15;2019;7;29;196;15;0;4688;8;8;True
2019-07-15 09:00:00+00:00;True;17.1;662.38;0.1;2019-07-15;2019;7;29;196;15;0;4689;9;9;True
2019-07-15 10:00:00+00:00;True;17.77;766.01;4.4;2019-07-15;2019;7;29;196;15;0;4690;10;10;True
2019-07-15 11:00:00+00:00;True;18.72;809.5;11.2;2019-07-15;2019;7;29;196;15;0;4691;11;11;True
2019-07-15 12:00:00+00:00;True;19.56;833.05;0.1;2019-07-15;2019;7;29;196;15;0;4692;12;12;True
2019-07-15 13:00:00+00:00;True;19.57;725.08;6.0;2019-07-15;2019;7;29;196;15;0;4693;13;13;True
2019-07-15 14:00:00+00:00;True;20.13;703.31;55.9;2019-07-15;2019;7;29;196;15;0;4694;14;14;True
2019-07-15 15:00:00+00:00;True;19.97;375.48;3.3;2019-07-15;2019;7;29;196;15;0;4695;15;15;True
2019-07-15 16:00:00+00:00;True;20.5;486.95;0.1;2019-07-15;2019;7;29;196;15;0;4696;16;16;True
2019-07-15 17:00:00+00:00;True;20.28;221.4;10.1;2019-07-15;2019;7;29;196;15;0;4697;17;17;True
2019-07-15 18:00:00+00:00;True;20.25;218.72;12.0;2019-07-15;2019;7;29;196;15;0;4698;18;18;True
2019-07-15 19:00:00+00:00;True;19.71;48.08;10.8;2019-07-15;2019;7;29;196;15;0;4699;19;19;True
2019-07-15 20:00:00+00:00;True;18.54;9.66;1.8;2019-07-15;2019;7;29;196;15;0;4700;20;20;True
2019-07-15 21:00:00+00:00;True;16.11;4.22;0.0;2019-07-15;2019;7;29;196;15;0;4701;21;21;True
2019-07-15 22:00:00+00:00;True;16.2;1.69;11.9;2019-07-15;2019;7;29;196;15;0;4702;22;22;True
2019-07-15 23:00:00+00:00;True;15.45;0.08;10.3;2019-07-15;2019;7;29;196;15;0;4703;23;23;True
2019-07-16 00:00:00+00:00;True;14.38;0.0;0.1;2019-07-16;2019;7;29;197;16;1;4704;24;0;True
2019-07-16 01:00:00+00:00;True;13.83;0.36;0.1;2019-07-16;2019;7;29;197;16;1;4705;25;1;True
2019-07-16 02:00:00+00:00;True;13.84;0.4;2.0;2019-07-16;2019;7;29;197;16;1;4706;26;2;True
2019-07-16 03:00:00+00:00;True;12.54;6.24;0.5;2019-07-16;2019;7;29;197;16;1;4707;27;3;True
2019-07-16 04:00:00+00:00;True;12.65;65.34;0.1;2019-07-16;2019;7;29;197;16;1;4708;28;4;True
2019-07-16 05:00:00+00:00;True;13.47;158.43;11.0;2019-07-16;2019;7;29;197;16;1;4709;29;5;True
2019-07-16 06:00:00+00:00;True;15.16;279.08;1.5;2019-07-16;2019;7;29;197;16;1;4710;30;6;True
2019-07-16 07:00:00+00:00;True;16.71;402.85;1.8;2019-07-16;2019;7;29;197;16;1;4711;31;7;True
2019-07-16 08:00:00+00:00;True;17.86;431.11;14.2;2019-07-16;2019;7;29;197;16;1;4712;32;8;True
2019-07-16 09:00:00+00:00;True;19.38;425.71;0.1;2019-07-16;2019;7;29;197;16;1;4713;33;9;True
2019-07-16 10:00:00+00:00;True;20.11;403.34;7.8;2019-07-16;2019;7;29;197;16;1;4714;34;10;True
2019-07-16 11:00:00+00:00;True;19.4;302.55;16.9;2019-07-16;2019;7;29;197;16;1;4715;35;11;True
2019-07-16 12:00:00+00:00;True;17.18;165.55;0.1;2019-07-16;2019;7;29;197;16;1;4716;36;12;True
2019-07-16 13:00:00+00:00;True;17.32;327.2;1.9;2019-07-16;2019;7;29;197;16;1;4717;37;13;True
2019-07-16 14:00:00+00:00;True;17.72;154.08;5.9;2019-07-16;2019;7;29;197;16;1;4718;38;14;True
2019-07-16 15:00:00+00:00;True;15.42;48.3;12.6;2019-07-16;2019;7;29;197;16;1;4719;39;15;True
2019-07-16 16:00:00+00:00;True;15.38;226.54;2.7;2019-07-16;2019;7;29;197;16;1;4720;40;16;True
2019-07-16 17:00:00+00:00;True;15.99;286.69;9.6;2019-07-16;2019;7;29;197;16;1;4721;41;17;True
2019-07-16 18:00:00+00:00;True;16.36;175.77;0.1;2019-07-16;2019;7;29;197;16;1;4722;42;18;True
2019-07-16 19:00:00+00:00;True;16.01;100.49;6.0;2019-07-16;2019;7;29;197;16;1;4723;43;19;True
2019-07-16 20:00:00+00:00;True;15.68;33.72;11.7;2019-07-16;2019;7;29;197;16;1;4724;44;20;True
2019-07-16 21:00:00+00:00;True;14.77;2.61;10.4;2019-07-16;2019;7;29;197;16;1;4725;45;21;True
2019-07-16 22:00:00+00:00;True;14.18;0.43;0.1;2019-07-16;2019;7;29;197;16;1;4726;46;22;True
2019-07-16 23:00:00+00:00;True;13.84;0.75;0.1;2019-07-16;2019;7;29;197;16;1;4727;47;23;True
2019-07-17 00:00:00+00:00;True;13.98;0.96;0.1;2019-07-17;2019;7;29;198;17;2;4728;48;0;True
2019-07-17 01:00:00+00:00;True;13.83;1.72;6.2;2019-07-17;2019;7;29;198;17;2;4729;49;1;True
2019-07-17 02:00:00+00:00;True;13.51;0.18;3.4;2019-07-17;2019;7;29;198;17;2;4730;50;2;True
2019-07-17 03:00:00+00:00;True;13.87;3.25;10.0;2019-07-17;2019;7;29;198;17;2;4731;51;3;True
2019-07-17 04:00:00+00:00;True;13.79;41.79;11.9;2019-07-17;2019;7;29;198;17;2;4732;52;4;True
2019-07-17 05:00:00+00:00;True;14.13;84.62;0.1;2019-07-17;2019;7;29;198;17;2;4733;53;5;True
2019-07-17 06:00:00+00:00;True;14.44;192.58;0.1;2019-07-17;2019;7;29;198;17;2;4734;54;6;True
2019-07-17 07:00:00+00:00;True;16.35;424.83;1.4;2019-07-17;2019;7;29;198;17;2;4735;55;7;True
2019-07-17 08:00:00+00:00;True;17.68;535.95;13.6;2019-07-17;2019;7;29;198;17;2;4736;56;8;True
2019-07-17 09:00:00+00:00;True;18.36;657.27;0.1;2019-07-17;2019;7;29;198;17;2;4737;57;9;True
2019-07-17 10:00:00+00:00;True;19.3;661.07;0.1;2019-07-17;2019;7;29;198;17;2;4738;58;10;True
2019-07-17 11:00:00+00:00;True;19.43;640.48;16.0;2019-07-17;2019;7;29;198;17;2;4739;59;11;True
2019-07-17 12:00:00+00:00;True;19.38;616.82;17.3;2019-07-17;2019;7;29;198;17;2;4740;60;12;True
2019-07-17 13:00:00+00:00;True;19.72;696.52;11.2;2019-07-17;2019;7;29;198;17;2;4741;61;13;True
2019-07-17 14:00:00+00:00;True;20.08;582.21;12.1;2019-07-17;2019;7;29;198;17;2;4742;62;14;True
2019-07-17 15:00:00+00:00;True;19.96;545.28;13.3;2019-07-17;2019;7;29;198;17;2;4743;63;15;True
2019-07-17 16:00:00+00:00;True;19.49;417.95;0.1;2019-07-17;2019;7;29;198;17;2;4744;64;16;True
2019-07-17 17:00:00+00:00;True;19.31;320.59;1.6;2019-07-17;2019;7;29;198;17;2;4745;65;17;True
2019-07-17 18:00:00+00:00;True;18.42;187.07;8.3;2019-07-17;2019;7;29;198;17;2;4746;66;18;True
2019-07-17 19:00:00+00:00;True;17.75;72.0;0.1;2019-07-17;2019;7;29;198;17;2;4747;67;19;True
2019-07-17 20:00:00+00:00;True;16.51;25.36;1.8;2019-07-17;2019;7;29;198;17;2;4748;68;20;True
2019-07-17 21:00:00+00:00;True;15.61;1.14;0.1;2019-07-17;2019;7;29;198;17;2;4749;69;21;True
2019-07-17 22:00:00+00:00;True;14.73;0.17;11.7;2019-07-17;2019;7;29;198;17;2;4750;70;22;True
2019-07-17 23:00:00+00:00;True;14.28;1.1;12.5;2019-07-17;2019;7;29;198;17;2;4751;71;23;True
2019-07-18 00:00:00+00:00;True;14.33;0.61;0.2;2019-07-18;2019;7;29;199;18;3;4752;72;0;True
2019-07-18 01:00:00+00:00;True;14.09;0.23;0.1;2019-07-18;2019;7;29;199;18;3;4753;73;1;True
2019-07-18 02:00:00+00:00;True;13.24;0.21;0.0;2019-07-18;2019;7;29;199;18;3;4754;74;2;True
2019-07-18 03:00:00+00:00;True;13.15;3.21;12.1;2019-07-18;2019;7;29;199;18;3;4755;75;3;True
2019-07-18 04:00:00+00:00;True;13.45;34.23;12.2;2019-07-18;2019;7;29;199;18;3;4756;76;4;True
2019-07-18 05:00:00+00:00;True;14.15;144.9;9.3;2019-07-18;2019;7;29;199;18;3;4757;77;5;True
2019-07-18 06:00:00+00:00;True;14.65;135.86;10.4;2019-07-18;2019;7;29;199;18;3;4758;78;6;True
2019-07-18 07:00:00+00:00;True;15.29;214.91;2.6;2019-07-18;2019;7;29;199;18;3;4759;79;7;True
2019-07-18 08:00:00+00:00;True;16.26;152.77;2.2;2019-07-18;2019;7;29;199;18;3;4760;80;8;True
2019-07-18 09:00:00+00:00;True;17.97;443.97;8.9;2019-07-18;2019;7;29;199;18;3;4761;81;9;True
2019-07-18 10:00:00+00:00;True;17.69;225.08;11.6;2019-07-18;2019;7;29;199;18;3;4762;82;10;True
2019-07-18 11:00:00+00:00;True;18.15;531.79;3.7;2019-07-18;2019;7;29;199;18;3;4763;83;11;True
2019-07-18 12:00:00+00:00;True;20.62;816.97;13.7;2019-07-18;2019;7;29;199;18;3;4764;84;12;True
2019-07-18 13:00:00+00:00;True;21.65;751.16;13.0;2019-07-18;2019;7;29;199;18;3;4765;85;13;True
2019-07-18 14:00:00+00:00;True;21.71;700.33;0.1;2019-07-18;2019;7;29;199;18;3;4766;86;14;True
2019-07-18 15:00:00+00:00;True;21.41;488.54;1.7;2019-07-18;2019;7;29;199;18;3;4767;87;15;True
2019-07-18 16:00:00+00:00;True;21.73;509.68;9.8;2019-07-18;2019;7;29;199;18;3;4768;88;16;True
2019-07-18 17:00:00+00:00;True;21.77;406.73;3.6;2019-07-18;2019;7;29;199;18;3;4769;89;17;True
2019-07-18 18:00:00+00:00;True;21.69;257.64;2.0;2019-07-18;2019;7;29;199;18;3;4770;90;18;True
2019-07-18 19:00:00+00:00;True;21.32;125.63;11.9;2019-07-18;2019;7;29;199;18;3;4771;91;19;True
2019-07-18 20:00:00+00:00;True;20.36;27.89;0.1;2019-07-18;2019;7;29;199;18;3;4772;92;20;True
2019-07-18 21:00:00+00:00;True;19.11;1.33;2.7;2019-07-18;2019;7;29;199;18;3;4773;93;21;True
2019-07-18 22:00:00+00:00;True;17.96;0.2;0.0;2019-07-18;2019;7;29;199;18;3;4774;94;22;True
2019-07-18 23:00:00+00:00;True;16.37;0.6;0.0;2019-07-18;2019;7;29;199;18;3;4775;95;23;True
2019-07-19 00:00:00+00:00;True;15.16;3.98;0.1;2019-07-19;2019;7;29;200;19;4;4776;96;0;True
2019-07-19 01:00:00+00:00;True;14.05;4.28;6.7;2019-07-19;2019;7;29;200;19;4;4777;97;1;True
2019-07-19 02:00:00+00:00;True;13.63;4.56;3.0;2019-07-19;2019;7;29;200;19;4;4778;98;2;True
2019-07-19 03:00:00+00:00;True;13.3;6.38;0.7;2019-07-19;2019;7;29;200;19;4;4779;99;3;True
2019-07-19 04:00:00+00:00;True;13.55;19.08;1.1;2019-07-19;2019;7;29;200;19;4;4780;100;4;True
2019-07-19 05:00:00+00:00;True;14.05;16.91;0.4;2019-07-19;2019;7;29;200;19;4;4781;101;5;True
2019-07-19 06:00:00+00:00;True;13.83;85.87;0.0;2019-07-19;2019;7;29;200;19;4;4782;102;6;True
2019-07-19 07:00:00+00:00;True;14.25;123.41;6.8;2019-07-19;2019;7;29;200;19;4;4783;103;7;True
2019-07-19 08:00:00+00:00;True;15.02;151.34;5.0;2019-07-19;2019;7;29;200;19;4;4784;104;8;True
2019-07-19 09:00:00+00:00;True;16.37;224.1;14.0;2019-07-19;2019;7;29;200;19;4;4785;105;9;True
2019-07-19 10:00:00+00:00;True;17.86;328.6;8.9;2019-07-19;2019;7;29;200;19;4;4786;106;10;True
2019-07-19 11:00:00+00:00;True;19.12;444.29;0.1;2019-07-19;2019;7;29;200;19;4;4787;107;11;True
2019-07-19 12:00:00+00:00;True;19.54;236.62;0.1;2019-07-19;2019;7;29;200;19;4;4788;108;12;True
2019-07-19 13:00:00+00:00;True;19.0;322.61;0.1;2019-07-19;2019;7;29;200;19;4;4789;109;13;True
2019-07-19 14:00:00+00:00;True;18.63;107.89;0.1;2019-07-19;2019;7;29;200;19;4;4790;110;14;True
2019-07-19 15:00:00+00:00;True;18.42;117.97;0.1;2019-07-19;2019;7;29;200;19;4;4791;111;15;True
2019-07-19 16:00:00+00:00;True;17.64;122.32;0.7;2019-07-19;2019;7;29;200;19;4;4792;112;16;True
2019-07-19 17:00:00+00:00;True;18.31;90.84;0.2;2019-07-19;2019;7;29;200;19;4;4793;113;17;True
2019-07-19 18:00:00+00:00;True;18.07;48.24;0.1;2019-07-19;2019;7;29;200;19;4;4794;114;18;True
2019-07-19 19:00:00+00:00;True;17.61;18.55;12.2;2019-07-19;2019;7;29;200;19;4;4795;115;19;True
2019-07-19 20:00:00+00:00;True;17.29;11.06;0.1;2019-07-19;2019;7;29;200;19;4;4796;116;20;True
2019-07-19 21:00:00+00:00;True;16.86;0.98;1.8;2019-07-19;2019;7;29;200;19;4;4797;117;21;True
2019-07-19 22:00:00+00:00;True;16.16;0.43;0.5;2019-07-19;2019;7;29;200;19;4;4798;118;22;True
2019-07-19 23:00:00+00:00;True;15.91;0.6;1.1;2019-07-19;2019;7;29;200;19;4;4799;119;23;True
2019-07-20 00:00:00+00:00;True;15.91;0.61;0.0;2019-07-20;2019;7;29;201;20;5;4800;120;0;False
2019-07-20 01:00:00+00:00;True;15.87;0.87;0.1;2019-07-20;2019;7;29;201;20;5;4801;121;1;False
2019-07-20 02:00:00+00:00;True;15.22;0.74;11.5;2019-07-20;2019;7;29;201;20;5;4802;122;2;False
2019-07-20 03:00:00+00:00;True;14.67;3.87;9.3;2019-07-20;2019;7;29;201;20;5;4803;123;3;False
2019-07-20 04:00:00+00:00;True;13.78;26.87;0.1;2019-07-20;2019;7;29;201;20;5;4804;124;4;False
2019-07-20 05:00:00+00:00;True;13.47;142.79;11.3;2019-07-20;2019;7;29;201;20;5;4805;125;5;False
2019-07-20 06:00:00+00:00;True;14.26;274.7;0.1;2019-07-20;2019;7;29;201;20;5;4806;126;6;False
2019-07-20 07:00:00+00:00;True;15.85;405.9;12.4;2019-07-20;2019;7;29;201;20;5;4807;127;7;False
2019-07-20 08:00:00+00:00;True;18.05;540.17;1.7;2019-07-20;2019;7;29;201;20;5;4808;128;8;False
2019-07-20 09:00:00+00:00;True;20.08;620.0;0.1;2019-07-20;2019;7;29;201;20;5;4809;129;9;False
2019-07-20 10:00:00+00:00;True;21.21;604.11;0.1;2019-07-20;2019;7;29;201;20;5;4810;130;10;False
2019-07-20 11:00:00+00:00;True;21.58;543.11;11.8;2019-07-20;2019;7;29;201;20;5;4811;131;11;False
2019-07-20 12:00:00+00:00;True;22.24;605.13;3.1;2019-07-20;2019;7;29;201;20;5;4812;132;12;False
2019-07-20 13:00:00+00:00;True;23.19;641.86;8.4;2019-07-20;2019;7;29;201;20;5;4813;133;13;False
2019-07-20 14:00:00+00:00;True;23.17;457.58;11.9;2019-07-20;2019;7;29;201;20;5;4814;134;14;False
2019-07-20 15:00:00+00:00;True;23.25;552.61;0.1;2019-07-20;2019;7;29;201;20;5;4815;135;15;False
2019-07-20 16:00:00+00:00;True;23.74;491.82;0.1;2019-07-20;2019;7;29;201;20;5;4816;136;16;False
2019-07-20 18:00:00+00:00;True;22.86;198.56;0.0;2019-07-20;2019;7;29;201;20;5;4818;138;18;False
2019-07-20 19:00:00+00:00;True;22.36;98.05;0.0;2019-07-20;2019;7;29;201;20;5;4819;139;19;False
2019-07-20 20:00:00+00:00;True;20.46;19.88;10.7;2019-07-20;2019;7;29;201;20;5;4820;140;20;False
2019-07-20 21:00:00+00:00;True;19.02;0.27;10.9;2019-07-20;2019;7;29;201;20;5;4821;141;21;False
2019-07-20 22:00:00+00:00;True;18.23;0.02;0.1;2019-07-20;2019;7;29;201;20;5;4822;142;22;False
2019-07-20 23:00:00+00:00;True;17.96;0.0;0.1;2019-07-20;2019;7;29;201;20;5;4823;143;23;False
2019-07-21 00:00:00+00:00;True;17.82;0.33;2.0;2019-07-21;2019;7;29;202;21;6;4824;144;0;False
2019-07-21 01:00:00+00:00;True;17.56;0.42;0.1;2019-07-21;2019;7;29;202;21;6;4825;145;1;False
2019-07-21 02:00:00+00:00;True;17.0;0.01;0.0;2019-07-21;2019;7;29;202;21;6;4826;146;2;False
2019-07-21 04:00:00+00:00;True;15.33;41.31;0.1;2019-07-21;2019;7;29;202;21;6;4828;148;4;False
2019-07-21 05:00:00+00:00;True;15.96;140.03;0.1;2019-07-21;2019;7;29;202;21;6;4829;149;5;False
2019-07-21 06:00:00+00:00;True;17.59;265.17;12.4;2019-07-21;2019;7;29;202;21;6;4830;150;6;False
2019-07-21 07:00:00+00:00;True;19.44;397.92;11.2;2019-07-21;2019;7;29;202;21;6;4831;151;7;False
2019-07-21 08:00:00+00:00;True;21.1;526.85;12.0;2019-07-21;2019;7;29;202;21;6;4832;152;8;False
2019-07-21 09:00:00+00:00;True;22.52;640.37;1.7;2019-07-21;2019;7;29;202;21;6;4833;153;9;False
2019-07-21 10:00:00+00:00;True;23.66;731.55;0.3;2019-07-21;2019;7;29;202;21;6;4834;154;10;False
2019-07-21 11:00:00+00:00;True;24.13;795.28;3.5;2019-07-21;2019;7;29;202;21;6;4835;155;11;False
2019-07-21 12:00:00+00:00;True;24.32;612.24;2.0;2019-07-21;2019;7;29;202;21;6;4836;156;12;False
2019-07-21 13:00:00+00:00;True;24.73;766.99;11.7;2019-07-21;2019;7;29;202;21;6;4837;157;13;False
2019-07-21 14:00:00+00:00;True;24.88;657.84;0.6;2019-07-21;2019;7;29;202;21;6;4838;158;14;False
2019-07-21 15:00:00+00:00;True;25.11;605.1;11.6;2019-07-21;2019;7;29;202;21;6;4839;159;15;False
2019-07-21 16:00:00+00:00;True;25.0;387.53;1.9;2019-07-21;2019;7;29;202;21;6;4840;160;16;False
2019-07-21 17:00:00+00:00;True;25.17;354.1;12.5;2019-07-21;2019;7;29;202;21;6;4841;161;17;False
2019-07-21 18:00:00+00:00;True;25.05;219.5;10.5;2019-07-21;2019;7;29;202;21;6;4842;162;18;False
2019-07-21 19:00:00+00:00;True;24.31;98.11;10.6;2019-07-21;2019;7;29;202;21;6;4843;163;19;False
2019-07-21 20:00:00+00:00;True;22.75;20.78;0.1;2019-07-21;2019;7;29;202;21;6;4844;164;20;False
2019-07-21 21:00:00+00:00;True;21.05;2.71;13.1;2019-07-21;2019;7;29;202;21;6;4845;165;21;False
2019-07-21 22:00:00+00:00;True;19.86;0.0;12.0;2019-07-21;2019;7;29;202;21;6;4846;166;22;False
2019-07-21 23:00:00+00:00;True;18.94;0.08;1.5;2019-07-21;2019;7;29;202;21;6;4847;167;23;False
2019-07-22 00:00:00+00:00;True;18.15;2.65;1.4;2019-07-22;2019;7;30;203;22;0;4848;0;0;True
2019-07-22 01:00:00+00:00;True;17.52;3.05;3.4;2019-07-22;2019;7;30;203;22;0;4849;1;1;True
2019-07-22 02:00:00+00:00;True;16.88;3.19;0.1;2019-07-22;2019;7;30;203;22;0;4850;2;2;True
2019-07-22 03:00:00+00:00;True;15.96;6.6;1.1;2019-07-22;2019;7;30;203;22;0;4851;3;3;True
2019-07-22 04:00:00+00:00;True;16.31;64.16;2.0;2019-07-22;2019;7;30;203;22;0;4852;4;4;True
2019-07-22 05:00:00+00:00;True;17.69;176.81;7.8;2019-07-22;2019;7;30;203;22;0;4853;5;5;True
2019-07-22 06:00:00+00:00;True;18.06;179.29;0.0;2019-07-22;2019;7;30;203;22;0;4854;6;6;True
2019-07-22 07:00:00+00:00;True;18.49;212.28;0.0;2019-07-22;2019;7;30;203;22;0;4855;7;7;True
2019-07-22 08:00:00+00:00;True;20.71;481.27;10.9;2019-07-22;2019;7;30;203;22;0;4856;8;8;True
2019-07-22 09:00:00+00:00;True;22.05;583.63;2.0;2019-07-22;2019;7;30;203;22;0;4857;9;9;True
2019-07-22 10:00:00+00:00;True;23.36;678.36;11.2;2019-07-22;2019;7;30;203;22;0;4858;10;10;True
2019-07-22 11:00:00+00:00;True;24.58;768.03;0.1;2019-07-22;2019;7;30;203;22;0;4859;11;11;True
2019-07-22 12:00:00+00:00;True;24.17;448.16;13.0;2019-07-22;2019;7;30;203;22;0;4860;12;12;True
2019-07-22 13:00:00+00:00;True;19.22;50.66;0.6;2019-07-22;2019;7;30;203;22;0;4861;13;13;True
2019-07-22 14:00:00+00:00;True;17.99;132.43;1.2;2019-07-22;2019;7;30;203;22;0;4862;14;14;True
2019-07-22 15:00:00+00:00;True;19.91;166.25;0.1;2019-07-22;2019;7;30;203;22;0;4863;15;15;True
2019-07-22 16:00:00+00:00;True;19.16;73.37;0.1;2019-07-22;2019;7;30;203;22;0;4864;16;16;True
2019-07-22 17:00:00+00:00;True;19.01;122.28;3.2;2019-07-22;2019;7;30;203;22;0;4865;17;17;True
2019-07-22 19:00:00+00:00;True;17.98;46.16;13.4;2019-07-22;2019;7;30;203;22;0;4867;19;19;True
2019-07-22 20:00:00+00:00;True;17.48;13.44;6.7;2019-07-22;2019;7;30;203;22;0;4868;20;20;True
2019-07-22 21:00:00+00:00;True;17.02;2.51;0.1;2019-07-22;2019;7;30;203;22;0;4869;21;21;True
2019-07-22 22:00:00+00:00;True;16.69;2.85;10.0;2019-07-22;2019;7;30;203;22;0;4870;22;22;True
2019-07-22 23:00:00+00:00;True;16.33;6.17;0.4;2019-07-22;2019;7;30;203;22;0;4871;23;23;True
2019-07-23 00:00:00+00:00;True;15.97;3.06;5.2;2019-07-23;2019;7;30;204;23;1;4872;24;0;True
2019-07-23 01:00:00+00:00;True;15.85;0.8;10.4;2019-07-23;2019;7;30;204;23;1;4873;25;1;True
2019-07-23 02:00:00+00:00;True;15.88;1.03;11.0;2019-07-23;2019;7;30;204;23;1;4874;26;2;True
2019-07-23 03:00:00+00:00;True;15.73;2.08;5.6;2019-07-23;2019;7;30;204;23;1;4875;27;3;True
2019-07-23 08:00:00+00:00;True;18.67;417.62;10.0;2019-07-23;2019;7;30;204;23;1;4880;32;8;True
2019-07-23 09:00:00+00:00;True;21.21;647.73;9.3;2019-07-23;2019;7;30;204;23;1;4881;33;9;True
2019-07-23 10:00:00+00:00;True;23.34;648.64;0.1;2019-07-23;2019;7;30;204;23;1;4882;34;10;True
2019-07-23 11:00:00+00:00;True;24.29;657.33;0.8;2019-07-23;2019;7;30;204;23;1;4883;35;11;True
2019-07-23 12:00:00+00:00;True;24.85;744.77;12.7;2019-07-23;2019;7;30;204;23;1;4884;36;12;True
2019-07-23 13:00:00+00:00;True;25.15;683.64;2.0;2019-07-23;2019;7;30;204;23;1;4885;37;13;True
2019-07-23 14:00:00+00:00;True;25.74;697.91;1.2;2019-07-23;2019;7;30;204;23;1;4886;38;14;True
2019-07-23 15:00:00+00:00;True;25.28;388.03;2.8;2019-07-23;2019;7;30;204;23;1;4887;39;15;True
2019-07-23 16:00:00+00:00;True;25.38;366.53;0.1;2019-07-23;2019;7;30;204;23;1;4888;40;16;True
2019-07-23 17:00:00+00:00;True;25.36;312.7;0.1;2019-07-23;2019;7;30;204;23;1;4889;41;17;True
2019-07-23 18:00:00+00:00;True;25.17;197.05;3.3;2019-07-23;2019;7;30;204;23;1;4890;42;18;True
2019-07-23 19:00:00+00:00;True;24.34;74.15;3.3;2019-07-23;2019;7;30;204;23;1;4891;43;19;True
2019-07-23 20:00:00+00:00;True;22.67;15.42;3.0;2019-07-23;2019;7;30;204;23;1;4892;44;20;True
2019-07-23 21:00:00+00:00;True;20.53;0.5;2.5;2019-07-23;2019;7;30;204;23;1;4893;45;21;True
2019-07-23 22:00:00+00:00;True;18.61;0.35;9.4;2019-07-23;2019;7;30;204;23;1;4894;46;22;True
2019-07-23 23:00:00+00:00;True;18.56;0.17;0.8;2019-07-23;2019;7;30;204;23;1;4895;47;23;True
2019-07-24 00:00:00+00:00;True;17.16;1.52;3.5;2019-07-24;2019;7;30;205;24;2;4896;48;0;True
2019-07-24 01:00:00+00:00;True;17.0;2.12;3.7;2019-07-24;2019;7;30;205;24;2;4897;49;1;True
2019-07-24 02:00:00+00:00;True;15.93;0.83;4.4;2019-07-24;2019;7;30;205;24;2;4898;50;2;True
2019-07-24 04:00:00+00:00;True;14.9;45.66;9.8;2019-07-24;2019;7;30;205;24;2;4900;52;4;True
2019-07-24 05:00:00+00:00;True;15.14;132.41;5.8;2019-07-24;2019;7;30;205;24;2;4901;53;5;True
2019-07-24 06:00:00+00:00;True;16.33;258.7;7.8;2019-07-24;2019;7;30;205;24;2;4902;54;6;True
2019-07-24 07:00:00+00:00;True;18.03;396.5;0.1;2019-07-24;2019;7;30;205;24;2;4903;55;7;True
2019-07-24 08:00:00+00:00;True;20.57;518.84;10.6;2019-07-24;2019;7;30;205;24;2;4904;56;8;True
2019-07-24 09:00:00+00:00;True;23.11;633.54;2.6;2019-07-24;2019;7;30;205;24;2;4905;57;9;True
2019-07-24 10:00:00+00:00;True;24.25;719.6;11.9;2019-07-24;2019;7;30;205;24;2;4906;58;10;True
2019-07-24 11:00:00+00:00;True;25.14;771.5;3.3;2019-07-24;2019;7;30;205;24;2;4907;59;11;True
2019-07-24 12:00:00+00:00;True;26.08;803.4;2.7;2019-07-24;2019;7;30;205;24;2;4908;60;12;True
2019-07-24 13:00:00+00:00;True;26.73;678.76;0.1;2019-07-24;2019;7;30;205;24;2;4909;61;13;True
2019-07-24 14:00:00+00:00;True;26.65;593.86;12.1;2019-07-24;2019;7;30;205;24;2;4910;62;14;True
2019-07-24 15:00:00+00:00;True;26.11;341.95;0.1;2019-07-24;2019;7;30;205;24;2;4911;63;15;True
2019-07-24 16:00:00+00:00;True;26.6;380.4;12.4;2019-07-24;2019;7;30;205;24;2;4912;64;16;True
2019-07-24 17:00:00+00:00;True;26.11;225.59;0.1;2019-07-24;2019;7;30;205;24;2;4913;65;17;True
2019-07-24 18:00:00+00:00;True;25.57;137.52;10.2;2019-07-24;2019;7;30;205;24;2;4914;66;18;True
2019-07-24 19:00:00+00:00;True;24.89;72.87;0.8;2019-07-24;2019;7;30;205;24;2;4915;67;19;True
2019-07-24 20:00:00+00:00;True;24.49;27.85;1.6;2019-07-24;2019;7;30;205;24;2;4916;68;20;True
2019-07-24 21:00:00+00:00;True;22.84;0.25;0.1;2019-07-24;2019;7;30;205;24;2;4917;69;21;True
2019-07-24 22:00:00+00:00;True;21.37;0.42;2.4;2019-07-24;2019;7;30;205;24;2;4918;70;22;True
2019-07-24 23:00:00+00:00;True;20.35;0.78;4.0;2019-07-24;2019;7;30;205;24;2;4919;71;23;True
2019-07-25 00:00:00+00:00;True;19.9;0.88;0.6;2019-07-25;2019;7;30;206;25;3;4920;72;0;True
2019-07-25 01:00:00+00:00;True;19.32;3.01;2.9;2019-07-25;2019;7;30;206;25;3;4921;73;1;True
2019-07-25 02:00:00+00:00;True;18.37;5.04;6.6;2019-07-25;2019;7;30;206;25;3;4922;74;2;True
2019-07-25 03:00:00+00:00;True;17.79;5.33;0.0;2019-07-25;2019;7;30;206;25;3;4923;75;3;True
2019-07-25 04:00:00+00:00;True;17.47;10.79;6.3;2019-07-25;2019;7;30;206;25;3;4924;76;4;True
2019-07-25 05:00:00+00:00;True;16.94;28.93;6.5;2019-07-25;2019;7;30;206;25;3;4925;77;5;True
2019-07-25 06:00:00+00:00;True;17.18;114.46;9.0;2019-07-25;2019;7;30;206;25;3;4926;78;6;True
2019-07-25 07:00:00+00:00;True;18.81;336.6;0.0;2019-07-25;2019;7;30;206;25;3;4927;79;7;True
2019-07-25 08:00:00+00:00;True;19.86;513.79;0.0;2019-07-25;2019;7;30;206;25;3;4928;80;8;True
2019-07-25 09:00:00+00:00;True;20.25;637.94;11.1;2019-07-25;2019;7;30;206;25;3;4929;81;9;True
2019-07-25 10:00:00+00:00;True;20.05;416.79;11.5;2019-07-25;2019;7;30;206;25;3;4930;82;10;True
2019-07-25 11:00:00+00:00;True;21.02;675.18;2.1;2019-07-25;2019;7;30;206;25;3;4931;83;11;True
2019-07-25 12:00:00+00:00;True;21.68;794.42;1.3;2019-07-25;2019;7;30;206;25;3;4932;84;12;True
2019-07-25 13:00:00+00:00;True;21.68;628.1;0.1;2019-07-25;2019;7;30;206;25;3;4933;85;13;True
2019-07-25 14:00:00+00:00;True;21.7;459.02;0.3;2019-07-25;2019;7;30;206;25;3;4934;86;14;True
2019-07-25 15:00:00+00:00;True;22.25;525.59;0.1;2019-07-25;2019;7;30;206;25;3;4935;87;15;True
2019-07-25 16:00:00+00:00;True;22.42;382.13;0.6;2019-07-25;2019;7;30;206;25;3;4936;88;16;True
2019-07-25 17:00:00+00:00;True;22.18;219.39;0.1;2019-07-25;2019;7;30;206;25;3;4937;89;17;True
2019-07-25 18:00:00+00:00;True;22.14;178.72;1.5;2019-07-25;2019;7;30;206;25;3;4938;90;18;True
2019-07-25 19:00:00+00:00;True;21.98;81.04;0.1;2019-07-25;2019;7;30;206;25;3;4939;91;19;True
2019-07-25 20:00:00+00:00;True;21.07;13.83;0.1;2019-07-25;2019;7;30;206;25;3;4940;92;20;True
2019-07-25 21:00:00+00:00;True;19.94;0.31;9.4;2019-07-25;2019;7;30;206;25;3;4941;93;21;True
2019-07-25 22:00:00+00:00;True;19.03;0.02;0.1;2019-07-25;2019;7;30;206;25;3;4942;94;22;True
2019-07-25 23:00:00+00:00;True;18.32;0.23;0.0;2019-07-25;2019;7;30;206;25;3;4943;95;23;True
2019-07-26 00:00:00+00:00;True;17.53;0.2;3.8;2019-07-26;2019;7;30;207;26;4;4944;96;0;True
2019-07-26 01:00:00+00:00;True;16.9;0.49;0.7;2019-07-26;2019;7;30;207;26;4;4945;97;1;True
2019-07-26 02:00:00+00:00;True;16.41;1.08;1.4;2019-07-26;2019;7;30;207;26;4;4946;98;2;True
2019-07-26 03:00:00+00:00;True;16.36;5.43;1.5;2019-07-26;2019;7;30;207;26;4;4947;99;3;True
2019-07-26 04:00:00+00:00;True;17.0;16.62;0.4;2019-07-26;2019;7;30;207;26;4;4948;100;4;True
2019-07-26 05:00:00+00:00;True;17.54;43.73;0.8;2019-07-26;2019;7;30;207;26;4;4949;101;5;True
2019-07-26 07:00:00+00:00;True;17.82;94.24;0.0;2019-07-26;2019;7;30;207;26;4;4951;103;7;True
2019-07-26 08:00:00+00:00;True;17.9;126.87;0.1;2019-07-26;2019;7;30;207;26;4;4952;104;8;True
2019-07-26 09:00:00+00:00;True;18.57;160.71;1.2;2019-07-26;2019;7;30;207;26;4;4953;105;9;True
2019-07-26 10:00:00+00:00;True;19.0;176.44;11.2;2019-07-26;2019;7;30;207;26;4;4954;106;10;True
2019-07-26 11:00:00+00:00;True;20.6;565.84;0.1;2019-07-26;2019;7;30;207;26;4;4955;107;11;True
2019-07-26 12:00:00+00:00;True;22.15;580.02;12.9;2019-07-26;2019;7;30;207;26;4;4956;108;12;True
2019-07-26 13:00:00+00:00;True;23.22;684.1;11.3;2019-07-26;2019;7;30;207;26;4;4957;109;13;True
2019-07-26 14:00:00+00:00;True;24.25;603.71;11.7;2019-07-26;2019;7;30;207;26;4;4958;110;14;True
2019-07-26 15:00:00+00:00;True;25.17;532.59;0.1;2019-07-26;2019;7;30;207;26;4;4959;111;15;True
2019-07-26 16:00:00+00:00;True;25.91;457.77;2.0;2019-07-26;2019;7;30;207;26;4;4960;112;16;True
2019-07-26 17:00:00+00:00;True;26.13;312.28;0.1;2019-07-26;2019;7;30;207;26;4;4961;113;17;True
2019-07-26 18:00:00+00:00;True;26.05;188.48;1.0;2019-07-26;2019;7;30;207;26;4;4962;114;18;True
2019-07-26 19:00:00+00:00;True;25.57;85.63;12.3;2019-07-26;2019;7;30;207;26;4;4963;115;19;True
2019-07-26 20:00:00+00:00;True;24.82;16.96;4.2;2019-07-26;2019;7;30;207;26;4;4964;116;20;True
2019-07-26 21:00:00+00:00;True;23.83;1.6;1.9;2019-07-26;2019;7;30;207;26;4;4965;117;21;True
2019-07-26 22:00:00+00:00;True;22.4;4.1;0.0;2019-07-26;2019;7;30;207;26;4;4966;118;22;True
2019-07-26 23:00:00+00:00;True;21.7;4.53;0.1;2019-07-26;2019;7;30;207;26;4;4967;119;23;True
2019-07-27 00:00:00+00:00;True;21.47;2.32;0.0;2019-07-27;2019;7;30;208;27;5;4968;120;0;False
2019-07-27 01:00:00+00:00;True;21.33;2.49;2.1;2019-07-27;2019;7;30;208;27;5;4969;121;1;False
2019-07-27 02:00:00+00:00;True;20.86;2.35;1.1;2019-07-27;2019;7;30;208;27;5;4970;122;2;False
2019-07-27 04:00:00+00:00;True;20.0;30.6;3.3;2019-07-27;2019;7;30;208;27;5;4972;124;4;False
2019-07-27 05:00:00+00:00;True;20.4;119.57;0.6;2019-07-27;2019;7;30;208;27;5;4973;125;5;False
2019-07-27 06:00:00+00:00;True;21.49;245.46;0.0;2019-07-27;2019;7;30;208;27;5;4974;126;6;False
2019-07-27 07:00:00+00:00;True;23.24;379.37;2.0;2019-07-27;2019;7;30;208;27;5;4975;127;7;False
2019-07-27 08:00:00+00:00;True;25.02;505.7;8.3;2019-07-27;2019;7;30;208;27;5;4976;128;8;False
2019-07-27 09:00:00+00:00;True;26.14;616.45;9.1;2019-07-27;2019;7;30;208;27;5;4977;129;9;False
2019-07-27 10:00:00+00:00;True;26.9;709.68;1.7;2019-07-27;2019;7;30;208;27;5;4978;130;10;False
2019-07-27 11:00:00+00:00;True;27.58;723.71;0.1;2019-07-27;2019;7;30;208;27;5;4979;131;11;False
2019-07-27 12:00:00+00:00;True;27.95;782.27;0.1;2019-07-27;2019;7;30;208;27;5;4980;132;12;False
2019-07-27 13:00:00+00:00;True;28.18;634.9;0.1;2019-07-27;2019;7;30;208;27;5;4981;133;13;False
2019-07-27 14:00:00+00:00;True;28.92;715.67;0.1;2019-07-27;2019;7;30;208;27;5;4982;134;14;False
2019-07-27 15:00:00+00:00;True;29.21;554.71;0.3;2019-07-27;2019;7;30;208;27;5;4983;135;15;False
2019-07-27 16:00:00+00:00;True;29.45;462.47;9.9;2019-07-27;2019;7;30;208;27;5;4984;136;16;False
2019-07-27 17:00:00+00:00;True;29.33;325.69;8.4;2019-07-27;2019;7;30;208;27;5;4985;137;17;False
2019-07-27 18:00:00+00:00;True;28.66;189.97;8.6;2019-07-27;2019;7;30;208;27;5;4986;138;18;False
2019-07-27 19:00:00+00:00;True;27.39;84.02;0.1;2019-07-27;2019;7;30;208;27;5;4987;139;19;False
2019-07-27 20:00:00+00:00;True;25.95;14.98;7.9;2019-07-27;2019;7;30;208;27;5;4988;140;20;False
2019-07-27 21:00:00+00:00;True;24.68;4.61;5.8;2019-07-27;2019;7;30;208;27;5;4989;141;21;False
2019-07-27 22:00:00+00:00;True;23.66;0.32;3.5;2019-07-27;2019;7;30;208;27;5;4990;142;22;False
2019-07-27 23:00:00+00:00;True;23.12;0.35;3.4;2019-07-27;2019;7;30;208;27;5;4991;143;23;False
2019-07-28 00:00:00+00:00;True;22.27;0.59;1.5;2019-07-28;2019;7;30;209;28;6;4992;144;0;False
2019-07-28 01:00:00+00:00;True;21.41;0.35;0.3;2019-07-28;2019;7;30;209;28;6;4993;145;1;False
2019-07-28 02:00:00+00:00;True;20.69;0.0;5.3;2019-07-28;2019;7;30;209;28;6;4994;146;2;False
2019-07-28 03:00:00+00:00;True;19.5;1.0;0.0;2019-07-28;2019;7;30;209;28;6;4995;147;3;False
2019-07-28 04:00:00+00:00;True;19.31;26.96;5.7;2019-07-28;2019;7;30;209;28;6;4996;148;4;False
2019-07-28 05:00:00+00:00;True;19.19;112.89;0.1;2019-07-28;2019;7;30;209;28;6;4997;149;5;False
2019-07-28 06:00:00+00:00;True;20.13;235.6;0.0;2019-07-28;2019;7;30;209;28;6;4998;150;6;False
2019-07-28 07:00:00+00:00;True;23.2;369.78;8.0;2019-07-28;2019;7;30;209;28;6;4999;151;7;False
2019-07-28 08:00:00+00:00;True;26.04;497.5;1.0;2019-07-28;2019;7;30;209;28;6;5000;152;8;False
2019-07-28 09:00:00+00:00;True;27.19;612.16;9.5;2019-07-28;2019;7;30;209;28;6;5001;153;9;False
2019-07-28 10:00:00+00:00;True;28.19;695.83;9.0;2019-07-28;2019;7;30;209;28;6;5002;154;10;False
2019-07-28 11:00:00+00:00;True;29.55;728.97;0.1;2019-07-28;2019;7;30;209;28;6;5003;155;11;False
2019-07-28 12:00:00+00:00;True;30.03;648.59;11.4;2019-07-28;2019;7;30;209;28;6;5004;156;12;False
2019-07-28 13:00:00+00:00;True;30.24;598.16;1.7;2019-07-28;2019;7;30;209;28;6;5005;157;13;False
2019-07-28 15:00:00+00:00;True;29.86;178.51;12.5;2019-07-28;2019;7;30;209;28;6;5007;159;15;False
2019-07-28 16:00:00+00:00;True;28.59;225.68;12.1;2019-07-28;2019;7;30;209;28;6;5008;160;16;False
2019-07-28 17:00:00+00:00;True;28.33;213.23;6.1;2019-07-28;2019;7;30;209;28;6;5009;161;17;False
2019-07-28 18:00:00+00:00;True;27.68;174.89;0.0;2019-07-28;2019;7;30;209;28;6;5010;162;18;False
2019-07-28 19:00:00+00:00;True;25.64;72.82;2.3;2019-07-28;2019;7;30;209;28;6;5011;163;19;False
2019-07-28 20:00:00+00:00;True;23.45;11.15;9.4;2019-07-28;2019;7;30;209;28;6;5012;164;20;False
2019-07-28 21:00:00+00:00;True;21.76;0.82;2.0;2019-07-28;2019;7;30;209;28;6;5013;165;21;False
2019-07-28 22:00:00+00:00;True;20.17;0.61;3.7;2019-07-28;2019;7;30;209;28;6;5014;166;22;False
2019-07-28 23:00:00+00:00;True;18.3;0.85;3.1;2019-07-28;2019;7;30;209;28;6;5015;167;23;False
2019-07-29 00:00:00+00:00;True;16.59;0.85;3.4;2019-07-29;2019;7;31;210;29;0;5016;0;0;True
2019-07-29 01:00:00+00:00;True;15.24;0.7;6.1;2019-07-29;2019;7;31;210;29;0;5017;1;1;True
2019-07-29 02:00:00+00:00;True;13.97;0.68;0.0;2019-07-29;2019;7;31;210;29;0;5018;2;2;True
2019-07-29 03:00:00+00:00;True;12.9;1.61;1.1;2019-07-29;2019;7;31;210;29;0;5019;3;3;True
2019-07-29 04:00:00+00:00;True;12.29;30.74;9.8;2019-07-29;2019;7;31;210;29;0;5020;4;4;True
2019-07-29 05:00:00+00:00;True;12.12;126.05;8.9;2019-07-29;2019;7;31;210;29;0;5021;5;5;True
2019-07-29 06:00:00+00:00;True;12.76;257.37;4.4;2019-07-29;2019;7;31;210;29;0;5022;6;6;True
2019-07-29 08:00:00+00:00;True;14.11;532.69;5.9;2019-07-29;2019;7;31;210;29;0;5024;8;8;True
2019-07-29 09:00:00+00:00;True;15.0;648.17;0.1;2019-07-29;2019;7;31;210;29;0;5025;9;9;True
2019-07-29 10:00:00+00:00;True;15.62;737.13;0.0;2019-07-29;2019;7;31;210;29;0;5026;10;10;True
2019-07-29 11:00:00+00:00;True;16.22;791.79;2.5;2019-07-29;2019;7;31;210;29;0;5027;11;11;True
2019-07-29 12:00:00+00:00;True;16.93;805.43;6.8;2019-07-29;2019;7;31;210;29;0;5028;12;12;True
2019-07-29 13:00:00+00:00;True;17.29;776.03;13.7;2019-07-29;2019;7;31;210;29;0;5029;13;13;True
2019-07-29 14:00:00+00:00;True;17.81;710.75;12.4;2019-07-29;2019;7;31;210;29;0;5030;14;14;True
2019-07-29 15:00:00+00:00;True;18.5;615.02;0.6;2019-07-29;2019;7;31;210;29;0;5031;15;15;True
2019-07-29 16:00:00+00:00;True;18.34;485.44;0.1;2019-07-29;2019;7;31;210;29;0;5032;16;16;True
2019-07-29 17:00:00+00:00;True;18.33;309.7;0.1;2019-07-29;2019;7;31;210;29;0;5033;17;17;True
2019-07-29 18:00:00+00:00;True;17.64;141.68;0.5;2019-07-29;2019;7;31;210;29;0;5034;18;18;True
2019-07-29 19:00:00+00:00;True;17.12;76.94;0.1;2019-07-29;2019;7;31;210;29;0;5035;19;19;True
2019-07-29 20:00:00+00:00;True;16.3;8.32;0.2;2019-07-29;2019;7;31;210;29;0;5036;20;20;True
2019-07-29 21:00:00+00:00;True;15.77;0.06;0.1;2019-07-29;2019;7;31;210;29;0;5037;21;21;True
2019-07-29 22:00:00+00:00;True;14.85;0.75;0.1;2019-07-29;2019;7;31;210;29;0;5038;22;22;True
2019-07-29 23:00:00+00:00;True;13.72;2.28;1.6;2019-07-29;2019;7;31;210;29;0;5039;23;23;True
2019-07-30 00:00:00+00:00;True;14.5;3.02;2.3;2019-07-30;2019;7;31;211;30;1;5040;24;0;True
2019-07-30 01:00:00+00:00;True;14.02;4.16;11.0;2019-07-30;2019;7;31;211;30;1;5041;25;1;True
2019-07-30 02:00:00+00:00;True;13.05;4.58;8.3;2019-07-30;2019;7;31;211;30;1;5042;26;2;True
2019-07-30 03:00:00+00:00;True;14.17;4.68;0.1;2019-07-30;2019;7;31;211;30;1;5043;27;3;True
2019-07-30 04:00:00+00:00;True;13.44;9.34;7.5;2019-07-30;2019;7;31;211;30;1;5044;28;4;True
2019-07-30 05:00:00+00:00;True;12.62;21.14;0.0;2019-07-30;2019;7;31;211;30;1;5045;29;5;True
2019-07-30 06:00:00+00:00;True;12.19;32.38;11.1;2019-07-30;2019;7;31;211;30;1;5046;30;6;True
2019-07-30 07:00:00+00:00;True;12.12;30.38;1.9;2019-07-30;2019;7;31;211;30;1;5047;31;7;True
2019-07-30 08:00:00+00:00;True;12.11;43.83;6.8;2019-07-30;2019;7;31;211;30;1;5048;32;8;True
2019-07-30 09:00:00+00:00;True;11.71;66.24;7.9;2019-07-30;2019;7;31;211;30;1;5049;33;9;True
2019-07-30 10:00:00+00:00;True;11.18;89.1;2.4;2019-07-30;2019;7;31;211;30;1;5050;34;10;True
2019-07-30 11:00:00+00:00;True;11.22;81.69;3.7;2019-07-30;2019;7;31;211;30;1;5051;35;11;True
2019-07-30 12:00:00+00:00;True;11.71;221.01;7.0;2019-07-30;2019;7;31;211;30;1;5052;36;12;True
2019-07-30 13:00:00+00:00;True;12.95;434.02;10.8;2019-07-30;2019;7;31;211;30;1;5053;37;13;True
2019-07-30 14:00:00+00:00;True;13.86;305.74;3.0;2019-07-30;2019;7;31;211;30;1;5054;38;14;True
2019-07-30 15:00:00+00:00;True;14.37;426.74;11.3;2019-07-30;2019;7;31;211;30;1;5055;39;15;True
2019-07-30 16:00:00+00:00;True;14.45;361.1;1.2;2019-07-30;2019;7;31;211;30;1;5056;40;16;True
2019-07-30 17:00:00+00:00;True;14.79;231.14;3.4;2019-07-30;2019;7;31;211;30;1;5057;41;17;True
2019-07-30 18:00:00+00:00;True;13.83;170.17;0.1;2019-07-30;2019;7;31;211;30;1;5058;42;18;True
2019-07-30 19:00:00+00:00;True;12.94;56.96;0.3;2019-07-30;2019;7;31;211;30;1;5059;43;19;True
2019-07-30 20:00:00+00:00;True;11.65;16.03;1.3;2019-07-30;2019;7;31;211;30;1;5060;44;20;True
2019-07-30 21:00:00+00:00;True;10.63;4.04;10.5;2019-07-30;2019;7;31;211;30;1;5061;45;21;True
2019-07-30 22:00:00+00:00;True;9.75;3.82;9.8;2019-07-30;2019;7;31;211;30;1;5062;46;22;True
2019-07-30 23:00:00+00:00;True;9.35;1.61;0.1;2019-07-30;2019;7;31;211;30;1;5063;47;23;True
2019-07-31 00:00:00+00:00;True;9.41;1.58;1.2;2019-07-31;2019;7;31;212;31;2;5064;48;0;True
2019-07-31 01:00:00+00:00;True;9.93;1.96;9.5;2019-07-31;2019;7;31;212;31;2;5065;49;1;True
2019-07-31 02:00:00+00:00;True;10.15;5.35;10.0;2019-07-31;2019;7;31;212;31;2;5066;50;2;True
2019-07-31 03:00:00+00:00;True;10.28;5.68;8.9;2019-07-31;2019;7;31;212;31;2;5067;51;3;True
2019-07-31 04:00:00+00:00;True;10.42;9.87;1.0;2019-07-31;2019;7;31;212;31;2;5068;52;4;True
2019-07-31 05:00:00+00:00;True;10.39;30.41;0.6;2019-07-31;2019;7;31;212;31;2;5069;53;5;True
2019-07-31 06:00:00+00:00;True;10.53;91.99;0.1;2019-07-31;2019;7;31;212;31;2;5070;54;6;True
2019-07-31 07:00:00+00:00;True;10.74;119.5;0.1;2019-07-31;2019;7;31;212;31;2;5071;55;7;True
2019-07-31 08:00:00+00:00;True;10.85;130.89;14.5;2019-07-31;2019;7;31;212;31;2;5072;56;8;True
2019-07-31 09:00:00+00:00;True;11.36;135.54;7.4;2019-07-31;2019;7;31;212;31;2;5073;57;9;True
2019-07-31 10:00:00+00:00;True;11.91;200.64;6.8;2019-07-31;2019;7;31;212;31;2;5074;58;10;True
2019-07-31 11:00:00+00:00;True;11.7;124.43;2.4;2019-07-31;2019;7;31;212;31;2;5075;59;11;True
2019-07-31 12:00:00+00:00;True;12.18;238.67;14.9;2019-07-31;2019;7;31;212;31;2;5076;60;12;True
2019-07-31 13:00:00+00:00;True;12.65;204.19;3.4;2019-07-31;2019;7;31;212;31;2;5077;61;13;True
2019-07-31 14:00:00+00:00;True;12.09;159.8;0.1;2019-07-31;2019;7;31;212;31;2;5078;62;14;True
2019-07-31 15:00:00+00:00;True;12.67;222.56;0.2;2019-07-31;2019;7;31;212;31;2;5079;63;15;True
2019-07-31 16:00:00+00:00;True;12.29;58.49;1.2;2019-07-31;2019;7;31;212;31;2;5080;64;16;True
2019-07-31 17:00:00+00:00;True;11.73;59.23;1.3;2019-07-31;2019;7;31;212;31;2;5081;65;17;True
2019-07-31 18:00:00+00:00;True;12.26;53.4;11.8;2019-07-31;2019;7;31;212;31;2;5082;66;18;True
2019-07-31 19:00:00+00:00;True;12.72;56.62;1.5;2019-07-31;2019;7;31;212;31;2;5083;67;19;True
2019-07-31 20:00:00+00:00;True;12.79;11.18;8.3;2019-07-31;2019;7;31;212;31;2;5084;68;20;True
2019-07-31 21:00:00+00:00;True;12.62;4.35;4.2;2019-07-31;2019;7;31;212;31;2;5085;69;21;True
2019-07-31 22:00:00+00:00;True;12.38;4.41;10.1;2019-07-31;2019;7;31;212;31;2;5086;70;22;True
2019-07-31 23:00:00+00:00;True;12.16;5.22;10.3;2019-07-31;2019;7;31;212;31;2;5087;71;23;True
2019-08-01 00:00:00+00:00;True;11.53;5.45;0.0;2019-08-01;2019;8;31;213;1;3;5088;72;0;True
2019-08-01 01:00:00+00:00;True;11.07;5.16;0.0;2019-08-01;2019;8;31;213;1;3;5089;73;1;True
2019-08-01 02:00:00+00:00;True;11.41;4.86;0.1;2019-08-01;2019;8;31;213;1;3;5090;74;2;True
2019-08-01 03:00:00+00:00;True;11.4;4.74;0.1;2019-08-01;2019;8;31;213;1;3;5091;75;3;True
2019-08-01 04:00:00+00:00;True;11.33;9.89;10.8;2019-08-01;2019;8;31;213;1;3;5092;76;4;True
2019-08-01 05:00:00+00:00;True;11.62;69.31;0.2;2019-08-01;2019;8;31;213;1;3;5093;77;5;True
2019-08-01 06:00:00+00:00;True;12.67;227.17;11.2;2019-08-01;2019;8;31;213;1;3;5094;78;6;True
2019-08-01 07:00:00+00:00;True;13.59;353.8;0.4;2019-08-01;2019;8;31;213;1;3;5095;79;7;True
2019-08-01 08:00:00+00:00;True;14.62;404.13;3.5;2019-08-01;2019;8;31;213;1;3;5096;80;8;True
2019-08-01 09:00:00+00:00;True;15.28;422.37;8.6;2019-08-01;2019;8;31;213;1;3;5097;81;9;True
2019-08-01 10:00:00+00:00;True;16.38;647.66;11.6;2019-08-01;2019;8;31;213;1;3;5098;82;10;True
2019-08-01 11:00:00+00:00;True;17.31;544.96;0.6;2019-08-01;2019;8;31;213;1;3;5099;83;11;True
2019-08-01 12:00:00+00:00;True;18.11;489.7;0.1;2019-08-01;2019;8;31;213;1;3;5100;84;12;True
2019-08-01 13:00:00+00:00;True;18.29;392.26;0.0;2019-08-01;2019;8;31;213;1;3;5101;85;13;True
2019-08-01 14:00:00+00:00;True;18.64;452.31;2.1;2019-08-01;2019;8;31;213;1;3;5102;86;14;True
2019-08-01 15:00:00+00:00;True;19.27;387.02;11.2;2019-08-01;2019;8;31;213;1;3;5103;87;15;True
2019-08-01 16:00:00+00:00;True;19.68;421.09;0.1;2019-08-01;2019;8;31;213;1;3;5104;88;16;True
2019-08-01 17:00:00+00:00;True;19.32;226.74;3.2;2019-08-01;2019;8;31;213;1;3;5105;89;17;True
2019-08-01 18:00:00+00:00;True;18.25;171.25;1.9;2019-08-01;2019;8;31;213;1;3;5106;90;18;True
2019-08-01 19:00:00+00:00;True;16.7;54.48;2.0;2019-08-01;2019;8;31;213;1;3;5107;91;19;True
2019-08-01 20:00:00+00:00;True;15.56;10.71;1.3;2019-08-01;2019;8;31;213;1;3;5108;92;20;True
2019-08-01 21:00:00+00:00;True;14.0;2.74;3.2;2019-08-01;2019;8;31;213;1;3;5109;93;21;True
2019-08-01 22:00:00+00:00;True;12.96;3.79;0.1;2019-08-01;2019;8;31;213;1;3;5110;94;22;True
2019-08-01 23:00:00+00:00;True;12.41;5.6;0.0;2019-08-01;2019;8;31;213;1;3;5111;95;23;True
2019-08-02 00:00:00+00:00;True;12.34;4.6;11.6;2019-08-02;2019;8;31;214;2;4;5112;96;0;True
2019-08-02 01:00:00+00:00;True;11.76;3.8;11.6;2019-08-02;2019;8;31;214;2;4;5113;97;1;True
2019-08-02 02:00:00+00:00;True;11.3;4.26;0.3;2019-08-02;2019;8;31;214;2;4;5114;98;2;True
2019-08-02 03:00:00+00:00;True;10.82;4.45;0.7;2019-08-02;2019;8;31;214;2;4;5115;99;3;True
2019-08-02 04:00:00+00:00;True;10.81;18.18;0.1;2019-08-02;2019;8;31;214;2;4;5116;100;4;True
2019-08-02 05:00:00+00:00;True;11.23;53.76;0.0;2019-08-02;2019;8;31;214;2;4;5117;101;5;True
2019-08-02 06:00:00+00:00;True;11.37;116.59;0.1;2019-08-02;2019;8;31;214;2;4;5118;102;6;True
2019-08-02 07:00:00+00:00;True;12.37;203.55;2.7;2019-08-02;2019;8;31;214;2;4;5119;103;7;True
2019-08-02 08:00:00+00:00;True;13.09;227.3;1.9;2019-08-02;2019;8;31;214;2;4;5120;104;8;True
2019-08-02 09:00:00+00:00;True;14.1;407.59;0.8;2019-08-02;2019;8;31;214;2;4;5121;105;9;True
2019-08-02 10:00:00+00:00;True;15.38;500.27;8.5;2019-08-02;2019;8;31;214;2;4;5122;106;10;True
2019-08-02 11:00:00+00:00;True;16.47;617.69;0.6;2019-08-02;2019;8;31;214;2;4;5123;107;11;True
2019-08-02 12:00:00+00:00;True;16.6;344.87;2.1;2019-08-02;2019;8;31;214;2;4;5124;108;12;True
2019-08-02 13:00:00+00:00;True;16.73;309.0;11.5;2019-08-02;2019;8;31;214;2;4;5125;109;13;True
2019-08-02 14:00:00+00:00;True;17.18;311.29;0.0;2019-08-02;2019;8;31;214;2;4;5126;110;14;True
2019-08-02 15:00:00+00:00;True;17.74;224.51;12.1;2019-08-02;2019;8;31;214;2;4;5127;111;15;True
2019-08-02 16:00:00+00:00;True;17.89;114.79;1.0;2019-08-02;2019;8;31;214;2;4;5128;112;16;True
2019-08-02 17:00:00+00:00;True;17.62;97.11;0.0;2019-08-02;2019;8;31;214;2;4;5129;113;17;True
2019-08-02 18:00:00+00:00;True;17.33;86.86;10.3;2019-08-02;2019;8;31;214;2;4;5130;114;18;True
2019-08-02 19:00:00+00:00;True;16.73;41.3;0.0;2019-08-02;2019;8;31;214;2;4;5131;115;19;True
2019-08-02 20:00:00+00:00;True;15.59;9.47;8.7;2019-08-02;2019;8;31;214;2;4;5132;116;20;True
2019-08-02 21:00:00+00:00;True;14.4;3.76;2.3;2019-08-02;2019;8;31;214;2;4;5133;117;21;True
2019-08-02 22:00:00+00:00;True;13.45;3.18;2.8;2019-08-02;2019;8;31;214;2;4;5134;118;22;True
2019-08-02 23:00:00+00:00;True;12.07;3.43;11.1;2019-08-02;2019;8;31;214;2;4;5135;119;23;True
2019-08-03 00:00:00+00:00;True;10.85;3.6;1.1;2019-08-03;2019;8;31;215;3;5;5136;120;0;False
2019-08-03 01:00:00+00:00;True;10.13;4.57;2.1;2019-08-03;2019;8;31;215;3;5;5137;121;1;False
2019-08-03 02:00:00+00:00;True;10.12;4.6;0.1;2019-08-03;2019;8;31;215;3;5;5138;122;2;False
2019-08-03 03:00:00+00:00;True;9.63;4.55;0.1;2019-08-03;2019;8;31;215;3;5;5139;123;3;False
2019-08-03 05:00:00+00:00;True;9.58;93.78;10.3;2019-08-03;2019;8;31;215;3;5;5141;125;5;False
2019-08-03 06:00:00+00:00;True;10.77;179.89;1.9;2019-08-03;2019;8;31;215;3;5;5142;126;6;False
2019-08-03 07:00:00+00:00;True;12.15;317.4;11.5;2019-08-03;2019;8;31;215;3;5;5143;127;7;False
2019-08-03 08:00:00+00:00;True;13.48;352.71;2.7;2019-08-03;2019;8;31;215;3;5;5144;128;8;False
2019-08-03 09:00:00+00:00;True;14.57;410.31;0.1;2019-08-03;2019;8;31;215;3;5;5145;129;9;False
2019-08-03 10:00:00+00:00;True;13.78;190.05;1.6;2019-08-03;2019;8;31;215;3;5;5146;130;10;False
2019-08-03 11:00:00+00:00;True;12.04;143.83;1.3;2019-08-03;2019;8;31;215;3;5;5147;131;11;False
2019-08-03 12:00:00+00:00;True;13.54;318.86;12.9;2019-08-03;2019;8;31;215;3;5;5148;132;12;False
2019-08-03 13:00:00+00:00;True;14.21;317.72;3.5;2019-08-03;2019;8;31;215;3;5;5149;133;13;False
2019-08-03 14:00:00+00:00;True;15.55;543.33;10.0;2019-08-03;2019;8;31;215;3;5;5150;134;14;False
2019-08-03 15:00:00+00:00;True;14.03;391.82;5.2;2019-08-03;2019;8;31;215;3;5;5151;135;15;False
2019-08-03 16:00:00+00:00;True;14.57;407.02;5.8;2019-08-03;2019;8;31;215;3;5;5152;136;16;False
2019-08-03 17:00:00+00:00;True;14.54;223.77;3.0;2019-08-03;2019;8;31;215;3;5;5153;137;17;False
2019-08-03 18:00:00+00:00;True;14.13;168.61;10.8;2019-08-03;2019;8;31;215;3;5;5154;138;18;False
2019-08-03 19:00:00+00:00;True;13.58;66.63;1.4;2019-08-03;2019;8;31;215;3;5;5155;139;19;False
2019-08-03 20:00:00+00:00;True;12.31;7.75;1.2;2019-08-03;2019;8;31;215;3;5;5156;140;20;False
2019-08-03 21:00:00+00:00;True;11.18;1.63;2.5;2019-08-03;2019;8;31;215;3;5;5157;141;21;False
2019-08-03 22:00:00+00:00;True;10.41;2.07;0.1;2019-08-03;2019;8;31;215;3;5;5158;142;22;False
2019-08-03 23:00:00+00:00;True;8.98;2.91;7.2;2019-08-03;2019;8;31;215;3;5;5159;143;23;False
2019-08-04 00:00:00+00:00;True;7.91;3.48;2.7;2019-08-04;2019;8;31;216;4;6;5160;144;0;False
2019-08-04 01:00:00+00:00;True;7.64;1.24;0.0;2019-08-04;2019;8;31;216;4;6;5161;145;1;False
2019-08-04 02:00:00+00:00;True;7.29;1.07;10.7;2019-08-04;2019;8;31;216;4;6;5162;146;2;False
2019-08-04 03:00:00+00:00;True;6.89;2.23;0.6;2019-08-04;2019;8;31;216;4;6;5163;147;3;False
2019-08-04 04:00:00+00:00;True;7.07;13.79;1.0;2019-08-04;2019;8;31;216;4;6;5164;148;4;False
2019-08-04 05:00:00+00:00;True;7.09;91.31;1.1;2019-08-04;2019;8;31;216;4;6;5165;149;5;False
2019-08-04 06:00:00+00:00;True;8.0;179.61;10.3;2019-08-04;2019;8;31;216;4;6;5166;150;6;False
2019-08-04 07:00:00+00:00;True;10.16;317.74;0.1;2019-08-04;2019;8;31;216;4;6;5167;151;7;False
2019-08-04 08:00:00+00:00;True;13.22;476.05;4.0;2019-08-04;2019;8;31;216;4;6;5168;152;8;False
2019-08-04 09:00:00+00:00;True;14.26;630.39;1.0;2019-08-04;2019;8;31;216;4;6;5169;153;9;False
2019-08-04 10:00:00+00:00;True;13.52;499.77;11.4;2019-08-04;2019;8;31;216;4;6;5170;154;10;False
2019-08-04 11:00:00+00:00;True;14.23;390.09;2.7;2019-08-04;2019;8;31;216;4;6;5171;155;11;False
2019-08-04 12:00:00+00:00;True;13.71;374.21;12.2;2019-08-04;2019;8;31;216;4;6;5172;156;12;False
2019-08-04 13:00:00+00:00;True;14.3;377.77;12.5;2019-08-04;2019;8;31;216;4;6;5173;157;13;False
2019-08-04 14:00:00+00:00;True;14.29;456.11;9.9;2019-08-04;2019;8;31;216;4;6;5174;158;14;False
2019-08-04 15:00:00+00:00;True;14.57;365.36;0.1;2019-08-04;2019;8;31;216;4;6;5175;159;15;False
2019-08-04 16:00:00+00:00;True;14.88;303.31;1.2;2019-08-04;2019;8;31;216;4;6;5176;160;16;False
2019-08-04 17:00:00+00:00;True;15.38;290.15;10.3;2019-08-04;2019;8;31;216;4;6;5177;161;17;False
2019-08-04 18:00:00+00:00;True;14.97;160.74;0.2;2019-08-04;2019;8;31;216;4;6;5178;162;18;False
2019-08-04 19:00:00+00:00;True;14.14;60.43;10.8;2019-08-04;2019;8;31;216;4;6;5179;163;19;False
2019-08-04 20:00:00+00:00;True;12.64;5.79;2.4;2019-08-04;2019;8;31;216;4;6;5180;164;20;False
2019-08-04 21:00:00+00:00;True;11.44;0.46;1.2;2019-08-04;2019;8;31;216;4;6;5181;165;21;False
2019-08-04 22:00:00+00:00;True;10.45;0.2;0.1;2019-08-04;2019;8;31;216;4;6;5182;166;22;False
2019-08-04 23:00:00+00:00;True;9.75;1.59;1.6;2019-08-04;2019;8;31;216;4;6;5183;167;23;False
2019-08-05 00:00:00+00:00;True;9.67;1.56;11.2;2019-08-05;2019;8;32;217;5;0;5184;0;0;True
2019-08-05 01:00:00+00:00;True;9.06;0.97;5.8;2019-08-05;2019;8;32;217;5;0;5185;1;1;True
2019-08-05 02:00:00+00:00;True;8.24;0.87;0.1;2019-08-05;2019;8;32;217;5;0;5186;2;2;True
2019-08-05 03:00:00+00:00;True;7.72;1.13;0.1;2019-08-05;2019;8;32;217;5;0;5187;3;3;True
2019-08-05 04:00:00+00:00;True;7.49;13.7;0.1;2019-08-05;2019;8;32;217;5;0;5188;4;4;True
2019-08-05 05:00:00+00:00;True;7.51;52.34;4.5;2019-08-05;2019;8;32;217;5;0;5189;5;5;True
2019-08-05 06:00:00+00:00;True;8.12;136.81;1.1;2019-08-05;2019;8;32;217;5;0;5190;6;6;True
2019-08-05 07:00:00+00:00;True;9.9;342.94;12.9;2019-08-05;2019;8;32;217;5;0;5191;7;7;True
2019-08-05 08:00:00+00:00;True;12.91;466.68;7.4;2019-08-05;2019;8;32;217;5;0;5192;8;8;True
2019-08-05 09:00:00+00:00;True;14.71;615.01;0.1;2019-08-05;2019;8;32;217;5;0;5193;9;9;True
2019-08-05 10:00:00+00:00;True;15.32;515.28;4.9;2019-08-05;2019;8;32;217;5;0;5194;10;10;True
2019-08-05 11:00:00+00:00;True;16.47;750.12;2.0;2019-08-05;2019;8;32;217;5;0;5195;11;11;True
2019-08-05 12:00:00+00:00;True;17.42;780.24;11.1;2019-08-05;2019;8;32;217;5;0;5196;12;12;True
2019-08-05 13:00:00+00:00;True;18.21;739.19;3.3;2019-08-05;2019;8;32;217;5;0;5197;13;13;True
2019-08-05 14:00:00+00:00;True;18.44;664.0;12.8;2019-08-05;2019;8;32;217;5;0;5198;14;14;True
2019-08-05 15:00:00+00:00;True;18.95;542.36;11.1;2019-08-05;2019;8;32;217;5;0;5199;15;15;True
2019-08-05 16:00:00+00:00;True;19.2;440.57;3.1;2019-08-05;2019;8;32;217;5;0;5200;16;16;True
2019-08-05 17:00:00+00:00;True;19.19;312.29;3.6;2019-08-05;2019;8;32;217;5;0;5201;17;17;True
2019-08-05 18:00:00+00:00;True;18.62;184.16;0.4;2019-08-05;2019;8;32;217;5;0;5202;18;18;True
2019-08-05 19:00:00+00:00;True;17.46;58.46;0.1;2019-08-05;2019;8;32;217;5;0;5203;19;19;True
2019-08-05 20:00:00+00:00;True;15.93;5.3;0.0;2019-08-05;2019;8;32;217;5;0;5204;20;20;True
2019-08-05 21:00:00+00:00;True;14.39;0.55;0.1;2019-08-05;2019;8;32;217;5;0;5205;21;21;True
2019-08-05 22:00:00+00:00;True;13.19;0.58;0.1;2019-08-05;2019;8;32;217;5;0;5206;22;22;True
2019-08-05 23:00:00+00:00;True;12.38;0.83;11.6;2019-08-05;2019;8;32;217;5;0;5207;23;23;True
2019-08-06 00:00:00+00:00;True;11.64;0.97;7.3;2019-08-06;2019;8;32;218;6;1;5208;24;0;True
2019-08-06 01:00:00+00:00;True;11.34;1.01;0.1;2019-08-06;2019;8;32;218;6;1;5209;25;1;True
2019-08-06 02:00:00+00:00;True;11.32;0.79;0.0;2019-08-06;2019;8;32;218;6;1;5210;26;2;True
2019-08-06 03:00:00+00:00;True;11.28;0.89;10.6;2019-08-06;2019;8;32;218;6;1;5211;27;3;True
2019-08-06 04:00:00+00:00;True;10.87;14.36;10.1;2019-08-06;2019;8;32;218;6;1;5212;28;4;True
2019-08-06 05:00:00+00:00;True;11.36;79.52;0.2;2019-08-06;2019;8;32;218;6;1;5213;29;5;True
2019-08-06 06:00:00+00:00;True;12.68;211.43;0.1;2019-08-06;2019;8;32;218;6;1;5214;30;6;True
2019-08-06 07:00:00+00:00;True;14.57;351.91;0.3;2019-08-06;2019;8;32;218;6;1;5215;31;7;True
2019-08-06 08:00:00+00:00;True;15.58;333.15;2.8;2019-08-06;2019;8;32;218;6;1;5216;32;8;True
2019-08-06 09:00:00+00:00;True;16.42;353.87;13.0;2019-08-06;2019;8;32;218;6;1;5217;33;9;True
2019-08-06 10:00:00+00:00;True;16.33;255.33;0.1;2019-08-06;2019;8;32;218;6;1;5218;34;10;True
2019-08-06 11:00:00+00:00;True;16.26;335.01;0.1;2019-08-06;2019;8;32;218;6;1;5219;35;11;True
2019-08-06 12:00:00+00:00;True;16.48;262.37;12.9;2019-08-06;2019;8;32;218;6;1;5220;36;12;True
2019-08-06 13:00:00+00:00;True;18.03;635.72;0.1;2019-08-06;2019;8;32;218;6;1;5221;37;13;True
2019-08-06 14:00:00+00:00;True;18.32;332.92;10.2;2019-08-06;2019;8;32;218;6;1;5222;38;14;True
2019-08-06 15:00:00+00:00;True;18.63;227.37;0.1;2019-08-06;2019;8;32;218;6;1;5223;39;15;True
2019-08-06 16:00:00+00:00;True;19.27;238.61;6.9;2019-08-06;2019;8;32;218;6;1;5224;40;16;True
2019-08-06 17:00:00+00:00;True;17.79;82.83;0.0;2019-08-06;2019;8;32;218;6;1;5225;41;17;True
2019-08-06 18:00:00+00:00;True;17.11;107.8;11.4;2019-08-06;2019;8;32;218;6;1;5226;42;18;True
2019-08-06 19:00:00+00:00;True;16.86;35.27;0.0;2019-08-06;2019;8;32;218;6;1;5227;43;19;True
2019-08-06 20:00:00+00:00;True;16.34;2.2;0.1;2019-08-06;2019;8;32;218;6;1;5228;44;20;True
2019-08-06 21:00:00+00:00;True;15.68;0.0;10.5;2019-08-06;2019;8;32;218;6;1;5229;45;21;True
2019-08-06 22:00:00+00:00;True;15.33;0.0;0.1;2019-08-06;2019;8;32;218;6;1;5230;46;22;True
2019-08-06 23:00:00+00:00;True;15.16;0.38;4.0;2019-08-06;2019;8;32;218;6;1;5231;47;23;True
2019-08-07 00:00:00+00:00;True;14.94;0.17;11.1;2019-08-07;2019;8;32;219;7;2;5232;48;0;True
2019-08-07 01:00:00+00:00;True;15.07;0.5;1.4;2019-08-07;2019;8;32;219;7;2;5233;49;1;True
2019-08-07 02:00:00+00:00;True;15.02;0.58;3.3;2019-08-07;2019;8;32;219;7;2;5234;50;2;True
2019-08-07 03:00:00+00:00;True;14.96;0.74;0.1;2019-08-07;2019;8;32;219;7;2;5235;51;3;True
2019-08-07 04:00:00+00:00;True;15.06;3.29;10.1;2019-08-07;2019;8;32;219;7;2;5236;52;4;True
2019-08-07 05:00:00+00:00;True;14.72;20.0;0.1;2019-08-07;2019;8;32;219;7;2;5237;53;5;True
2019-08-07 06:00:00+00:00;True;15.04;81.32;0.1;2019-08-07;2019;8;32;219;7;2;5238;54;6;True
2019-08-07 07:00:00+00:00;True;16.16;199.38;0.1;2019-08-07;2019;8;32;219;7;2;5239;55;7;True
2019-08-07 08:00:00+00:00;True;17.45;419.3;1.1;2019-08-07;2019;8;32;219;7;2;5240;56;8;True
2019-08-07 09:00:00+00:00;True;18.63;500.86;0.1;2019-08-07;2019;8;32;219;7;2;5241;57;9;True
2019-08-07 10:00:00+00:00;True;19.7;435.13;12.4;2019-08-07;2019;8;32;219;7;2;5242;58;10;True
2019-08-07 11:00:00+00:00;True;20.54;496.57;2.3;2019-08-07;2019;8;32;219;7;2;5243;59;11;True
2019-08-07 12:00:00+00:00;True;19.53;167.29;0.0;2019-08-07;2019;8;32;219;7;2;5244;60;12;True
2019-08-07 13:00:00+00:00;True;17.68;41.98;13.5;2019-08-07;2019;8;32;219;7;2;5245;61;13;True
2019-08-07 14:00:00+00:00;True;15.95;174.07;6.3;2019-08-07;2019;8;32;219;7;2;5246;62;14;True
2019-08-07 15:00:00+00:00;True;17.88;326.26;12.7;2019-08-07;2019;8;32;219;7;2;5247;63;15;True
2019-08-07 16:00:00+00:00;True;18.68;140.06;0.1;2019-08-07;2019;8;32;219;7;2;5248;64;16;True
2019-08-07 17:00:00+00:00;True;17.71;206.22;2.2;2019-08-07;2019;8;32;219;7;2;5249;65;17;True
2019-08-07 18:00:00+00:00;True;17.61;99.19;3.0;2019-08-07;2019;8;32;219;7;2;5250;66;18;True
2019-08-07 20:00:00+00:00;True;15.98;1.83;0.4;2019-08-07;2019;8;32;219;7;2;5252;68;20;True
2019-08-07 21:00:00+00:00;True;15.45;0.12;3.4;2019-08-07;2019;8;32;219;7;2;5253;69;21;True
2019-08-07 22:00:00+00:00;True;15.13;0.16;11.3;2019-08-07;2019;8;32;219;7;2;5254;70;22;True
2019-08-07 23:00:00+00:00;True;14.94;0.2;0.1;2019-08-07;2019;8;32;219;7;2;5255;71;23;True
2019-08-08 00:00:00+00:00;True;14.77;0.04;0.8;2019-08-08;2019;8;32;220;8;3;5256;72;0;True
2019-08-08 01:00:00+00:00;True;13.84;0.0;0.1;2019-08-08;2019;8;32;220;8;3;5257;73;1;True
2019-08-08 02:00:00+00:00;True;13.2;0.03;0.0;2019-08-08;2019;8;32;220;8;3;5258;74;2;True
2019-08-08 03:00:00+00:00;True;12.79;0.0;12.1;2019-08-08;2019;8;32;220;8;3;5259;75;3;True
2019-08-08 04:00:00+00:00;True;12.22;12.31;0.1;2019-08-08;2019;8;32;220;8;3;5260;76;4;True
2019-08-08 05:00:00+00:00;True;12.74;85.1;11.4;2019-08-08;2019;8;32;220;8;3;5261;77;5;True
2019-08-08 06:00:00+00:00;True;13.57;200.93;11.1;2019-08-08;2019;8;32;220;8;3;5262;78;6;True
2019-08-08 07:00:00+00:00;True;14.34;263.87;2.9;2019-08-08;2019;8;32;220;8;3;5263;79;7;True
2019-08-08 08:00:00+00:00;True;15.02;325.51;5.6;2019-08-08;2019;8;32;220;8;3;5264;80;8;True
2019-08-08 09:00:00+00:00;True;16.95;541.92;3.4;2019-08-08;2019;8;32;220;8;3;5265;81;9;True
2019-08-08 10:00:00+00:00;True;18.24;506.04;0.3;2019-08-08;2019;8;32;220;8;3;5266;82;10;True
2019-08-08 11:00:00+00:00;True;18.95;468.93;0.0;2019-08-08;2019;8;32;220;8;3;5267;83;11;True
2019-08-08 12:00:00+00:00;True;19.29;428.16;0.2;2019-08-08;2019;8;32;220;8;3;5268;84;12;True
2019-08-08 13:00:00+00:00;True;19.81;485.2;6.3;2019-08-08;2019;8;32;220;8;3;5269;85;13;True
2019-08-08 14:00:00+00:00;True;20.15;487.88;0.0;2019-08-08;2019;8;32;220;8;3;5270;86;14;True
2019-08-08 15:00:00+00:00;True;20.37;369.74;3.3;2019-08-08;2019;8;32;220;8;3;5271;87;15;True
2019-08-08 16:00:00+00:00;True;20.46;191.56;11.8;2019-08-08;2019;8;32;220;8;3;5272;88;16;True
2019-08-08 17:00:00+00:00;True;19.97;51.93;9.9;2019-08-08;2019;8;32;220;8;3;5273;89;17;True
2019-08-08 19:00:00+00:00;True;17.7;6.83;0.7;2019-08-08;2019;8;32;220;8;3;5275;91;19;True
2019-08-08 20:00:00+00:00;True;16.24;0.2;0.1;2019-08-08;2019;8;32;220;8;3;5276;92;20;True
2019-08-08 21:00:00+00:00;True;15.51;0.06;2.8;2019-08-08;2019;8;32;220;8;3;5277;93;21;True
2019-08-08 22:00:00+00:00;True;14.62;0.08;11.0;2019-08-08;2019;8;32;220;8;3;5278;94;22;True
2019-08-08 23:00:00+00:00;True;14.36;0.07;0.1;2019-08-08;2019;8;32;220;8;3;5279;95;23;True
2019-08-09 00:00:00+00:00;True;14.06;0.02;0.1;2019-08-09;2019;8;32;221;9;4;5280;96;0;True
2019-08-09 01:00:00+00:00;True;13.98;0.08;0.2;2019-08-09;2019;8;32;221;9;4;5281;97;1;True
2019-08-09 02:00:00+00:00;True;14.14;0.34;0.1;2019-08-09;2019;8;32;221;9;4;5282;98;2;True
2019-08-09 03:00:00+00:00;True;14.28;0.68;2.4;2019-08-09;2019;8;32;221;9;4;5283;99;3;True
2019-08-09 05:00:00+00:00;True;14.4;31.85;9.9;2019-08-09;2019;8;32;221;9;4;5285;101;5;True
2019-08-09 06:00:00+00:00;True;14.44;61.6;10.0;2019-08-09;2019;8;32;221;9;4;5286;102;6;True
2019-08-09 07:00:00+00:00;True;15.04;131.39;0.1;2019-08-09;2019;8;32;221;9;4;5287;103;7;True
2019-08-09 08:00:00+00:00;True;15.55;159.48;14.3;2019-08-09;2019;8;32;221;9;4;5288;104;8;True
2019-08-09 09:00:00+00:00;True;16.26;260.73;13.6;2019-08-09;2019;8;32;221;9;4;5289;105;9;True
2019-08-09 10:00:00+00:00;True;17.5;364.47;12.4;2019-08-09;2019;8;32;221;9;4;5290;106;10;True
2019-08-09 11:00:00+00:00;True;18.61;393.3;2.3;2019-08-09;2019;8;32;221;9;4;5291;107;11;True
2019-08-09 12:00:00+00:00;True;19.76;485.37;0.4;2019-08-09;2019;8;32;221;9;4;5292;108;12;True
2019-08-09 13:00:00+00:00;True;20.64;586.79;0.8;2019-08-09;2019;8;32;221;9;4;5293;109;13;True
2019-08-09 14:00:00+00:00;True;17.23;181.17;3.0;2019-08-09;2019;8;32;221;9;4;5294;110;14;True
2019-08-09 15:00:00+00:00;True;14.83;91.62;0.1;2019-08-09;2019;8;32;221;9;4;5295;111;15;True
2019-08-09 16:00:00+00:00;True;15.42;251.68;2.4;2019-08-09;2019;8;32;221;9;4;5296;112;16;True
2019-08-09 17:00:00+00:00;True;16.19;173.38;0.1;2019-08-09;2019;8;32;221;9;4;5297;113;17;True
2019-08-09 18:00:00+00:00;True;16.54;145.62;0.1;2019-08-09;2019;8;32;221;9;4;5298;114;18;True
2019-08-09 19:00:00+00:00;True;16.34;43.59;11.4;2019-08-09;2019;8;32;221;9;4;5299;115;19;True
2019-08-09 20:00:00+00:00;True;15.46;2.38;0.1;2019-08-09;2019;8;32;221;9;4;5300;116;20;True
2019-08-09 21:00:00+00:00;True;14.93;2.31;2.1;2019-08-09;2019;8;32;221;9;4;5301;117;21;True
2019-08-09 22:00:00+00:00;True;14.34;1.95;1.2;2019-08-09;2019;8;32;221;9;4;5302;118;22;True
2019-08-09 23:00:00+00:00;True;13.95;1.9;11.1;2019-08-09;2019;8;32;221;9;4;5303;119;23;True
2019-08-10 00:00:00+00:00;True;13.13;2.05;10.1;2019-08-10;2019;8;32;222;10;5;5304;120;0;False
2019-08-10 01:00:00+00:00;True;12.67;2.24;1.5;2019-08-10;2019;8;32;222;10;5;5305;121;1;False
2019-08-10 02:00:00+00:00;True;12.79;1.93;0.0;2019-08-10;2019;8;32;222;10;5;5306;122;2;False
2019-08-10 03:00:00+00:00;True;11.79;2.35;10.2;2019-08-10;2019;8;32;222;10;5;5307;123;3;False
2019-08-10 04:00:00+00:00;True;11.03;13.16;0.1;2019-08-10;2019;8;32;222;10;5;5308;124;4;False
2019-08-10 05:00:00+00:00;True;11.11;75.26;3.3;2019-08-10;2019;8;32;222;10;5;5309;125;5;False
2019-08-10 06:00:00+00:00;True;10.99;186.31;10.4;2019-08-10;2019;8;32;222;10;5;5310;126;6;False
2019-08-10 07:00:00+00:00;True;14.66;327.61;12.0;2019-08-10;2019;8;32;222;10;5;5311;127;7;False
2019-08-10 08:00:00+00:00;True;16.58;458.0;2.1;2019-08-10;2019;8;32;222;10;5;5312;128;8;False
2019-08-10 09:00:00+00:00;True;17.44;457.45;11.7;2019-08-10;2019;8;32;222;10;5;5313;129;9;False
2019-08-10 10:00:00+00:00;True;18.87;611.88;12.2;2019-08-10;2019;8;32;222;10;5;5314;130;10;False
2019-08-10 11:00:00+00:00;True;19.62;668.63;0.1;2019-08-10;2019;8;32;222;10;5;5315;131;11;False
2019-08-10 12:00:00+00:00;True;20.55;771.67;0.1;2019-08-10;2019;8;32;222;10;5;5316;132;12;False
2019-08-10 13:00:00+00:00;True;21.1;691.96;0.3;2019-08-10;2019;8;32;222;10;5;5317;133;13;False
2019-08-10 14:00:00+00:00;True;21.51;432.04;0.1;2019-08-10;2019;8;32;222;10;5;5318;134;14;False
2019-08-10 15:00:00+00:00;True;21.66;211.37;2.4;2019-08-10;2019;8;32;222;10;5;5319;135;15;False
2019-08-10 16:00:00+00:00;True;21.56;176.15;0.0;2019-08-10;2019;8;32;222;10;5;5320;136;16;False
2019-08-10 17:00:00+00:00;True;21.28;131.32;0.0;2019-08-10;2019;8;32;222;10;5;5321;137;17;False
2019-08-10 18:00:00+00:00;True;20.73;72.34;2.8;2019-08-10;2019;8;32;222;10;5;5322;138;18;False
2019-08-10 19:00:00+00:00;True;20.1;22.97;2.4;2019-08-10;2019;8;32;222;10;5;5323;139;19;False
2019-08-10 20:00:00+00:00;True;18.96;2.05;1.3;2019-08-10;2019;8;32;222;10;5;5324;140;20;False
2019-08-10 21:00:00+00:00;True;18.07;1.88;1.0;2019-08-10;2019;8;32;222;10;5;5325;141;21;False
2019-08-10 22:00:00+00:00;True;17.76;1.69;0.0;2019-08-10;2019;8;32;222;10;5;5326;142;22;False
2019-08-10 23:00:00+00:00;True;17.41;2.58;0.0;2019-08-10;2019;8;32;222;10;5;5327;143;23;False
2019-08-11 00:00:00+00:00;True;16.94;3.88;0.0;2019-08-11;2019;8;32;223;11;6;5328;144;0;False
2019-08-11 01:00:00+00:00;True;16.38;3.54;0.1;2019-08-11;2019;8;32;223;11;6;5329;145;1;False
2019-08-11 02:00:00+00:00;True;15.95;3.27;3.2;2019-08-11;2019;8;32;223;11;6;5330;146;2;False
2019-08-11 03:00:00+00:00;True;15.51;3.37;1.3;2019-08-11;2019;8;32;223;11;6;5331;147;3;False
2019-08-11 04:00:00+00:00;True;15.37;5.7;9.7;2019-08-11;2019;8;32;223;11;6;5332;148;4;False
2019-08-11 05:00:00+00:00;True;15.37;8.89;0.0;2019-08-11;2019;8;32;223;11;6;5333;149;5;False
2019-08-11 06:00:00+00:00;True;15.34;27.12;1.3;2019-08-11;2019;8;32;223;11;6;5334;150;6;False
2019-08-11 07:00:00+00:00;True;15.11;36.2;0.0;2019-08-11;2019;8;32;223;11;6;5335;151;7;False
2019-08-11 08:00:00+00:00;True;15.23;49.21;2.2;2019-08-11;2019;8;32;223;11;6;5336;152;8;False
2019-08-11 09:00:00+00:00;True;15.57;101.77;5.6;2019-08-11;2019;8;32;223;11;6;5337;153;9;False
2019-08-11 10:00:00+00:00;True;16.63;264.96;9.9;2019-08-11;2019;8;32;223;11;6;5338;154;10;False
2019-08-11 11:00:00+00:00;True;17.85;135.44;2.8;2019-08-11;2019;8;32;223;11;6;5339;155;11;False
2019-08-11 12:00:00+00:00;True;16.39;65.36;0.0;2019-08-11;2019;8;32;223;11;6;5340;156;12;False
2019-08-11 13:00:00+00:00;True;16.81;326.63;8.5;2019-08-11;2019;8;32;223;11;6;5341;157;13;False
2019-08-11 14:00:00+00:00;True;19.08;618.76;0.1;2019-08-11;2019;8;32;223;11;6;5342;158;14;False
2019-08-11 15:00:00+00:00;True;20.4;416.57;0.1;2019-08-11;2019;8;32;223;11;6;5343;159;15;False
2019-08-11 16:00:00+00:00;True;21.75;416.45;0.0;2019-08-11;2019;8;32;223;11;6;5344;160;16;False
2019-08-11 17:00:00+00:00;True;21.09;171.93;0.1;2019-08-11;2019;8;32;223;11;6;5345;161;17;False
2019-08-11 18:00:00+00:00;True;19.46;44.5;0.1;2019-08-11;2019;8;32;223;11;6;5346;162;18;False
2019-08-11 19:00:00+00:00;True;17.66;13.51;12.2;2019-08-11;2019;8;32;223;11;6;5347;163;19;False
2019-08-11 20:00:00+00:00;True;17.51;0.55;10.0;2019-08-11;2019;8;32;223;11;6;5348;164;20;False
2019-08-11 21:00:00+00:00;True;16.64;0.0;11.0;2019-08-11;2019;8;32;223;11;6;5349;165;21;False
2019-08-11 22:00:00+00:00;True;16.16;0.01;8.8;2019-08-11;2019;8;32;223;11;6;5350;166;22;False
2019-08-11 23:00:00+00:00;True;16.01;0.13;2.8;2019-08-11;2019;8;32;223;11;6;5351;167;23;False
2019-08-12 00:00:00+00:00;True;15.25;0.0;0.1;2019-08-12;2019;8;33;224;12;0;5352;0;0;True
2019-08-12 01:00:00+00:00;True;14.95;0.05;10.6;2019-08-12;2019;8;33;224;12;0;5353;1;1;True
2019-08-12 02:00:00+00:00;True;14.81;0.06;8.3;2019-08-12;2019;8;33;224;12;0;5354;2;2;True
2019-08-12 03:00:00+00:00;True;14.93;0.04;11.1;2019-08-12;2019;8;33;224;12;0;5355;3;3;True
2019-08-12 04:00:00+00:00;True;14.23;6.11;3.2;2019-08-12;2019;8;33;224;12;0;5356;4;4;True
2019-08-12 05:00:00+00:00;True;14.48;64.2;0.1;2019-08-12;2019;8;33;224;12;0;5357;5;5;True
2019-08-12 06:00:00+00:00;True;15.45;196.37;0.3;2019-08-12;2019;8;33;224;12;0;5358;6;6;True
2019-08-12 07:00:00+00:00;True;15.83;271.3;0.3;2019-08-12;2019;8;33;224;12;0;5359;7;7;True
2019-08-12 08:00:00+00:00;True;17.31;418.24;7.5;2019-08-12;2019;8;33;224;12;0;5360;8;8;True
2019-08-12 09:00:00+00:00;True;18.69;509.04;10.8;2019-08-12;2019;8;33;224;12;0;5361;9;9;True
2019-08-12 10:00:00+00:00;True;20.39;615.94;0.1;2019-08-12;2019;8;33;224;12;0;5362;10;10;True
2019-08-12 11:00:00+00:00;True;21.72;628.23;0.6;2019-08-12;2019;8;33;224;12;0;5363;11;11;True
2019-08-12 12:00:00+00:00;True;22.12;630.15;0.3;2019-08-12;2019;8;33;224;12;0;5364;12;12;True
2019-08-12 13:00:00+00:00;True;22.98;497.45;9.6;2019-08-12;2019;8;33;224;12;0;5365;13;13;True
2019-08-12 14:00:00+00:00;True;23.07;308.91;1.8;2019-08-12;2019;8;33;224;12;0;5366;14;14;True
2019-08-12 15:00:00+00:00;True;23.0;183.16;11.6;2019-08-12;2019;8;33;224;12;0;5367;15;15;True
2019-08-12 16:00:00+00:00;True;23.5;123.55;10.2;2019-08-12;2019;8;33;224;12;0;5368;16;16;True
2019-08-12 17:00:00+00:00;True;21.84;23.78;1.4;2019-08-12;2019;8;33;224;12;0;5369;17;17;True
2019-08-12 18:00:00+00:00;True;16.8;13.65;2.9;2019-08-12;2019;8;33;224;12;0;5370;18;18;True
2019-08-12 19:00:00+00:00;True;16.3;9.43;22.1;2019-08-12;2019;8;33;224;12;0;5371;19;19;True
2019-08-12 20:00:00+00:00;True;16.24;0.61;11.4;2019-08-12;2019;8;33;224;12;0;5372;20;20;True
2019-08-12 21:00:00+00:00;True;16.26;0.65;0.1;2019-08-12;2019;8;33;224;12;0;5373;21;21;True
2019-08-12 22:00:00+00:00;True;15.73;0.04;0.1;2019-08-12;2019;8;33;224;12;0;5374;22;22;True
2019-08-12 23:00:00+00:00;True;15.69;0.24;1.7;2019-08-12;2019;8;33;224;12;0;5375;23;23;True
2019-08-13 00:00:00+00:00;True;15.15;0.03;2.1;2019-08-13;2019;8;33;225;13;1;5376;24;0;True
2019-08-13 01:00:00+00:00;True;14.71;0.12;2.8;2019-08-13;2019;8;33;225;13;1;5377;25;1;True
2019-08-13 02:00:00+00:00;True;14.75;0.11;10.5;2019-08-13;2019;8;33;225;13;1;5378;26;2;True
2019-08-13 03:00:00+00:00;True;14.49;0.25;1.5;2019-08-13;2019;8;33;225;13;1;5379;27;3;True
2019-08-13 04:00:00+00:00;True;14.29;2.65;0.0;2019-08-13;2019;8;33;225;13;1;5380;28;4;True
2019-08-13 05:00:00+00:00;True;14.24;24.76;8.7;2019-08-13;2019;8;33;225;13;1;5381;29;5;True
2019-08-13 06:00:00+00:00;True;14.37;51.71;0.1;2019-08-13;2019;8;33;225;13;1;5382;30;6;True
2019-08-13 07:00:00+00:00;True;14.82;141.09;1.8;2019-08-13;2019;8;33;225;13;1;5383;31;7;True
2019-08-13 08:00:00+00:00;True;15.63;214.52;1.3;2019-08-13;2019;8;33;225;13;1;5384;32;8;True
2019-08-13 09:00:00+00:00;True;16.2;197.37;0.1;2019-08-13;2019;8;33;225;13;1;5385;33;9;True
2019-08-13 10:00:00+00:00;True;16.99;257.27;3.1;2019-08-13;2019;8;33;225;13;1;5386;34;10;True
2019-08-13 11:00:00+00:00;True;18.15;371.31;0.1;2019-08-13;2019;8;33;225;13;1;5387;35;11;True
2019-08-13 12:00:00+00:00;True;19.4;403.61;11.8;2019-08-13;2019;8;33;225;13;1;5388;36;12;True
2019-08-13 13:00:00+00:00;True;20.24;474.68;12.2;2019-08-13;2019;8;33;225;13;1;5389;37;13;True
2019-08-13 14:00:00+00:00;True;20.15;328.49;20.6;2019-08-13;2019;8;33;225;13;1;5390;38;14;True
2019-08-13 15:00:00+00:00;True;20.33;228.68;0.1;2019-08-13;2019;8;33;225;13;1;5391;39;15;True
2019-08-13 16:00:00+00:00;True;20.65;242.6;8.6;2019-08-13;2019;8;33;225;13;1;5392;40;16;True
2019-08-13 17:00:00+00:00;True;20.52;140.69;0.1;2019-08-13;2019;8;33;225;13;1;5393;41;17;True
2019-08-13 18:00:00+00:00;True;20.4;109.25;0.1;2019-08-13;2019;8;33;225;13;1;5394;42;18;True
2019-08-13 19:00:00+00:00;True;19.12;32.83;11.1;2019-08-13;2019;8;33;225;13;1;5395;43;19;True
2019-08-13 20:00:00+00:00;True;17.32;0.31;0.1;2019-08-13;2019;8;33;225;13;1;5396;44;20;True
2019-08-13 21:00:00+00:00;True;16.41;0.08;10.4;2019-08-13;2019;8;33;225;13;1;5397;45;21;True
2019-08-13 22:00:00+00:00;True;15.19;0.43;0.1;2019-08-13;2019;8;33;225;13;1;5398;46;22;True
2019-08-13 23:00:00+00:00;True;14.54;2.72;0.1;2019-08-13;2019;8;33;225;13;1;5399;47;23;True
2019-08-14 00:00:00+00:00;True;14.45;2.58;0.1;2019-08-14;2019;8;33;226;14;2;5400;48;0;True
2019-08-14 01:00:00+00:00;True;14.64;0.69;0.0;2019-08-14;2019;8;33;226;14;2;5401;49;1;True
2019-08-14 02:00:00+00:00;True;15.02;0.79;0.0;2019-08-14;2019;8;33;226;14;2;5402;50;2;True
2019-08-14 03:00:00+00:00;True;14.65;0.72;0.1;2019-08-14;2019;8;33;226;14;2;5403;51;3;True
2019-08-14 04:00:00+00:00;True;14.52;4.88;2.4;2019-08-14;2019;8;33;226;14;2;5404;52;4;True
2019-08-14 05:00:00+00:00;True;14.23;57.59;3.3;2019-08-14;2019;8;33;226;14;2;5405;53;5;True
2019-08-14 06:00:00+00:00;True;14.94;186.22;0.1;2019-08-14;2019;8;33;226;14;2;5406;54;6;True
2019-08-14 07:00:00+00:00;True;15.81;317.35;2.4;2019-08-14;2019;8;33;226;14;2;5407;55;7;True
2019-08-14 08:00:00+00:00;True;16.86;362.82;2.3;2019-08-14;2019;8;33;226;14;2;5408;56;8;True
2019-08-14 09:00:00+00:00;True;17.31;389.78;0.1;2019-08-14;2019;8;33;226;14;2;5409;57;9;True
2019-08-14 10:00:00+00:00;True;18.15;365.92;0.1;2019-08-14;2019;8;33;226;14;2;5410;58;10;True
2019-08-14 11:00:00+00:00;True;18.61;336.92;0.1;2019-08-14;2019;8;33;226;14;2;5411;59;11;True
2019-08-14 12:00:00+00:00;True;19.08;430.85;10.9;2019-08-14;2019;8;33;226;14;2;5412;60;12;True
2019-08-14 13:00:00+00:00;True;19.56;384.41;1.8;2019-08-14;2019;8;33;226;14;2;5413;61;13;True
2019-08-14 14:00:00+00:00;True;19.07;282.01;0.1;2019-08-14;2019;8;33;226;14;2;5414;62;14;True
2019-08-14 15:00:00+00:00;True;18.54;233.05;11.6;2019-08-14;2019;8;33;226;14;2;5415;63;15;True
2019-08-14 16:00:00+00:00;True;17.69;142.0;4.3;2019-08-14;2019;8;33;226;14;2;5416;64;16;True
2019-08-14 17:00:00+00:00;True;17.37;44.71;0.1;2019-08-14;2019;8;33;226;14;2;5417;65;17;True
2019-08-14 18:00:00+00:00;True;16.13;25.33;2.2;2019-08-14;2019;8;33;226;14;2;5418;66;18;True
2019-08-14 19:00:00+00:00;True;15.64;10.64;0.1;2019-08-14;2019;8;33;226;14;2;5419;67;19;True
2019-08-14 20:00:00+00:00;True;14.83;1.06;11.1;2019-08-14;2019;8;33;226;14;2;5420;68;20;True
2019-08-14 21:00:00+00:00;True;14.52;0.95;4.4;2019-08-14;2019;8;33;226;14;2;5421;69;21;True
2019-08-14 22:00:00+00:00;True;14.05;0.95;9.4;2019-08-14;2019;8;33;226;14;2;5422;70;22;True
2019-08-14 23:00:00+00:00;True;13.64;1.3;1.2;2019-08-14;2019;8;33;226;14;2;5423;71;23;True
2019-08-15 00:00:00+00:00;True;12.91;0.8;12.8;2019-08-15;2019;8;33;227;15;3;5424;72;0;True
2019-08-15 01:00:00+00:00;True;12.41;0.59;0.8;2019-08-15;2019;8;33;227;15;3;5425;73;1;True
2019-08-15 02:00:00+00:00;True;12.05;0.55;10.1;2019-08-15;2019;8;33;227;15;3;5426;74;2;True
2019-08-15 03:00:00+00:00;True;11.65;0.55;11.9;2019-08-15;2019;8;33;227;15;3;5427;75;3;True
2019-08-15 04:00:00+00:00;True;11.43;6.55;2.3;2019-08-15;2019;8;33;227;15;3;5428;76;4;True
2019-08-15 06:00:00+00:00;True;12.7;189.61;0.1;2019-08-15;2019;8;33;227;15;3;5430;78;6;True
2019-08-15 07:00:00+00:00;True;13.89;318.35;0.2;2019-08-15;2019;8;33;227;15;3;5431;79;7;True
2019-08-15 08:00:00+00:00;True;15.58;457.04;6.9;2019-08-15;2019;8;33;227;15;3;5432;80;8;True
2019-08-15 09:00:00+00:00;True;16.89;576.86;10.3;2019-08-15;2019;8;33;227;15;3;5433;81;9;True
2019-08-15 10:00:00+00:00;True;15.56;200.15;0.3;2019-08-15;2019;8;33;227;15;3;5434;82;10;True
2019-08-15 11:00:00+00:00;True;13.63;434.89;0.9;2019-08-15;2019;8;33;227;15;3;5435;83;11;True
2019-08-15 12:00:00+00:00;True;16.91;728.0;2.1;2019-08-15;2019;8;33;227;15;3;5436;84;12;True
2019-08-15 13:00:00+00:00;True;18.08;564.84;6.6;2019-08-15;2019;8;33;227;15;3;5437;85;13;True
2019-08-15 14:00:00+00:00;True;18.15;569.07;0.1;2019-08-15;2019;8;33;227;15;3;5438;86;14;True
2019-08-15 15:00:00+00:00;True;18.4;511.61;11.3;2019-08-15;2019;8;33;227;15;3;5439;87;15;True
2019-08-15 16:00:00+00:00;True;16.49;244.35;0.1;2019-08-15;2019;8;33;227;15;3;5440;88;16;True
2019-08-15 17:00:00+00:00;True;16.75;172.37;0.1;2019-08-15;2019;8;33;227;15;3;5441;89;17;True
2019-08-15 18:00:00+00:00;True;15.56;120.99;0.9;2019-08-15;2019;8;33;227;15;3;5442;90;18;True
2019-08-15 19:00:00+00:00;True;15.15;20.38;0.1;2019-08-15;2019;8;33;227;15;3;5443;91;19;True
2019-08-15 20:00:00+00:00;True;14.87;0.43;0.7;2019-08-15;2019;8;33;227;15;3;5444;92;20;True
2019-08-15 21:00:00+00:00;True;13.99;0.03;1.7;2019-08-15;2019;8;33;227;15;3;5445;93;21;True
2019-08-15 22:00:00+00:00;True;13.31;0.68;0.7;2019-08-15;2019;8;33;227;15;3;5446;94;22;True
2019-08-15 23:00:00+00:00;True;12.71;0.43;0.1;2019-08-15;2019;8;33;227;15;3;5447;95;23;True
2019-08-16 00:00:00+00:00;True;12.1;0.31;0.3;2019-08-16;2019;8;33;228;16;4;5448;96;0;True
2019-08-16 01:00:00+00:00;True;11.66;0.37;0.5;2019-08-16;2019;8;33;228;16;4;5449;97;1;True
2019-08-16 02:00:00+00:00;True;11.65;0.3;0.1;2019-08-16;2019;8;33;228;16;4;5450;98;2;True
2019-08-16 03:00:00+00:00;True;11.37;0.35;0.0;2019-08-16;2019;8;33;228;16;4;5451;99;3;True
2019-08-16 04:00:00+00:00;True;11.5;5.56;0.3;2019-08-16;2019;8;33;228;16;4;5452;100;4;True
2019-08-16 05:00:00+00:00;True;11.89;61.12;10.1;2019-08-16;2019;8;33;228;16;4;5453;101;5;True
2019-08-16 07:00:00+00:00;True;14.74;313.61;2.8;2019-08-16;2019;8;33;228;16;4;5455;103;7;True
2019-08-16 08:00:00+00:00;True;16.3;448.22;7.3;2019-08-16;2019;8;33;228;16;4;5456;104;8;True
2019-08-16 09:00:00+00:00;True;17.68;552.28;1.6;2019-08-16;2019;8;33;228;16;4;5457;105;9;True
2019-08-16 10:00:00+00:00;True;18.38;553.02;2.5;2019-08-16;2019;8;33;228;16;4;5458;106;10;True
2019-08-16 11:00:00+00:00;True;19.01;626.71;0.1;2019-08-16;2019;8;33;228;16;4;5459;107;11;True
2019-08-16 12:00:00+00:00;True;19.8;666.74;9.9;2019-08-16;2019;8;33;228;16;4;5460;108;12;True
2019-08-16 13:00:00+00:00;True;20.49;576.84;0.1;2019-08-16;2019;8;33;228;16;4;5461;109;13;True
2019-08-16 15:00:00+00:00;True;21.21;482.13;10.9;2019-08-16;2019;8;33;228;16;4;5463;111;15;True
2019-08-16 16:00:00+00:00;True;21.52;363.63;0.1;2019-08-16;2019;8;33;228;16;4;5464;112;16;True
2019-08-16 17:00:00+00:00;True;21.15;206.17;3.0;2019-08-16;2019;8;33;228;16;4;5465;113;17;True
2019-08-16 18:00:00+00:00;True;20.53;123.65;1.6;2019-08-16;2019;8;33;228;16;4;5466;114;18;True
2019-08-16 19:00:00+00:00;True;19.29;23.36;10.5;2019-08-16;2019;8;33;228;16;4;5467;115;19;True
2019-08-16 20:00:00+00:00;True;17.69;0.14;0.1;2019-08-16;2019;8;33;228;16;4;5468;116;20;True
2019-08-16 21:00:00+00:00;True;16.69;0.11;0.1;2019-08-16;2019;8;33;228;16;4;5469;117;21;True
2019-08-16 22:00:00+00:00;True;15.83;0.02;0.4;2019-08-16;2019;8;33;228;16;4;5470;118;22;True
2019-08-16 23:00:00+00:00;True;15.12;0.9;0.0;2019-08-16;2019;8;33;228;16;4;5471;119;23;True
2019-08-17 00:00:00+00:00;True;14.48;0.41;2.8;2019-08-17;2019;8;33;229;17;5;5472;120;0;False
2019-08-17 01:00:00+00:00;True;13.89;0.35;0.1;2019-08-17;2019;8;33;229;17;5;5473;121;1;False
2019-08-17 02:00:00+00:00;True;13.68;0.39;11.5;2019-08-17;2019;8;33;229;17;5;5474;122;2;False
2019-08-17 03:00:00+00:00;True;13.37;0.59;0.1;2019-08-17;2019;8;33;229;17;5;5475;123;3;False
2019-08-17 05:00:00+00:00;True;13.18;55.67;0.1;2019-08-17;2019;8;33;229;17;5;5477;125;5;False
2019-08-17 06:00:00+00:00;True;14.15;171.28;0.1;2019-08-17;2019;8;33;229;17;5;5478;126;6;False
2019-08-17 07:00:00+00:00;True;15.78;301.32;0.0;2019-08-17;2019;8;33;229;17;5;5479;127;7;False
2019-08-17 08:00:00+00:00;True;17.65;432.29;14.8;2019-08-17;2019;8;33;229;17;5;5480;128;8;False
2019-08-17 09:00:00+00:00;True;19.53;550.73;2.6;2019-08-17;2019;8;33;229;17;5;5481;129;9;False
2019-08-17 10:00:00+00:00;True;21.2;637.89;10.2;2019-08-17;2019;8;33;229;17;5;5482;130;10;False
2019-08-17 11:00:00+00:00;True;21.97;690.73;0.0;2019-08-17;2019;8;33;229;17;5;5483;131;11;False
2019-08-17 12:00:00+00:00;True;22.57;658.06;11.0;2019-08-17;2019;8;33;229;17;5;5484;132;12;False
2019-08-17 13:00:00+00:00;True;22.99;646.94;2.3;2019-08-17;2019;8;33;229;17;5;5485;133;13;False
2019-08-17 15:00:00+00:00;True;23.29;461.92;0.0;2019-08-17;2019;8;33;229;17;5;5487;135;15;False
2019-08-17 16:00:00+00:00;True;22.82;360.36;12.2;2019-08-17;2019;8;33;229;17;5;5488;136;16;False
2019-08-17 17:00:00+00:00;True;22.1;246.15;10.8;2019-08-17;2019;8;33;229;17;5;5489;137;17;False
2019-08-17 18:00:00+00:00;True;21.26;117.42;0.1;2019-08-17;2019;8;33;229;17;5;5490;138;18;False
2019-08-17 19:00:00+00:00;True;20.03;28.1;0.1;2019-08-17;2019;8;33;229;17;5;5491;139;19;False
2019-08-17 20:00:00+00:00;True;18.7;1.58;0.1;2019-08-17;2019;8;33;229;17;5;5492;140;20;False
2019-08-17 21:00:00+00:00;True;17.76;0.0;0.3;2019-08-17;2019;8;33;229;17;5;5493;141;21;False
2019-08-17 22:00:00+00:00;True;17.0;0.03;0.1;2019-08-17;2019;8;33;229;17;5;5494;142;22;False
2019-08-17 23:00:00+00:00;True;15.71;0.33;10.2;2019-08-17;2019;8;33;229;17;5;5495;143;23;False
2019-08-18 00:00:00+00:00;True;14.82;0.77;10.6;2019-08-18;2019;8;33;230;18;6;5496;144;0;False
2019-08-18 01:00:00+00:00;True;13.96;0.3;0.0;2019-08-18;2019;8;33;230;18;6;5497;145;1;False
2019-08-18 02:00:00+00:00;True;13.24;0.31;3.1;2019-08-18;2019;8;33;230;18;6;5498;146;2;False
2019-08-18 03:00:00+00:00;True;12.81;0.43;0.1;2019-08-18;2019;8;33;230;18;6;5499;147;3;False
2019-08-18 04:00:00+00:00;True;12.49;3.82;0.1;2019-08-18;2019;8;33;230;18;6;5500;148;4;False
2019-08-18 05:00:00+00:00;True;12.19;56.05;11.2;2019-08-18;2019;8;33;230;18;6;5501;149;5;False
2019-08-18 06:00:00+00:00;True;13.19;168.64;0.1;2019-08-18;2019;8;33;230;18;6;5502;150;6;False
2019-08-18 07:00:00+00:00;True;15.2;307.79;0.0;2019-08-18;2019;8;33;230;18;6;5503;151;7;False
2019-08-18 08:00:00+00:00;True;17.41;446.86;2.7;2019-08-18;2019;8;33;230;18;6;5504;152;8;False
2019-08-18 09:00:00+00:00;True;19.44;564.37;1.4;2019-08-18;2019;8;33;230;18;6;5505;153;9;False
2019-08-18 10:00:00+00:00;True;20.39;656.05;0.0;2019-08-18;2019;8;33;230;18;6;5506;154;10;False
2019-08-18 11:00:00+00:00;True;21.29;705.56;12.0;2019-08-18;2019;8;33;230;18;6;5507;155;11;False
2019-08-18 12:00:00+00:00;True;21.82;669.97;0.0;2019-08-18;2019;8;33;230;18;6;5508;156;12;False
2019-08-18 13:00:00+00:00;True;22.45;676.0;8.2;2019-08-18;2019;8;33;230;18;6;5509;157;13;False
2019-08-18 14:00:00+00:00;True;23.16;603.84;0.4;2019-08-18;2019;8;33;230;18;6;5510;158;14;False
2019-08-18 15:00:00+00:00;True;23.27;497.58;0.1;2019-08-18;2019;8;33;230;18;6;5511;159;15;False
2019-08-18 16:00:00+00:00;True;23.25;371.12;10.6;2019-08-18;2019;8;33;230;18;6;5512;160;16;False
2019-08-18 17:00:00+00:00;True;23.2;171.83;1.9;2019-08-18;2019;8;33;230;18;6;5513;161;17;False
2019-08-18 18:00:00+00:00;True;22.25;81.03;11.1;2019-08-18;2019;8;33;230;18;6;5514;162;18;False
2019-08-18 19:00:00+00:00;True;20.44;11.98;0.0;2019-08-18;2019;8;33;230;18;6;5515;163;19;False
2019-08-18 20:00:00+00:00;True;18.96;0.31;0.1;2019-08-18;2019;8;33;230;18;6;5516;164;20;False
2019-08-18 21:00:00+00:00;True;17.78;0.07;11.4;2019-08-18;2019;8;33;230;18;6;5517;165;21;False
2019-08-18 22:00:00+00:00;True;16.92;0.01;11.8;2019-08-18;2019;8;33;230;18;6;5518;166;22;False
2019-08-18 23:00:00+00:00;True;16.15;0.25;2.6;2019-08-18;2019;8;33;230;18;6;5519;167;23;False
2019-08-19 00:00:00+00:00;True;15.76;0.52;11.5;2019-08-19;2019;8;34;231;19;0;5520;0;0;True
2019-08-19 01:00:00+00:00;True;15.48;0.42;0.1;2019-08-19;2019;8;34;231;19;0;5521;1;1;True
2019-08-19 02:00:00+00:00;True;15.45;0.54;8.4;2019-08-19;2019;8;34;231;19;0;5522;2;2;True
2019-08-19 03:00:00+00:00;True;14.96;0.59;6.5;2019-08-19;2019;8;34;231;19;0;5523;3;3;True
2019-08-19 04:00:00+00:00;True;14.98;3.54;3.9;2019-08-19;2019;8;34;231;19;0;5524;4;4;True
2019-08-19 05:00:00+00:00;True;15.59;27.0;0.0;2019-08-19;2019;8;34;231;19;0;5525;5;5;True
2019-08-19 06:00:00+00:00;True;16.48;45.67;0.3;2019-08-19;2019;8;34;231;19;0;5526;6;6;True
2019-08-19 07:00:00+00:00;True;17.31;82.51;9.2;2019-08-19;2019;8;34;231;19;0;5527;7;7;True
2019-08-19 08:00:00+00:00;True;18.12;138.98;0.1;2019-08-19;2019;8;34;231;19;0;5528;8;8;True
2019-08-19 09:00:00+00:00;True;19.49;183.42;10.3;2019-08-19;2019;8;34;231;19;0;5529;9;9;True
2019-08-19 10:00:00+00:00;True;20.97;410.87;11.4;2019-08-19;2019;8;34;231;19;0;5530;10;10;True
2019-08-19 11:00:00+00:00;True;22.68;650.4;1.0;2019-08-19;2019;8;34;231;19;0;5531;11;11;True
2019-08-19 12:00:00+00:00;True;23.24;273.74;11.4;2019-08-19;2019;8;34;231;19;0;5532;12;12;True
2019-08-19 13:00:00+00:00;True;23.27;313.68;11.2;2019-08-19;2019;8;34;231;19;0;5533;13;13;True
2019-08-19 14:00:00+00:00;True;23.4;291.26;1.3;2019-08-19;2019;8;34;231;19;0;5534;14;14;True
2019-08-19 15:00:00+00:00;True;20.53;396.59;0.1;2019-08-19;2019;8;34;231;19;0;5535;15;15;True
2019-08-19 16:00:00+00:00;True;20.28;209.46;10.9;2019-08-19;2019;8;34;231;19;0;5536;16;16;True
2019-08-19 17:00:00+00:00;True;20.12;125.89;2.6;2019-08-19;2019;8;34;231;19;0;5537;17;17;True
2019-08-19 18:00:00+00:00;True;19.63;48.47;0.1;2019-08-19;2019;8;34;231;19;0;5538;18;18;True
2019-08-19 19:00:00+00:00;True;18.84;10.93;11.8;2019-08-19;2019;8;34;231;19;0;5539;19;19;True
2019-08-19 20:00:00+00:00;True;18.12;0.93;0.1;2019-08-19;2019;8;34;231;19;0;5540;20;20;True
2019-08-19 21:00:00+00:00;True;17.07;0.33;8.1;2019-08-19;2019;8;34;231;19;0;5541;21;21;True
2019-08-19 22:00:00+00:00;True;16.23;1.35;0.7;2019-08-19;2019;8;34;231;19;0;5542;22;22;True
2019-08-19 23:00:00+00:00;True;15.48;1.11;0.1;2019-08-19;2019;8;34;231;19;0;5543;23;23;True
2019-08-20 00:00:00+00:00;True;14.95;0.44;9.8;2019-08-20;2019;8;34;232;20;1;5544;24;0;True
2019-08-20 01:00:00+00:00;True;14.53;0.36;9.1;2019-08-20;2019;8;34;232;20;1;5545;25;1;True
2019-08-20 02:00:00+00:00;True;14.01;0.31;7.4;2019-08-20;2019;8;34;232;20;1;5546;26;2;True
2019-08-20 03:00:00+00:00;True;13.77;0.35;10.5;2019-08-20;2019;8;34;232;20;1;5547;27;3;True
2019-08-20 04:00:00+00:00;True;13.04;2.25;0.0;2019-08-20;2019;8;34;232;20;1;5548;28;4;True
2019-08-20 05:00:00+00:00;True;13.0;26.04;0.0;2019-08-20;2019;8;34;232;20;1;5549;29;5;True
2019-08-20 06:00:00+00:00;True;13.35;125.52;2.7;2019-08-20;2019;8;34;232;20;1;5550;30;6;True
2019-08-20 07:00:00+00:00;True;15.9;295.13;0.1;2019-08-20;2019;8;34;232;20;1;5551;31;7;True
2019-08-20 08:00:00+00:00;True;17.37;434.69;1.5;2019-08-20;2019;8;34;232;20;1;5552;32;8;True
2019-08-20 09:00:00+00:00;True;18.76;562.48;5.0;2019-08-20;2019;8;34;232;20;1;5553;33;9;True
2019-08-20 10:00:00+00:00;True;19.96;557.93;0.1;2019-08-20;2019;8;34;232;20;1;5554;34;10;True
2019-08-20 11:00:00+00:00;True;20.17;561.59;11.6;2019-08-20;2019;8;34;232;20;1;5555;35;11;True
2019-08-20 12:00:00+00:00;True;20.66;507.92;0.1;2019-08-20;2019;8;34;232;20;1;5556;36;12;True
2019-08-20 13:00:00+00:00;True;21.4;620.71;11.7;2019-08-20;2019;8;34;232;20;1;5557;37;13;True
2019-08-20 14:00:00+00:00;True;21.54;415.09;2.5;2019-08-20;2019;8;34;232;20;1;5558;38;14;True
2019-08-20 15:00:00+00:00;True;21.44;323.98;0.3;2019-08-20;2019;8;34;232;20;1;5559;39;15;True
2019-08-20 16:00:00+00:00;True;21.82;347.8;11.4;2019-08-20;2019;8;34;232;20;1;5560;40;16;True
2019-08-20 17:00:00+00:00;True;21.66;231.7;3.3;2019-08-20;2019;8;34;232;20;1;5561;41;17;True
2019-08-20 18:00:00+00:00;True;20.71;85.92;0.1;2019-08-20;2019;8;34;232;20;1;5562;42;18;True
2019-08-20 20:00:00+00:00;True;18.9;0.0;0.1;2019-08-20;2019;8;34;232;20;1;5564;44;20;True
2019-08-20 21:00:00+00:00;True;17.86;0.02;9.8;2019-08-20;2019;8;34;232;20;1;5565;45;21;True
2019-08-20 22:00:00+00:00;True;17.14;0.03;9.1;2019-08-20;2019;8;34;232;20;1;5566;46;22;True
2019-08-20 23:00:00+00:00;True;16.74;0.22;2.5;2019-08-20;2019;8;34;232;20;1;5567;47;23;True
2019-08-21 00:00:00+00:00;True;16.66;0.24;0.1;2019-08-21;2019;8;34;233;21;2;5568;48;0;True
2019-08-21 01:00:00+00:00;True;16.01;0.23;11.4;2019-08-21;2019;8;34;233;21;2;5569;49;1;True
2019-08-21 02:00:00+00:00;True;15.54;0.4;0.1;2019-08-21;2019;8;34;233;21;2;5570;50;2;True
2019-08-21 03:00:00+00:00;True;14.89;0.14;0.1;2019-08-21;2019;8;34;233;21;2;5571;51;3;True
2019-08-21 06:00:00+00:00;True;14.78;64.55;10.3;2019-08-21;2019;8;34;233;21;2;5574;54;6;True
2019-08-21 07:00:00+00:00;True;15.19;83.26;1.0;2019-08-21;2019;8;34;233;21;2;5575;55;7;True
2019-08-21 08:00:00+00:00;True;16.07;97.62;12.4;2019-08-21;2019;8;34;233;21;2;5576;56;8;True
2019-08-21 09:00:00+00:00;True;16.6;103.12;0.2;2019-08-21;2019;8;34;233;21;2;5577;57;9;True
2019-08-21 10:00:00+00:00;True;17.03;137.13;11.3;2019-08-21;2019;8;34;233;21;2;5578;58;10;True
2019-08-21 11:00:00+00:00;True;16.96;104.72;0.0;2019-08-21;2019;8;34;233;21;2;5579;59;11;True
2019-08-21 12:00:00+00:00;True;16.22;111.49;0.1;2019-08-21;2019;8;34;233;21;2;5580;60;12;True
2019-08-21 13:00:00+00:00;True;15.6;106.6;11.4;2019-08-21;2019;8;34;233;21;2;5581;61;13;True
2019-08-21 14:00:00+00:00;True;15.05;89.34;8.0;2019-08-21;2019;8;34;233;21;2;5582;62;14;True
2019-08-21 15:00:00+00:00;True;15.31;43.63;13.0;2019-08-21;2019;8;34;233;21;2;5583;63;15;True
2019-08-21 16:00:00+00:00;True;15.05;28.97;0.1;2019-08-21;2019;8;34;233;21;2;5584;64;16;True
2019-08-21 17:00:00+00:00;True;15.0;14.36;1.5;2019-08-21;2019;8;34;233;21;2;5585;65;17;True
2019-08-21 18:00:00+00:00;True;14.67;9.36;11.7;2019-08-21;2019;8;34;233;21;2;5586;66;18;True
2019-08-21 19:00:00+00:00;True;14.33;5.58;12.5;2019-08-21;2019;8;34;233;21;2;5587;67;19;True
2019-08-21 20:00:00+00:00;True;13.95;1.31;1.2;2019-08-21;2019;8;34;233;21;2;5588;68;20;True
2019-08-21 21:00:00+00:00;True;13.5;1.99;1.1;2019-08-21;2019;8;34;233;21;2;5589;69;21;True
2019-08-21 22:00:00+00:00;True;12.92;1.1;9.3;2019-08-21;2019;8;34;233;21;2;5590;70;22;True
2019-08-21 23:00:00+00:00;True;12.82;0.48;0.0;2019-08-21;2019;8;34;233;21;2;5591;71;23;True
2019-08-22 00:00:00+00:00;True;12.36;0.56;8.1;2019-08-22;2019;8;34;234;22;3;5592;72;0;True
2019-08-22 01:00:00+00:00;True;12.16;0.86;12.0;2019-08-22;2019;8;34;234;22;3;5593;73;1;True
2019-08-22 02:00:00+00:00;True;12.23;0.72;1.0;2019-08-22;2019;8;34;234;22;3;5594;74;2;True
2019-08-22 03:00:00+00:00;True;11.85;0.68;0.0;2019-08-22;2019;8;34;234;22;3;5595;75;3;True
2019-08-22 04:00:00+00:00;True;11.15;2.51;10.7;2019-08-22;2019;8;34;234;22;3;5596;76;4;True
2019-08-22 05:00:00+00:00;True;11.48;41.8;0.1;2019-08-22;2019;8;34;234;22;3;5597;77;5;True
2019-08-22 06:00:00+00:00;True;12.08;144.53;0.1;2019-08-22;2019;8;34;234;22;3;5598;78;6;True
2019-08-22 07:00:00+00:00;True;12.45;180.08;2.4;2019-08-22;2019;8;34;234;22;3;5599;79;7;True
2019-08-22 08:00:00+00:00;True;13.57;335.25;7.0;2019-08-22;2019;8;34;234;22;3;5600;80;8;True
2019-08-22 09:00:00+00:00;True;15.76;485.7;11.6;2019-08-22;2019;8;34;234;22;3;5601;81;9;True
2019-08-22 10:00:00+00:00;True;16.87;469.81;10.2;2019-08-22;2019;8;34;234;22;3;5602;82;10;True
2019-08-22 11:00:00+00:00;True;18.37;545.47;1.4;2019-08-22;2019;8;34;234;22;3;5603;83;11;True
2019-08-22 12:00:00+00:00;True;19.12;630.44;11.3;2019-08-22;2019;8;34;234;22;3;5604;84;12;True
2019-08-22 13:00:00+00:00;True;20.05;683.94;2.5;2019-08-22;2019;8;34;234;22;3;5605;85;13;True
2019-08-22 14:00:00+00:00;True;20.08;561.12;11.9;2019-08-22;2019;8;34;234;22;3;5606;86;14;True
2019-08-22 15:00:00+00:00;True;20.12;511.42;0.1;2019-08-22;2019;8;34;234;22;3;5607;87;15;True
2019-08-22 16:00:00+00:00;True;19.76;361.75;0.4;2019-08-22;2019;8;34;234;22;3;5608;88;16;True
2019-08-22 17:00:00+00:00;True;19.02;211.36;4.8;2019-08-22;2019;8;34;234;22;3;5609;89;17;True
2019-08-22 18:00:00+00:00;True;18.18;97.19;2.8;2019-08-22;2019;8;34;234;22;3;5610;90;18;True
2019-08-22 19:00:00+00:00;True;16.57;16.67;10.9;2019-08-22;2019;8;34;234;22;3;5611;91;19;True
2019-08-22 20:00:00+00:00;True;15.18;5.15;0.0;2019-08-22;2019;8;34;234;22;3;5612;92;20;True
2019-08-22 21:00:00+00:00;True;14.08;4.88;0.1;2019-08-22;2019;8;34;234;22;3;5613;93;21;True
2019-08-22 22:00:00+00:00;True;13.3;2.92;11.1;2019-08-22;2019;8;34;234;22;3;5614;94;22;True
2019-08-22 23:00:00+00:00;True;12.89;0.84;11.3;2019-08-22;2019;8;34;234;22;3;5615;95;23;True
2019-08-23 00:00:00+00:00;True;12.46;0.44;11.3;2019-08-23;2019;8;34;235;23;4;5616;96;0;True
2019-08-23 01:00:00+00:00;True;12.29;0.42;0.1;2019-08-23;2019;8;34;235;23;4;5617;97;1;True
2019-08-23 02:00:00+00:00;True;12.09;0.4;0.1;2019-08-23;2019;8;34;235;23;4;5618;98;2;True
2019-08-23 03:00:00+00:00;True;12.41;0.45;10.2;2019-08-23;2019;8;34;235;23;4;5619;99;3;True
2019-08-23 04:00:00+00:00;True;12.59;1.04;2.7;2019-08-23;2019;8;34;235;23;4;5620;100;4;True
2019-08-23 05:00:00+00:00;True;12.68;12.11;0.1;2019-08-23;2019;8;34;235;23;4;5621;101;5;True
2019-08-23 06:00:00+00:00;True;13.14;73.06;11.6;2019-08-23;2019;8;34;235;23;4;5622;102;6;True
2019-08-23 07:00:00+00:00;True;13.85;185.64;0.5;2019-08-23;2019;8;34;235;23;4;5623;103;7;True
2019-08-23 08:00:00+00:00;True;15.73;337.37;8.6;2019-08-23;2019;8;34;235;23;4;5624;104;8;True
2019-08-23 09:00:00+00:00;True;17.18;445.08;12.6;2019-08-23;2019;8;34;235;23;4;5625;105;9;True
2019-08-23 10:00:00+00:00;True;18.43;529.3;0.1;2019-08-23;2019;8;34;235;23;4;5626;106;10;True
2019-08-23 11:00:00+00:00;True;19.58;540.49;0.1;2019-08-23;2019;8;34;235;23;4;5627;107;11;True
2019-08-23 12:00:00+00:00;True;20.42;449.33;10.7;2019-08-23;2019;8;34;235;23;4;5628;108;12;True
2019-08-23 13:00:00+00:00;True;20.88;372.09;4.5;2019-08-23;2019;8;34;235;23;4;5629;109;13;True
2019-08-23 14:00:00+00:00;True;21.47;363.75;0.5;2019-08-23;2019;8;34;235;23;4;5630;110;14;True
2019-08-23 15:00:00+00:00;True;21.77;205.52;10.3;2019-08-23;2019;8;34;235;23;4;5631;111;15;True
2019-08-23 16:00:00+00:00;True;21.28;78.75;0.1;2019-08-23;2019;8;34;235;23;4;5632;112;16;True
2019-08-23 17:00:00+00:00;True;20.55;39.2;10.6;2019-08-23;2019;8;34;235;23;4;5633;113;17;True
2019-08-23 18:00:00+00:00;True;19.58;22.36;0.3;2019-08-23;2019;8;34;235;23;4;5634;114;18;True
2019-08-23 19:00:00+00:00;True;19.82;7.58;0.1;2019-08-23;2019;8;34;235;23;4;5635;115;19;True
2019-08-23 20:00:00+00:00;True;20.27;4.0;2.5;2019-08-23;2019;8;34;235;23;4;5636;116;20;True
2019-08-23 21:00:00+00:00;True;19.98;3.21;0.0;2019-08-23;2019;8;34;235;23;4;5637;117;21;True
2019-08-23 22:00:00+00:00;True;19.6;2.23;10.3;2019-08-23;2019;8;34;235;23;4;5638;118;22;True
2019-08-23 23:00:00+00:00;True;19.24;0.96;0.8;2019-08-23;2019;8;34;235;23;4;5639;119;23;True
2019-08-24 00:00:00+00:00;True;18.97;1.56;0.1;2019-08-24;2019;8;34;236;24;5;5640;120;0;False
2019-08-24 01:00:00+00:00;True;17.88;3.39;0.1;2019-08-24;2019;8;34;236;24;5;5641;121;1;False
2019-08-24 02:00:00+00:00;True;17.54;3.78;2.8;2019-08-24;2019;8;34;236;24;5;5642;122;2;False
2019-08-24 03:00:00+00:00;True;17.08;1.88;0.1;2019-08-24;2019;8;34;236;24;5;5643;123;3;False
2019-08-24 04:00:00+00:00;True;16.71;4.09;0.1;2019-08-24;2019;8;34;236;24;5;5644;124;4;False
2019-08-24 05:00:00+00:00;True;16.71;27.41;11.9;2019-08-24;2019;8;34;236;24;5;5645;125;5;False
2019-08-24 06:00:00+00:00;True;16.82;116.02;0.1;2019-08-24;2019;8;34;236;24;5;5646;126;6;False
2019-08-24 07:00:00+00:00;True;17.43;203.67;10.6;2019-08-24;2019;8;34;236;24;5;5647;127;7;False
2019-08-24 08:00:00+00:00;True;17.82;358.05;1.7;2019-08-24;2019;8;34;236;24;5;5648;128;8;False
2019-08-24 09:00:00+00:00;True;18.53;435.84;10.4;2019-08-24;2019;8;34;236;24;5;5649;129;9;False
2019-08-24 10:00:00+00:00;True;19.2;506.56;10.2;2019-08-24;2019;8;34;236;24;5;5650;130;10;False
2019-08-24 11:00:00+00:00;True;19.89;515.31;0.0;2019-08-24;2019;8;34;236;24;5;5651;131;11;False
2019-08-24 12:00:00+00:00;True;20.63;466.71;2.1;2019-08-24;2019;8;34;236;24;5;5652;132;12;False
2019-08-24 13:00:00+00:00;True;21.32;543.8;0.1;2019-08-24;2019;8;34;236;24;5;5653;133;13;False
2019-08-24 14:00:00+00:00;True;21.89;512.15;12.7;2019-08-24;2019;8;34;236;24;5;5654;134;14;False
2019-08-24 15:00:00+00:00;True;21.98;426.07;12.7;2019-08-24;2019;8;34;236;24;5;5655;135;15;False
2019-08-24 16:00:00+00:00;True;21.53;193.84;0.1;2019-08-24;2019;8;34;236;24;5;5656;136;16;False
2019-08-24 17:00:00+00:00;True;21.55;205.51;0.2;2019-08-24;2019;8;34;236;24;5;5657;137;17;False
2019-08-24 18:00:00+00:00;True;20.82;101.95;6.8;2019-08-24;2019;8;34;236;24;5;5658;138;18;False
2019-08-24 19:00:00+00:00;True;19.07;13.45;12.4;2019-08-24;2019;8;34;236;24;5;5659;139;19;False
2019-08-24 20:00:00+00:00;True;17.53;1.84;0.1;2019-08-24;2019;8;34;236;24;5;5660;140;20;False
2019-08-24 21:00:00+00:00;True;16.47;1.06;0.1;2019-08-24;2019;8;34;236;24;5;5661;141;21;False
2019-08-24 22:00:00+00:00;True;15.39;4.05;11.4;2019-08-24;2019;8;34;236;24;5;5662;142;22;False
2019-08-24 23:00:00+00:00;True;14.25;3.85;0.8;2019-08-24;2019;8;34;236;24;5;5663;143;23;False
2019-08-25 00:00:00+00:00;True;12.99;2.37;8.7;2019-08-25;2019;8;34;237;25;6;5664;144;0;False
2019-08-25 01:00:00+00:00;True;12.31;2.08;0.1;2019-08-25;2019;8;34;237;25;6;5665;145;1;False
2019-08-25 02:00:00+00:00;True;12.19;2.2;0.1;2019-08-25;2019;8;34;237;25;6;5666;146;2;False
2019-08-25 03:00:00+00:00;True;11.44;1.87;2.0;2019-08-25;2019;8;34;237;25;6;5667;147;3;False
2019-08-25 04:00:00+00:00;True;11.14;1.04;2.4;2019-08-25;2019;8;34;237;25;6;5668;148;4;False
2019-08-25 05:00:00+00:00;True;11.54;37.9;0.1;2019-08-25;2019;8;34;237;25;6;5669;149;5;False
2019-08-25 06:00:00+00:00;True;12.08;142.87;10.9;2019-08-25;2019;8;34;237;25;6;5670;150;6;False
2019-08-25 07:00:00+00:00;True;13.25;279.83;3.1;2019-08-25;2019;8;34;237;25;6;5671;151;7;False
2019-08-25 08:00:00+00:00;True;15.7;415.76;4.6;2019-08-25;2019;8;34;237;25;6;5672;152;8;False
2019-08-25 09:00:00+00:00;True;17.69;531.46;12.4;2019-08-25;2019;8;34;237;25;6;5673;153;9;False
2019-08-25 10:00:00+00:00;True;19.73;645.45;6.2;2019-08-25;2019;8;34;237;25;6;5674;154;10;False
2019-08-25 11:00:00+00:00;True;20.04;473.98;0.0;2019-08-25;2019;8;34;237;25;6;5675;155;11;False
2019-08-25 12:00:00+00:00;True;20.6;601.35;6.6;2019-08-25;2019;8;34;237;25;6;5676;156;12;False
2019-08-25 13:00:00+00:00;True;21.15;621.89;11.9;2019-08-25;2019;8;34;237;25;6;5677;157;13;False
2019-08-25 14:00:00+00:00;True;22.08;552.46;0.6;2019-08-25;2019;8;34;237;25;6;5678;158;14;False
2019-08-25 15:00:00+00:00;True;22.47;461.95;0.7;2019-08-25;2019;8;34;237;25;6;5679;159;15;False
2019-08-25 16:00:00+00:00;True;22.63;331.79;0.1;2019-08-25;2019;8;34;237;25;6;5680;160;16;False
2019-08-25 17:00:00+00:00;True;22.43;209.91;0.1;2019-08-25;2019;8;34;237;25;6;5681;161;17;False
2019-08-25 18:00:00+00:00;True;22.04;91.81;0.0;2019-08-25;2019;8;34;237;25;6;5682;162;18;False
2019-08-25 19:00:00+00:00;True;21.02;12.45;10.2;2019-08-25;2019;8;34;237;25;6;5683;163;19;False
2019-08-25 20:00:00+00:00;True;19.76;1.62;0.1;2019-08-25;2019;8;34;237;25;6;5684;164;20;False
2019-08-25 21:00:00+00:00;True;16.94;2.32;13.4;2019-08-25;2019;8;34;237;25;6;5685;165;21;False
2019-08-25 22:00:00+00:00;True;16.58;2.92;1.3;2019-08-25;2019;8;34;237;25;6;5686;166;22;False
2019-08-25 23:00:00+00:00;True;16.86;3.66;0.7;2019-08-25;2019;8;34;237;25;6;5687;167;23;False
2019-08-26 00:00:00+00:00;True;16.75;3.23;0.1;2019-08-26;2019;8;35;238;26;0;5688;0;0;True
2019-08-26 01:00:00+00:00;True;16.04;3.0;0.1;2019-08-26;2019;8;35;238;26;0;5689;1;1;True
2019-08-26 02:00:00+00:00;True;15.44;2.85;12.0;2019-08-26;2019;8;35;238;26;0;5690;2;2;True
2019-08-26 03:00:00+00:00;True;15.04;3.44;12.0;2019-08-26;2019;8;35;238;26;0;5691;3;3;True
2019-08-26 04:00:00+00:00;True;15.17;4.33;2.0;2019-08-26;2019;8;35;238;26;0;5692;4;4;True
2019-08-26 05:00:00+00:00;True;15.04;38.56;12.2;2019-08-26;2019;8;35;238;26;0;5693;5;5;True
2019-08-26 06:00:00+00:00;True;15.89;136.04;3.5;2019-08-26;2019;8;35;238;26;0;5694;6;6;True
2019-08-26 07:00:00+00:00;True;17.85;267.43;13.5;2019-08-26;2019;8;35;238;26;0;5695;7;7;True
2019-08-26 08:00:00+00:00;True;19.67;418.33;2.0;2019-08-26;2019;8;35;238;26;0;5696;8;8;True
2019-08-26 09:00:00+00:00;True;21.24;483.69;13.1;2019-08-26;2019;8;35;238;26;0;5697;9;9;True
2019-08-26 10:00:00+00:00;True;22.49;515.13;13.6;2019-08-26;2019;8;35;238;26;0;5698;10;10;True
2019-08-26 11:00:00+00:00;True;22.9;518.07;2.9;2019-08-26;2019;8;35;238;26;0;5699;11;11;True
2019-08-26 12:00:00+00:00;True;23.64;579.62;12.0;2019-08-26;2019;8;35;238;26;0;5700;12;12;True
2019-08-26 13:00:00+00:00;True;24.21;553.83;0.1;2019-08-26;2019;8;35;238;26;0;5701;13;13;True
2019-08-26 14:00:00+00:00;True;24.51;515.8;7.7;2019-08-26;2019;8;35;238;26;0;5702;14;14;True
2019-08-26 15:00:00+00:00;True;24.49;455.87;0.1;2019-08-26;2019;8;35;238;26;0;5703;15;15;True
2019-08-26 16:00:00+00:00;True;24.39;357.2;10.5;2019-08-26;2019;8;35;238;26;0;5704;16;16;True
2019-08-26 17:00:00+00:00;True;23.93;215.43;0.1;2019-08-26;2019;8;35;238;26;0;5705;17;17;True
2019-08-26 18:00:00+00:00;True;22.95;78.17;12.7;2019-08-26;2019;8;35;238;26;0;5706;18;18;True
2019-08-26 19:00:00+00:00;True;21.14;8.87;3.4;2019-08-26;2019;8;35;238;26;0;5707;19;19;True
2019-08-26 20:00:00+00:00;True;19.67;2.54;0.2;2019-08-26;2019;8;35;238;26;0;5708;20;20;True
2019-08-26 21:00:00+00:00;True;18.51;2.59;12.2;2019-08-26;2019;8;35;238;26;0;5709;21;21;True
2019-08-26 22:00:00+00:00;True;17.52;2.69;10.7;2019-08-26;2019;8;35;238;26;0;5710;22;22;True
2019-08-26 23:00:00+00:00;True;16.86;3.3;10.5;2019-08-26;2019;8;35;238;26;0;5711;23;23;True
2019-08-27 00:00:00+00:00;True;16.38;3.57;2.3;2019-08-27;2019;8;35;239;27;1;5712;24;0;True
2019-08-27 01:00:00+00:00;True;16.01;3.74;7.5;2019-08-27;2019;8;35;239;27;1;5713;25;1;True
2019-08-27 02:00:00+00:00;True;15.58;3.6;0.2;2019-08-27;2019;8;35;239;27;1;5714;26;2;True
2019-08-27 03:00:00+00:00;True;15.4;3.63;11.8;2019-08-27;2019;8;35;239;27;1;5715;27;3;True
2019-08-27 04:00:00+00:00;True;15.2;4.68;0.1;2019-08-27;2019;8;35;239;27;1;5716;28;4;True
2019-08-27 05:00:00+00:00;True;14.82;32.84;12.4;2019-08-27;2019;8;35;239;27;1;5717;29;5;True
2019-08-27 06:00:00+00:00;True;15.22;126.71;0.5;2019-08-27;2019;8;35;239;27;1;5718;30;6;True
2019-08-27 07:00:00+00:00;True;15.86;248.03;0.1;2019-08-27;2019;8;35;239;27;1;5719;31;7;True
2019-08-27 08:00:00+00:00;True;17.33;392.75;0.7;2019-08-27;2019;8;35;239;27;1;5720;32;8;True
2019-08-27 09:00:00+00:00;True;19.37;492.07;0.3;2019-08-27;2019;8;35;239;27;1;5721;33;9;True
2019-08-27 10:00:00+00:00;True;21.54;577.02;2.5;2019-08-27;2019;8;35;239;27;1;5722;34;10;True
2019-08-27 11:00:00+00:00;True;23.1;629.33;12.6;2019-08-27;2019;8;35;239;27;1;5723;35;11;True
2019-08-27 12:00:00+00:00;True;24.05;649.57;1.4;2019-08-27;2019;8;35;239;27;1;5724;36;12;True
2019-08-27 13:00:00+00:00;True;25.01;617.73;0.8;2019-08-27;2019;8;35;239;27;1;5725;37;13;True
2019-08-27 14:00:00+00:00;True;25.32;531.26;6.7;2019-08-27;2019;8;35;239;27;1;5726;38;14;True
2019-08-27 15:00:00+00:00;True;25.8;449.28;0.2;2019-08-27;2019;8;35;239;27;1;5727;39;15;True
2019-08-27 16:00:00+00:00;True;26.0;353.71;0.2;2019-08-27;2019;8;35;239;27;1;5728;40;16;True
2019-08-27 17:00:00+00:00;True;23.5;154.66;0.1;2019-08-27;2019;8;35;239;27;1;5729;41;17;True
2019-08-27 18:00:00+00:00;True;22.74;73.69;1.0;2019-08-27;2019;8;35;239;27;1;5730;42;18;True
2019-08-27 19:00:00+00:00;True;21.78;7.14;0.9;2019-08-27;2019;8;35;239;27;1;5731;43;19;True
2019-08-27 20:00:00+00:00;True;20.8;0.52;1.8;2019-08-27;2019;8;35;239;27;1;5732;44;20;True
2019-08-27 21:00:00+00:00;True;19.8;0.87;2.0;2019-08-27;2019;8;35;239;27;1;5733;45;21;True
2019-08-27 22:00:00+00:00;True;18.94;0.77;0.1;2019-08-27;2019;8;35;239;27;1;5734;46;22;True
2019-08-27 23:00:00+00:00;True;18.29;0.63;10.4;2019-08-27;2019;8;35;239;27;1;5735;47;23;True
2019-08-28 00:00:00+00:00;True;17.29;0.56;0.1;2019-08-28;2019;8;35;240;28;2;5736;48;0;True
2019-08-28 01:00:00+00:00;True;16.31;0.45;0.1;2019-08-28;2019;8;35;240;28;2;5737;49;1;True
2019-08-28 02:00:00+00:00;True;15.92;0.21;0.1;2019-08-28;2019;8;35;240;28;2;5738;50;2;True
2019-08-28 03:00:00+00:00;True;15.31;0.36;11.4;2019-08-28;2019;8;35;240;28;2;5739;51;3;True
2019-08-28 04:00:00+00:00;True;14.69;1.49;11.9;2019-08-28;2019;8;35;240;28;2;5740;52;4;True
2019-08-28 05:00:00+00:00;True;14.19;24.58;0.5;2019-08-28;2019;8;35;240;28;2;5741;53;5;True
2019-08-28 06:00:00+00:00;True;14.65;88.19;11.3;2019-08-28;2019;8;35;240;28;2;5742;54;6;True
2019-08-28 07:00:00+00:00;True;16.28;281.08;0.1;2019-08-28;2019;8;35;240;28;2;5743;55;7;True
2019-08-28 08:00:00+00:00;True;18.6;348.26;11.8;2019-08-28;2019;8;35;240;28;2;5744;56;8;True
2019-08-28 09:00:00+00:00;True;20.83;493.98;0.1;2019-08-28;2019;8;35;240;28;2;5745;57;9;True
2019-08-28 10:00:00+00:00;True;22.43;582.5;11.3;2019-08-28;2019;8;35;240;28;2;5746;58;10;True
2019-08-28 11:00:00+00:00;True;23.45;620.47;1.2;2019-08-28;2019;8;35;240;28;2;5747;59;11;True
2019-08-28 12:00:00+00:00;True;24.12;636.0;12.5;2019-08-28;2019;8;35;240;28;2;5748;60;12;True
2019-08-28 13:00:00+00:00;True;24.7;608.06;0.1;2019-08-28;2019;8;35;240;28;2;5749;61;13;True
2019-08-28 14:00:00+00:00;True;24.74;531.47;11.3;2019-08-28;2019;8;35;240;28;2;5750;62;14;True
2019-08-28 15:00:00+00:00;True;24.77;454.49;13.3;2019-08-28;2019;8;35;240;28;2;5751;63;15;True
2019-08-28 16:00:00+00:00;True;24.61;325.55;0.3;2019-08-28;2019;8;35;240;28;2;5752;64;16;True
2019-08-28 17:00:00+00:00;True;24.1;192.28;0.1;2019-08-28;2019;8;35;240;28;2;5753;65;17;True
2019-08-28 18:00:00+00:00;True;22.96;63.51;0.3;2019-08-28;2019;8;35;240;28;2;5754;66;18;True
2019-08-28 19:00:00+00:00;True;21.14;6.46;4.6;2019-08-28;2019;8;35;240;28;2;5755;67;19;True
2019-08-28 20:00:00+00:00;True;19.54;0.94;8.8;2019-08-28;2019;8;35;240;28;2;5756;68;20;True
2019-08-28 21:00:00+00:00;True;18.33;2.3;0.1;2019-08-28;2019;8;35;240;28;2;5757;69;21;True
2019-08-28 22:00:00+00:00;True;17.48;2.37;1.0;2019-08-28;2019;8;35;240;28;2;5758;70;22;True
2019-08-28 23:00:00+00:00;True;16.66;1.04;4.4;2019-08-28;2019;8;35;240;28;2;5759;71;23;True
2019-08-29 00:00:00+00:00;True;16.05;0.01;0.0;2019-08-29;2019;8;35;241;29;3;5760;72;0;True
2019-08-29 01:00:00+00:00;True;15.27;0.24;3.1;2019-08-29;2019;8;35;241;29;3;5761;73;1;True
2019-08-29 02:00:00+00:00;True;14.87;0.26;0.5;2019-08-29;2019;8;35;241;29;3;5762;74;2;True
2019-08-29 03:00:00+00:00;True;14.28;0.08;2.4;2019-08-29;2019;8;35;241;29;3;5763;75;3;True
2019-08-29 04:00:00+00:00;True;13.65;1.67;3.2;2019-08-29;2019;8;35;241;29;3;5764;76;4;True
2019-08-29 05:00:00+00:00;True;13.24;26.5;0.1;2019-08-29;2019;8;35;241;29;3;5765;77;5;True
2019-08-29 06:00:00+00:00;True;13.99;124.8;0.1;2019-08-29;2019;8;35;241;29;3;5766;78;6;True
2019-08-29 07:00:00+00:00;True;15.82;262.49;3.0;2019-08-29;2019;8;35;241;29;3;5767;79;7;True
2019-08-29 08:00:00+00:00;True;17.94;393.25;1.6;2019-08-29;2019;8;35;241;29;3;5768;80;8;True
2019-08-29 09:00:00+00:00;True;20.02;508.95;0.7;2019-08-29;2019;8;35;241;29;3;5769;81;9;True
2019-08-29 10:00:00+00:00;True;21.75;595.52;3.3;2019-08-29;2019;8;35;241;29;3;5770;82;10;True
2019-08-29 11:00:00+00:00;True;23.2;643.96;9.2;2019-08-29;2019;8;35;241;29;3;5771;83;11;True
2019-08-29 12:00:00+00:00;True;23.78;652.34;0.4;2019-08-29;2019;8;35;241;29;3;5772;84;12;True
2019-08-29 13:00:00+00:00;True;24.21;567.32;0.1;2019-08-29;2019;8;35;241;29;3;5773;85;13;True
2019-08-29 14:00:00+00:00;True;23.89;304.09;0.1;2019-08-29;2019;8;35;241;29;3;5774;86;14;True
2019-08-29 15:00:00+00:00;True;23.7;229.02;13.2;2019-08-29;2019;8;35;241;29;3;5775;87;15;True
2019-08-29 16:00:00+00:00;True;23.18;221.61;13.6;2019-08-29;2019;8;35;241;29;3;5776;88;16;True
2019-08-29 17:00:00+00:00;True;22.69;102.2;0.1;2019-08-29;2019;8;35;241;29;3;5777;89;17;True
2019-08-29 18:00:00+00:00;True;21.96;33.49;0.1;2019-08-29;2019;8;35;241;29;3;5778;90;18;True
2019-08-29 19:00:00+00:00;True;20.94;6.81;0.1;2019-08-29;2019;8;35;241;29;3;5779;91;19;True
2019-08-29 20:00:00+00:00;True;20.08;5.34;0.0;2019-08-29;2019;8;35;241;29;3;5780;92;20;True
2019-08-29 21:00:00+00:00;True;19.52;4.46;5.6;2019-08-29;2019;8;35;241;29;3;5781;93;21;True
2019-08-29 22:00:00+00:00;True;19.18;6.59;5.1;2019-08-29;2019;8;35;241;29;3;5782;94;22;True
2019-08-29 23:00:00+00:00;True;18.59;5.35;9.8;2019-08-29;2019;8;35;241;29;3;5783;95;23;True
2019-08-30 00:00:00+00:00;True;18.24;3.44;9.3;2019-08-30;2019;8;35;242;30;4;5784;96;0;True
2019-08-30 01:00:00+00:00;True;18.17;3.44;12.8;2019-08-30;2019;8;35;242;30;4;5785;97;1;True
2019-08-30 02:00:00+00:00;True;18.22;3.11;12.4;2019-08-30;2019;8;35;242;30;4;5786;98;2;True
2019-08-30 03:00:00+00:00;True;17.99;2.77;0.1;2019-08-30;2019;8;35;242;30;4;5787;99;3;True
2019-08-30 04:00:00+00:00;True;17.45;3.2;0.1;2019-08-30;2019;8;35;242;30;4;5788;100;4;True
2019-08-30 05:00:00+00:00;True;16.96;17.66;13.0;2019-08-30;2019;8;35;242;30;4;5789;101;5;True
2019-08-30 06:00:00+00:00;True;17.21;55.01;0.2;2019-08-30;2019;8;35;242;30;4;5790;102;6;True
2019-08-30 07:00:00+00:00;True;18.02;91.9;3.4;2019-08-30;2019;8;35;242;30;4;5791;103;7;True
2019-08-30 08:00:00+00:00;True;19.19;175.93;3.8;2019-08-30;2019;8;35;242;30;4;5792;104;8;True
2019-08-30 09:00:00+00:00;True;19.78;146.1;3.3;2019-08-30;2019;8;35;242;30;4;5793;105;9;True
2019-08-30 10:00:00+00:00;True;20.46;304.18;13.7;2019-08-30;2019;8;35;242;30;4;5794;106;10;True
2019-08-30 11:00:00+00:00;True;21.04;182.47;0.5;2019-08-30;2019;8;35;242;30;4;5795;107;11;True
2019-08-30 12:00:00+00:00;True;20.7;195.22;0.1;2019-08-30;2019;8;35;242;30;4;5796;108;12;True
2019-08-30 13:00:00+00:00;True;20.7;123.14;11.8;2019-08-30;2019;8;35;242;30;4;5797;109;13;True
2019-08-30 14:00:00+00:00;True;19.87;142.96;0.1;2019-08-30;2019;8;35;242;30;4;5798;110;14;True
2019-08-30 15:00:00+00:00;True;20.75;84.01;0.1;2019-08-30;2019;8;35;242;30;4;5799;111;15;True
2019-08-30 16:00:00+00:00;True;19.97;35.19;2.1;2019-08-30;2019;8;35;242;30;4;5800;112;16;True
2019-08-30 17:00:00+00:00;True;19.08;49.99;0.1;2019-08-30;2019;8;35;242;30;4;5801;113;17;True
2019-08-30 18:00:00+00:00;True;19.67;62.69;0.0;2019-08-30;2019;8;35;242;30;4;5802;114;18;True
2019-08-30 19:00:00+00:00;True;19.18;5.05;0.1;2019-08-30;2019;8;35;242;30;4;5803;115;19;True
2019-08-30 20:00:00+00:00;True;18.98;2.19;0.0;2019-08-30;2019;8;35;242;30;4;5804;116;20;True
2019-08-30 21:00:00+00:00;True;18.59;2.42;2.1;2019-08-30;2019;8;35;242;30;4;5805;117;21;True
2019-08-30 22:00:00+00:00;True;17.16;2.68;0.0;2019-08-30;2019;8;35;242;30;4;5806;118;22;True
2019-08-30 23:00:00+00:00;True;16.15;3.04;0.1;2019-08-30;2019;8;35;242;30;4;5807;119;23;True
2019-08-31 00:00:00+00:00;True;15.53;2.67;2.8;2019-08-31;2019;8;35;243;31;5;5808;120;0;False
2019-08-31 01:00:00+00:00;True;14.83;2.41;1.1;2019-08-31;2019;8;35;243;31;5;5809;121;1;False
2019-08-31 02:00:00+00:00;True;14.33;3.17;2.3;2019-08-31;2019;8;35;243;31;5;5810;122;2;False
2019-08-31 03:00:00+00:00;True;14.1;2.58;3.3;2019-08-31;2019;8;35;243;31;5;5811;123;3;False
2019-08-31 04:00:00+00:00;True;13.71;2.82;0.1;2019-08-31;2019;8;35;243;31;5;5812;124;4;False
2019-08-31 05:00:00+00:00;True;13.67;8.46;3.3;2019-08-31;2019;8;35;243;31;5;5813;125;5;False
2019-08-31 06:00:00+00:00;True;13.8;51.26;11.7;2019-08-31;2019;8;35;243;31;5;5814;126;6;False
2019-08-31 07:00:00+00:00;True;14.04;101.01;2.0;2019-08-31;2019;8;35;243;31;5;5815;127;7;False
2019-08-31 08:00:00+00:00;True;14.64;192.39;1.2;2019-08-31;2019;8;35;243;31;5;5816;128;8;False
2019-08-31 09:00:00+00:00;True;16.3;475.41;12.5;2019-08-31;2019;8;35;243;31;5;5817;129;9;False
2019-08-31 10:00:00+00:00;True;17.62;561.47;9.7;2019-08-31;2019;8;35;243;31;5;5818;130;10;False
2019-08-31 11:00:00+00:00;True;19.5;606.56;0.6;2019-08-31;2019;8;35;243;31;5;5819;131;11;False
2019-08-31 12:00:00+00:00;True;20.45;610.87;2.8;2019-08-31;2019;8;35;243;31;5;5820;132;12;False
2019-08-31 13:00:00+00:00;True;21.27;618.51;0.1;2019-08-31;2019;8;35;243;31;5;5821;133;13;False
2019-08-31 14:00:00+00:00;True;21.62;543.43;0.1;2019-08-31;2019;8;35;243;31;5;5822;134;14;False
2019-08-31 15:00:00+00:00;True;22.11;445.02;14.3;2019-08-31;2019;8;35;243;31;5;5823;135;15;False
2019-08-31 16:00:00+00:00;True;22.25;317.28;11.8;2019-08-31;2019;8;35;243;31;5;5824;136;16;False
2019-08-31 17:00:00+00:00;True;22.24;167.06;0.7;2019-08-31;2019;8;35;243;31;5;5825;137;17;False
2019-08-31 18:00:00+00:00;True;21.56;52.43;2.7;2019-08-31;2019;8;35;243;31;5;5826;138;18;False
2019-08-31 19:00:00+00:00;True;20.69;4.67;11.9;2019-08-31;2019;8;35;243;31;5;5827;139;19;False
2019-08-31 20:00:00+00:00;True;19.43;2.99;2.8;2019-08-31;2019;8;35;243;31;5;5828;140;20;False
2019-08-31 21:00:00+00:00;True;17.65;2.61;9.6;2019-08-31;2019;8;35;243;31;5;5829;141;21;False
2019-08-31 22:00:00+00:00;True;16.4;2.83;1.9;2019-08-31;2019;8;35;243;31;5;5830;142;22;False
2019-08-31 23:00:00+00:00;True;15.52;3.13;10.9;2019-08-31;2019;8;35;243;31;5;5831;143;23;False
2019-09-01 00:00:00+00:00;True;16.13;2.18;12.5;2019-09-01;2019;9;35;244;1;6;5832;144;0;False
2019-09-01 01:00:00+00:00;True;13.76;3.28;0.1;2019-09-01;2019;9;35;244;1;6;5833;145;1;False
2019-09-01 02:00:00+00:00;True;13.87;3.41;0.2;2019-09-01;2019;9;35;244;1;6;5834;146;2;False
2019-09-01 03:00:00+00:00;True;13.63;3.33;10.4;2019-09-01;2019;9;35;244;1;6;5835;147;3;False
2019-09-01 04:00:00+00:00;True;13.41;3.2;0.1;2019-09-01;2019;9;35;244;1;6;5836;148;4;False
2019-09-01 05:00:00+00:00;True;12.69;27.07;3.0;2019-09-01;2019;9;35;244;1;6;5837;149;5;False
2019-09-01 06:00:00+00:00;True;14.09;127.31;12.8;2019-09-01;2019;9;35;244;1;6;5838;150;6;False
2019-09-01 07:00:00+00:00;True;16.53;263.07;2.0;2019-09-01;2019;9;35;244;1;6;5839;151;7;False
2019-09-01 08:00:00+00:00;True;18.31;375.99;2.8;2019-09-01;2019;9;35;244;1;6;5840;152;8;False
2019-09-01 09:00:00+00:00;True;20.39;448.21;1.7;2019-09-01;2019;9;35;244;1;6;5841;153;9;False
2019-09-01 10:00:00+00:00;True;21.44;521.23;0.5;2019-09-01;2019;9;35;244;1;6;5842;154;10;False
2019-09-01 11:00:00+00:00;True;22.14;594.32;10.4;2019-09-01;2019;9;35;244;1;6;5843;155;11;False
2019-09-01 12:00:00+00:00;True;22.75;592.57;0.1;2019-09-01;2019;9;35;244;1;6;5844;156;12;False
2019-09-01 13:00:00+00:00;True;23.3;604.73;12.4;2019-09-01;2019;9;35;244;1;6;5845;157;13;False
2019-09-01 14:00:00+00:00;True;23.78;554.1;0.1;2019-09-01;2019;9;35;244;1;6;5846;158;14;False
2019-09-01 15:00:00+00:00;True;24.02;442.64;10.4;2019-09-01;2019;9;35;244;1;6;5847;159;15;False
2019-09-01 16:00:00+00:00;True;24.07;317.15;12.2;2019-09-01;2019;9;35;244;1;6;5848;160;16;False
2019-09-01 17:00:00+00:00;True;23.65;188.61;0.3;2019-09-01;2019;9;35;244;1;6;5849;161;17;False
2019-09-01 18:00:00+00:00;True;22.7;62.23;2.8;2019-09-01;2019;9;35;244;1;6;5850;162;18;False
2019-09-01 19:00:00+00:00;True;20.98;5.88;0.1;2019-09-01;2019;9;35;244;1;6;5851;163;19;False
2019-09-01 20:00:00+00:00;True;19.08;2.6;11.7;2019-09-01;2019;9;35;244;1;6;5852;164;20;False
2019-09-01 21:00:00+00:00;True;17.79;3.9;1.0;2019-09-01;2019;9;35;244;1;6;5853;165;21;False
2019-09-01 22:00:00+00:00;True;16.97;3.33;0.1;2019-09-01;2019;9;35;244;1;6;5854;166;22;False
2019-09-01 23:00:00+00:00;True;16.2;2.39;9.2;2019-09-01;2019;9;35;244;1;6;5855;167;23;False
2019-09-02 00:00:00+00:00;True;15.35;0.18;0.6;2019-09-02;2019;9;36;245;2;0;5856;0;0;True
2019-09-02 01:00:00+00:00;True;14.97;1.38;11.7;2019-09-02;2019;9;36;245;2;0;5857;1;1;True
2019-09-02 02:00:00+00:00;True;14.45;0.81;12.6;2019-09-02;2019;9;36;245;2;0;5858;2;2;True
2019-09-02 03:00:00+00:00;True;13.85;0.74;0.1;2019-09-02;2019;9;36;245;2;0;5859;3;3;True
2019-09-02 04:00:00+00:00;True;13.46;0.29;2.8;2019-09-02;2019;9;36;245;2;0;5860;4;4;True
2019-09-02 05:00:00+00:00;True;13.21;18.43;0.1;2019-09-02;2019;9;36;245;2;0;5861;5;5;True
2019-09-02 06:00:00+00:00;True;13.71;111.42;1.4;2019-09-02;2019;9;36;245;2;0;5862;6;6;True
2019-09-02 07:00:00+00:00;True;15.2;244.6;0.1;2019-09-02;2019;9;36;245;2;0;5863;7;7;True
2019-09-02 08:00:00+00:00;True;17.13;379.61;9.4;2019-09-02;2019;9;36;245;2;0;5864;8;8;True
2019-09-02 09:00:00+00:00;True;18.75;494.11;1.5;2019-09-02;2019;9;36;245;2;0;5865;9;9;True
2019-09-02 10:00:00+00:00;True;20.29;580.78;2.0;2019-09-02;2019;9;36;245;2;0;5866;10;10;True
2019-09-02 11:00:00+00:00;True;21.88;629.56;11.9;2019-09-02;2019;9;36;245;2;0;5867;11;11;True
2019-09-02 12:00:00+00:00;True;23.33;637.11;0.2;2019-09-02;2019;9;36;245;2;0;5868;12;12;True
2019-09-02 13:00:00+00:00;True;24.29;598.67;1.2;2019-09-02;2019;9;36;245;2;0;5869;13;13;True
2019-09-02 14:00:00+00:00;True;25.01;519.97;5.6;2019-09-02;2019;9;36;245;2;0;5870;14;14;True
2019-09-02 15:00:00+00:00;True;25.32;420.06;2.6;2019-09-02;2019;9;36;245;2;0;5871;15;15;True
2019-09-02 16:00:00+00:00;True;25.01;167.09;2.8;2019-09-02;2019;9;36;245;2;0;5872;16;16;True
2019-09-02 17:00:00+00:00;True;24.67;96.23;0.1;2019-09-02;2019;9;36;245;2;0;5873;17;17;True
2019-09-02 18:00:00+00:00;True;23.93;16.01;8.6;2019-09-02;2019;9;36;245;2;0;5874;18;18;True
2019-09-02 19:00:00+00:00;True;20.57;4.68;5.3;2019-09-02;2019;9;36;245;2;0;5875;19;19;True
2019-09-02 20:00:00+00:00;True;18.93;5.83;0.1;2019-09-02;2019;9;36;245;2;0;5876;20;20;True
2019-09-02 21:00:00+00:00;True;15.99;6.45;4.7;2019-09-02;2019;9;36;245;2;0;5877;21;21;True
2019-09-02 22:00:00+00:00;True;14.44;4.86;10.8;2019-09-02;2019;9;36;245;2;0;5878;22;22;True
2019-09-02 23:00:00+00:00;True;13.99;3.94;0.1;2019-09-02;2019;9;36;245;2;0;5879;23;23;True
2019-09-03 00:00:00+00:00;True;13.83;3.96;0.1;2019-09-03;2019;9;36;246;3;1;5880;24;0;True
2019-09-03 01:00:00+00:00;True;13.48;3.34;0.1;2019-09-03;2019;9;36;246;3;1;5881;25;1;True
2019-09-03 02:00:00+00:00;True;13.51;3.52;8.7;2019-09-03;2019;9;36;246;3;1;5882;26;2;True
2019-09-03 03:00:00+00:00;True;13.55;3.34;10.3;2019-09-03;2019;9;36;246;3;1;5883;27;3;True
2019-09-03 04:00:00+00:00;True;13.23;3.27;0.1;2019-09-03;2019;9;36;246;3;1;5884;28;4;True
2019-09-03 05:00:00+00:00;True;13.26;15.83;2.4;2019-09-03;2019;9;36;246;3;1;5885;29;5;True
2019-09-03 06:00:00+00:00;True;13.46;43.03;3.4;2019-09-03;2019;9;36;246;3;1;5886;30;6;True
2019-09-03 07:00:00+00:00;True;14.05;80.81;0.1;2019-09-03;2019;9;36;246;3;1;5887;31;7;True
2019-09-03 08:00:00+00:00;True;14.51;100.21;2.4;2019-09-03;2019;9;36;246;3;1;5888;32;8;True
2019-09-03 09:00:00+00:00;True;14.74;175.46;1.4;2019-09-03;2019;9;36;246;3;1;5889;33;9;True
2019-09-03 10:00:00+00:00;True;15.77;192.47;0.1;2019-09-03;2019;9;36;246;3;1;5890;34;10;True
2019-09-03 11:00:00+00:00;True;16.65;223.44;3.3;2019-09-03;2019;9;36;246;3;1;5891;35;11;True
2019-09-03 12:00:00+00:00;True;17.11;203.16;12.7;2019-09-03;2019;9;36;246;3;1;5892;36;12;True
2019-09-03 13:00:00+00:00;True;16.88;128.64;0.8;2019-09-03;2019;9;36;246;3;1;5893;37;13;True
2019-09-03 14:00:00+00:00;True;16.93;136.98;7.0;2019-09-03;2019;9;36;246;3;1;5894;38;14;True
2019-09-03 15:00:00+00:00;True;16.43;81.48;2.0;2019-09-03;2019;9;36;246;3;1;5895;39;15;True
2019-09-03 16:00:00+00:00;True;15.71;30.34;0.7;2019-09-03;2019;9;36;246;3;1;5896;40;16;True
2019-09-03 17:00:00+00:00;True;15.22;44.59;0.1;2019-09-03;2019;9;36;246;3;1;5897;41;17;True
2019-09-03 18:00:00+00:00;True;15.24;17.65;3.0;2019-09-03;2019;9;36;246;3;1;5898;42;18;True
2019-09-03 19:00:00+00:00;True;14.54;3.28;3.0;2019-09-03;2019;9;36;246;3;1;5899;43;19;True
2019-09-03 20:00:00+00:00;True;13.85;0.86;0.2;2019-09-03;2019;9;36;246;3;1;5900;44;20;True
2019-09-03 21:00:00+00:00;True;13.71;0.88;0.9;2019-09-03;2019;9;36;246;3;1;5901;45;21;True
2019-09-03 22:00:00+00:00;True;13.24;0.23;1.4;2019-09-03;2019;9;36;246;3;1;5902;46;22;True
2019-09-03 23:00:00+00:00;True;12.85;0.3;0.3;2019-09-03;2019;9;36;246;3;1;5903;47;23;True
2019-09-04 00:00:00+00:00;True;12.0;0.34;10.5;2019-09-04;2019;9;36;247;4;2;5904;48;0;True
2019-09-04 01:00:00+00:00;True;11.8;0.25;0.1;2019-09-04;2019;9;36;247;4;2;5905;49;1;True
2019-09-04 02:00:00+00:00;True;11.98;0.41;0.1;2019-09-04;2019;9;36;247;4;2;5906;50;2;True
2019-09-04 03:00:00+00:00;True;10.91;0.83;6.8;2019-09-04;2019;9;36;247;4;2;5907;51;3;True
2019-09-04 04:00:00+00:00;True;10.05;0.85;0.1;2019-09-04;2019;9;36;247;4;2;5908;52;4;True
2019-09-04 05:00:00+00:00;True;10.51;6.8;1.4;2019-09-04;2019;9;36;247;4;2;5909;53;5;True
2019-09-04 06:00:00+00:00;True;11.59;47.69;2.6;2019-09-04;2019;9;36;247;4;2;5910;54;6;True
2019-09-04 07:00:00+00:00;True;13.03;129.07;0.1;2019-09-04;2019;9;36;247;4;2;5911;55;7;True
2019-09-04 08:00:00+00:00;True;14.96;356.45;3.2;2019-09-04;2019;9;36;247;4;2;5912;56;8;True
2019-09-04 09:00:00+00:00;True;16.41;471.72;3.7;2019-09-04;2019;9;36;247;4;2;5913;57;9;True
2019-09-04 10:00:00+00:00;True;17.58;562.67;2.2;2019-09-04;2019;9;36;247;4;2;5914;58;10;True
2019-09-04 11:00:00+00:00;True;18.22;582.68;0.1;2019-09-04;2019;9;36;247;4;2;5915;59;11;True
2019-09-04 12:00:00+00:00;True;18.68;324.6;9.7;2019-09-04;2019;9;36;247;4;2;5916;60;12;True
2019-09-04 13:00:00+00:00;True;19.12;492.12;10.0;2019-09-04;2019;9;36;247;4;2;5917;61;13;True
2019-09-04 14:00:00+00:00;True;19.46;336.35;4.3;2019-09-04;2019;9;36;247;4;2;5918;62;14;True
2019-09-04 15:00:00+00:00;True;19.86;307.9;16.6;2019-09-04;2019;9;36;247;4;2;5919;63;15;True
2019-09-04 16:00:00+00:00;True;19.27;202.15;0.7;2019-09-04;2019;9;36;247;4;2;5920;64;16;True
2019-09-04 17:00:00+00:00;True;18.84;100.99;32.1;2019-09-04;2019;9;36;247;4;2;5921;65;17;True
2019-09-04 18:00:00+00:00;True;16.86;45.86;16.4;2019-09-04;2019;9;36;247;4;2;5922;66;18;True
2019-09-04 19:00:00+00:00;True;16.38;1.23;3.2;2019-09-04;2019;9;36;247;4;2;5923;67;19;True
2019-09-04 20:00:00+00:00;True;15.69;0.83;0.1;2019-09-04;2019;9;36;247;4;2;5924;68;20;True
2019-09-04 21:00:00+00:00;True;14.89;0.2;3.5;2019-09-04;2019;9;36;247;4;2;5925;69;21;True
2019-09-04 22:00:00+00:00;True;14.69;0.11;0.1;2019-09-04;2019;9;36;247;4;2;5926;70;22;True
2019-09-04 23:00:00+00:00;True;14.73;0.7;12.0;2019-09-04;2019;9;36;247;4;2;5927;71;23;True
2019-09-05 00:00:00+00:00;True;14.5;1.08;0.2;2019-09-05;2019;9;36;248;5;3;5928;72;0;True
2019-09-05 01:00:00+00:00;True;14.1;0.61;0.4;2019-09-05;2019;9;36;248;5;3;5929;73;1;True
2019-09-05 02:00:00+00:00;True;11.95;0.38;10.8;2019-09-05;2019;9;36;248;5;3;5930;74;2;True
2019-09-05 03:00:00+00:00;True;12.29;0.33;0.1;2019-09-05;2019;9;36;248;5;3;5931;75;3;True
2019-09-05 04:00:00+00:00;True;11.49;0.53;0.1;2019-09-05;2019;9;36;248;5;3;5932;76;4;True
2019-09-05 05:00:00+00:00;True;10.76;15.63;12.8;2019-09-05;2019;9;36;248;5;3;5933;77;5;True
2019-09-05 06:00:00+00:00;True;11.7;102.02;0.1;2019-09-05;2019;9;36;248;5;3;5934;78;6;True
2019-09-05 07:00:00+00:00;True;12.76;226.33;0.6;2019-09-05;2019;9;36;248;5;3;5935;79;7;True
2019-09-05 08:00:00+00:00;True;14.62;318.88;4.1;2019-09-05;2019;9;36;248;5;3;5936;80;8;True
2019-09-05 09:00:00+00:00;True;16.06;460.39;6.1;2019-09-05;2019;9;36;248;5;3;5937;81;9;True
2019-09-05 10:00:00+00:00;True;18.08;580.69;6.5;2019-09-05;2019;9;36;248;5;3;5938;82;10;True
2019-09-05 11:00:00+00:00;True;19.52;596.03;3.0;2019-09-05;2019;9;36;248;5;3;5939;83;11;True
2019-09-05 12:00:00+00:00;True;20.57;620.32;3.2;2019-09-05;2019;9;36;248;5;3;5940;84;12;True
2019-09-05 13:00:00+00:00;True;21.22;500.16;0.1;2019-09-05;2019;9;36;248;5;3;5941;85;13;True
2019-09-05 14:00:00+00:00;True;21.84;386.47;0.1;2019-09-05;2019;9;36;248;5;3;5942;86;14;True
2019-09-05 15:00:00+00:00;True;21.91;282.78;0.1;2019-09-05;2019;9;36;248;5;3;5943;87;15;True
2019-09-05 16:00:00+00:00;True;22.04;286.07;0.1;2019-09-05;2019;9;36;248;5;3;5944;88;16;True
2019-09-05 17:00:00+00:00;True;21.52;140.42;1.0;2019-09-05;2019;9;36;248;5;3;5945;89;17;True
2019-09-05 18:00:00+00:00;True;20.56;31.33;13.6;2019-09-05;2019;9;36;248;5;3;5946;90;18;True
2019-09-05 19:00:00+00:00;True;18.84;3.81;1.7;2019-09-05;2019;9;36;248;5;3;5947;91;19;True
2019-09-05 20:00:00+00:00;True;17.94;3.13;0.1;2019-09-05;2019;9;36;248;5;3;5948;92;20;True
2019-09-05 21:00:00+00:00;True;18.66;3.96;4.8;2019-09-05;2019;9;36;248;5;3;5949;93;21;True
2019-09-05 22:00:00+00:00;True;18.76;4.04;0.1;2019-09-05;2019;9;36;248;5;3;5950;94;22;True
2019-09-05 23:00:00+00:00;True;17.49;4.29;14.5;2019-09-05;2019;9;36;248;5;3;5951;95;23;True
2019-09-06 00:00:00+00:00;True;16.15;5.41;12.6;2019-09-06;2019;9;36;249;6;4;5952;96;0;True
2019-09-06 01:00:00+00:00;True;15.57;3.95;0.1;2019-09-06;2019;9;36;249;6;4;5953;97;1;True
2019-09-06 02:00:00+00:00;True;14.93;2.27;7.2;2019-09-06;2019;9;36;249;6;4;5954;98;2;True
2019-09-06 03:00:00+00:00;True;14.69;0.32;0.1;2019-09-06;2019;9;36;249;6;4;5955;99;3;True
2019-09-06 04:00:00+00:00;True;14.6;0.63;0.7;2019-09-06;2019;9;36;249;6;4;5956;100;4;True
2019-09-06 05:00:00+00:00;True;14.54;1.35;14.0;2019-09-06;2019;9;36;249;6;4;5957;101;5;True
2019-09-06 06:00:00+00:00;True;14.54;14.61;13.6;2019-09-06;2019;9;36;249;6;4;5958;102;6;True
2019-09-06 07:00:00+00:00;True;14.75;55.24;0.1;2019-09-06;2019;9;36;249;6;4;5959;103;7;True
2019-09-06 08:00:00+00:00;True;14.94;136.25;1.4;2019-09-06;2019;9;36;249;6;4;5960;104;8;True
2019-09-06 09:00:00+00:00;True;15.33;361.87;0.9;2019-09-06;2019;9;36;249;6;4;5961;105;9;True
2019-09-06 10:00:00+00:00;True;16.89;544.03;2.4;2019-09-06;2019;9;36;249;6;4;5962;106;10;True
2019-09-06 11:00:00+00:00;True;17.31;403.05;14.1;2019-09-06;2019;9;36;249;6;4;5963;107;11;True
2019-09-06 12:00:00+00:00;True;16.59;502.11;2.5;2019-09-06;2019;9;36;249;6;4;5964;108;12;True
2019-09-06 13:00:00+00:00;True;16.43;366.67;7.0;2019-09-06;2019;9;36;249;6;4;5965;109;13;True
2019-09-06 14:00:00+00:00;True;16.5;492.85;14.1;2019-09-06;2019;9;36;249;6;4;5966;110;14;True
2019-09-06 15:00:00+00:00;True;17.31;295.06;0.1;2019-09-06;2019;9;36;249;6;4;5967;111;15;True
2019-09-06 16:00:00+00:00;True;17.36;234.62;11.9;2019-09-06;2019;9;36;249;6;4;5968;112;16;True
2019-09-06 17:00:00+00:00;True;17.25;147.86;15.1;2019-09-06;2019;9;36;249;6;4;5969;113;17;True
2019-09-06 18:00:00+00:00;True;16.15;35.14;3.2;2019-09-06;2019;9;36;249;6;4;5970;114;18;True
2019-09-06 19:00:00+00:00;True;14.67;0.45;13.1;2019-09-06;2019;9;36;249;6;4;5971;115;19;True
2019-09-06 20:00:00+00:00;True;13.79;0.21;2.4;2019-09-06;2019;9;36;249;6;4;5972;116;20;True
2019-09-06 21:00:00+00:00;True;13.3;0.04;6.2;2019-09-06;2019;9;36;249;6;4;5973;117;21;True
2019-09-06 22:00:00+00:00;True;12.72;0.35;0.1;2019-09-06;2019;9;36;249;6;4;5974;118;22;True
2019-09-06 23:00:00+00:00;True;12.32;0.8;3.6;2019-09-06;2019;9;36;249;6;4;5975;119;23;True
2019-09-07 00:00:00+00:00;True;12.13;4.03;13.5;2019-09-07;2019;9;36;250;7;5;5976;120;0;False
2019-09-07 01:00:00+00:00;True;12.13;2.85;0.0;2019-09-07;2019;9;36;250;7;5;5977;121;1;False
2019-09-07 02:00:00+00:00;True;12.08;1.9;2.1;2019-09-07;2019;9;36;250;7;5;5978;122;2;False
2019-09-07 03:00:00+00:00;True;11.64;0.36;0.1;2019-09-07;2019;9;36;250;7;5;5979;123;3;False
2019-09-07 04:00:00+00:00;True;11.12;0.19;0.1;2019-09-07;2019;9;36;250;7;5;5980;124;4;False
2019-09-07 05:00:00+00:00;True;10.72;9.55;3.2;2019-09-07;2019;9;36;250;7;5;5981;125;5;False
2019-09-07 06:00:00+00:00;True;10.96;89.75;0.9;2019-09-07;2019;9;36;250;7;5;5982;126;6;False
2019-09-07 07:00:00+00:00;True;11.68;219.35;7.5;2019-09-07;2019;9;36;250;7;5;5983;127;7;False
2019-09-07 08:00:00+00:00;True;13.11;347.17;4.9;2019-09-07;2019;9;36;250;7;5;5984;128;8;False
2019-09-07 09:00:00+00:00;True;14.97;470.47;3.9;2019-09-07;2019;9;36;250;7;5;5985;129;9;False
2019-09-07 10:00:00+00:00;True;15.93;562.61;2.9;2019-09-07;2019;9;36;250;7;5;5986;130;10;False
2019-09-07 11:00:00+00:00;True;16.57;465.24;1.8;2019-09-07;2019;9;36;250;7;5;5987;131;11;False
2019-09-07 12:00:00+00:00;True;17.45;659.82;10.4;2019-09-07;2019;9;36;250;7;5;5988;132;12;False
2019-09-07 13:00:00+00:00;True;18.08;506.92;11.4;2019-09-07;2019;9;36;250;7;5;5989;133;13;False
2019-09-07 14:00:00+00:00;True;18.44;403.29;0.8;2019-09-07;2019;9;36;250;7;5;5990;134;14;False
2019-09-07 15:00:00+00:00;True;18.69;341.35;0.1;2019-09-07;2019;9;36;250;7;5;5991;135;15;False
2019-09-07 16:00:00+00:00;True;18.74;260.42;2.6;2019-09-07;2019;9;36;250;7;5;5992;136;16;False
2019-09-07 17:00:00+00:00;True;18.52;113.6;0.1;2019-09-07;2019;9;36;250;7;5;5993;137;17;False
2019-09-07 18:00:00+00:00;True;17.25;20.45;11.7;2019-09-07;2019;9;36;250;7;5;5994;138;18;False
2019-09-07 19:00:00+00:00;True;15.68;0.08;2.3;2019-09-07;2019;9;36;250;7;5;5995;139;19;False
2019-09-07 20:00:00+00:00;True;14.2;0.36;1.9;2019-09-07;2019;9;36;250;7;5;5996;140;20;False
2019-09-07 21:00:00+00:00;True;13.38;0.03;1.3;2019-09-07;2019;9;36;250;7;5;5997;141;21;False
2019-09-07 22:00:00+00:00;True;12.87;0.26;0.1;2019-09-07;2019;9;36;250;7;5;5998;142;22;False
2019-09-07 23:00:00+00:00;True;12.02;0.82;3.3;2019-09-07;2019;9;36;250;7;5;5999;143;23;False
2019-09-08 00:00:00+00:00;True;11.14;0.47;10.8;2019-09-08;2019;9;36;251;8;6;6000;144;0;False
2019-09-08 01:00:00+00:00;True;10.68;0.39;3.2;2019-09-08;2019;9;36;251;8;6;6001;145;1;False
2019-09-08 02:00:00+00:00;True;10.45;0.6;10.5;2019-09-08;2019;9;36;251;8;6;6002;146;2;False
2019-09-08 03:00:00+00:00;True;10.54;1.02;3.3;2019-09-08;2019;9;36;251;8;6;6003;147;3;False
2019-09-08 04:00:00+00:00;True;10.11;0.7;6.9;2019-09-08;2019;9;36;251;8;6;6004;148;4;False
2019-09-08 05:00:00+00:00;True;10.32;5.68;2.8;2019-09-08;2019;9;36;251;8;6;6005;149;5;False
2019-09-08 06:00:00+00:00;True;10.94;49.33;11.1;2019-09-08;2019;9;36;251;8;6;6006;150;6;False
2019-09-08 07:00:00+00:00;True;11.66;130.35;0.1;2019-09-08;2019;9;36;251;8;6;6007;151;7;False
2019-09-08 08:00:00+00:00;True;13.54;225.95;3.4;2019-09-08;2019;9;36;251;8;6;6008;152;8;False
2019-09-08 09:00:00+00:00;True;15.2;187.59;2.0;2019-09-08;2019;9;36;251;8;6;6009;153;9;False
2019-09-08 10:00:00+00:00;True;16.04;164.95;2.3;2019-09-08;2019;9;36;251;8;6;6010;154;10;False
2019-09-08 11:00:00+00:00;True;17.57;346.41;13.8;2019-09-08;2019;9;36;251;8;6;6011;155;11;False
2019-09-08 12:00:00+00:00;True;18.13;419.79;3.0;2019-09-08;2019;9;36;251;8;6;6012;156;12;False
2019-09-08 13:00:00+00:00;True;19.33;462.55;0.1;2019-09-08;2019;9;36;251;8;6;6013;157;13;False
2019-09-08 14:00:00+00:00;True;20.36;380.59;9.9;2019-09-08;2019;9;36;251;8;6;6014;158;14;False
2019-09-08 15:00:00+00:00;True;20.13;264.36;0.4;2019-09-08;2019;9;36;251;8;6;6015;159;15;False
2019-09-08 16:00:00+00:00;True;20.29;187.54;12.2;2019-09-08;2019;9;36;251;8;6;6016;160;16;False
2019-09-08 17:00:00+00:00;True;19.96;77.07;0.1;2019-09-08;2019;9;36;251;8;6;6017;161;17;False
2019-09-08 18:00:00+00:00;True;19.33;18.23;11.8;2019-09-08;2019;9;36;251;8;6;6018;162;18;False
2019-09-08 19:00:00+00:00;True;18.72;2.08;10.2;2019-09-08;2019;9;36;251;8;6;6019;163;19;False
2019-09-08 20:00:00+00:00;True;18.29;5.32;0.1;2019-09-08;2019;9;36;251;8;6;6020;164;20;False
2019-09-08 21:00:00+00:00;True;17.77;4.67;0.2;2019-09-08;2019;9;36;251;8;6;6021;165;21;False
2019-09-08 22:00:00+00:00;True;17.01;3.66;0.1;2019-09-08;2019;9;36;251;8;6;6022;166;22;False
2019-09-08 23:00:00+00:00;True;16.65;0.64;0.1;2019-09-08;2019;9;36;251;8;6;6023;167;23;False
2019-09-09 00:00:00+00:00;True;16.51;1.51;0.1;2019-09-09;2019;9;37;252;9;0;6024;0;0;True
2019-09-09 01:00:00+00:00;True;16.13;0.8;0.6;2019-09-09;2019;9;37;252;9;0;6025;1;1;True
2019-09-09 02:00:00+00:00;True;16.2;0.67;0.1;2019-09-09;2019;9;37;252;9;0;6026;2;2;True
2019-09-09 03:00:00+00:00;True;16.19;0.7;10.2;2019-09-09;2019;9;37;252;9;0;6027;3;3;True
2019-09-09 04:00:00+00:00;True;16.13;0.31;13.7;2019-09-09;2019;9;37;252;9;0;6028;4;4;True
2019-09-09 05:00:00+00:00;True;15.65;3.12;2.4;2019-09-09;2019;9;37;252;9;0;6029;5;5;True
2019-09-09 06:00:00+00:00;True;15.44;32.22;0.1;2019-09-09;2019;9;37;252;9;0;6030;6;6;True
2019-09-09 07:00:00+00:00;True;16.07;169.27;0.8;2019-09-09;2019;9;37;252;9;0;6031;7;7;True
2019-09-09 08:00:00+00:00;True;17.66;310.98;3.6;2019-09-09;2019;9;37;252;9;0;6032;8;8;True
2019-09-09 09:00:00+00:00;True;19.32;423.59;3.4;2019-09-09;2019;9;37;252;9;0;6033;9;9;True
2019-09-09 10:00:00+00:00;True;20.95;523.27;3.7;2019-09-09;2019;9;37;252;9;0;6034;10;10;True
2019-09-09 11:00:00+00:00;True;22.36;547.4;12.9;2019-09-09;2019;9;37;252;9;0;6035;11;11;True
2019-09-09 12:00:00+00:00;True;23.5;578.46;11.6;2019-09-09;2019;9;37;252;9;0;6036;12;12;True
2019-09-09 13:00:00+00:00;True;24.23;529.86;13.2;2019-09-09;2019;9;37;252;9;0;6037;13;13;True
2019-09-09 14:00:00+00:00;True;24.77;452.3;3.6;2019-09-09;2019;9;37;252;9;0;6038;14;14;True
2019-09-09 15:00:00+00:00;True;24.85;336.48;5.4;2019-09-09;2019;9;37;252;9;0;6039;15;15;True
2019-09-09 16:00:00+00:00;True;24.69;228.08;0.1;2019-09-09;2019;9;37;252;9;0;6040;16;16;True
2019-09-09 17:00:00+00:00;True;23.71;103.66;4.2;2019-09-09;2019;9;37;252;9;0;6041;17;17;True
2019-09-09 18:00:00+00:00;True;22.34;17.69;15.5;2019-09-09;2019;9;37;252;9;0;6042;18;18;True
2019-09-09 19:00:00+00:00;True;20.77;0.05;0.2;2019-09-09;2019;9;37;252;9;0;6043;19;19;True
2019-09-09 20:00:00+00:00;True;19.77;0.04;0.1;2019-09-09;2019;9;37;252;9;0;6044;20;20;True
2019-09-09 21:00:00+00:00;True;19.24;0.17;0.1;2019-09-09;2019;9;37;252;9;0;6045;21;21;True
2019-09-09 22:00:00+00:00;True;18.58;0.0;2.5;2019-09-09;2019;9;37;252;9;0;6046;22;22;True
2019-09-09 23:00:00+00:00;True;18.02;0.23;13.6;2019-09-09;2019;9;37;252;9;0;6047;23;23;True
2019-09-10 00:00:00+00:00;True;17.35;0.28;0.1;2019-09-10;2019;9;37;253;10;1;6048;24;0;True
2019-09-10 01:00:00+00:00;True;16.55;0.1;1.7;2019-09-10;2019;9;37;253;10;1;6049;25;1;True
2019-09-10 02:00:00+00:00;True;15.55;0.05;11.3;2019-09-10;2019;9;37;253;10;1;6050;26;2;True
2019-09-10 03:00:00+00:00;True;15.31;0.35;0.1;2019-09-10;2019;9;37;253;10;1;6051;27;3;True
2019-09-10 04:00:00+00:00;True;14.94;0.44;0.1;2019-09-10;2019;9;37;253;10;1;6052;28;4;True
2019-09-10 05:00:00+00:00;True;14.44;6.62;3.1;2019-09-10;2019;9;37;253;10;1;6053;29;5;True
2019-09-10 06:00:00+00:00;True;14.32;70.67;11.9;2019-09-10;2019;9;37;253;10;1;6054;30;6;True
2019-09-10 07:00:00+00:00;True;15.64;183.94;0.3;2019-09-10;2019;9;37;253;10;1;6055;31;7;True
2019-09-10 08:00:00+00:00;True;17.46;303.91;1.5;2019-09-10;2019;9;37;253;10;1;6056;32;8;True
2019-09-10 09:00:00+00:00;True;19.48;372.73;8.6;2019-09-10;2019;9;37;253;10;1;6057;33;9;True
2019-09-10 10:00:00+00:00;True;21.11;474.02;2.1;2019-09-10;2019;9;37;253;10;1;6058;34;10;True
2019-09-10 11:00:00+00:00;True;23.04;561.41;0.1;2019-09-10;2019;9;37;253;10;1;6059;35;11;True
2019-09-10 12:00:00+00:00;True;24.77;494.94;13.4;2019-09-10;2019;9;37;253;10;1;6060;36;12;True
2019-09-10 13:00:00+00:00;True;25.21;442.66;0.2;2019-09-10;2019;9;37;253;10;1;6061;37;13;True
2019-09-10 14:00:00+00:00;True;24.95;349.45;3.5;2019-09-10;2019;9;37;253;10;1;6062;38;14;True
2019-09-10 15:00:00+00:00;True;25.02;246.89;3.2;2019-09-10;2019;9;37;253;10;1;6063;39;15;True
2019-09-10 16:00:00+00:00;True;24.69;183.92;3.5;2019-09-10;2019;9;37;253;10;1;6064;40;16;True
2019-09-10 17:00:00+00:00;True;23.91;66.39;0.1;2019-09-10;2019;9;37;253;10;1;6065;41;17;True
2019-09-10 18:00:00+00:00;True;22.61;8.5;0.5;2019-09-10;2019;9;37;253;10;1;6066;42;18;True
2019-09-10 19:00:00+00:00;True;21.33;0.48;0.8;2019-09-10;2019;9;37;253;10;1;6067;43;19;True
2019-09-10 20:00:00+00:00;True;20.35;0.64;0.1;2019-09-10;2019;9;37;253;10;1;6068;44;20;True
2019-09-10 21:00:00+00:00;True;19.82;0.96;0.0;2019-09-10;2019;9;37;253;10;1;6069;45;21;True
2019-09-10 22:00:00+00:00;True;19.09;0.55;0.1;2019-09-10;2019;9;37;253;10;1;6070;46;22;True
2019-09-10 23:00:00+00:00;True;18.43;0.39;7.6;2019-09-10;2019;9;37;253;10;1;6071;47;23;True
2019-09-11 00:00:00+00:00;True;17.91;0.02;0.1;2019-09-11;2019;9;37;254;11;2;6072;48;0;True
2019-09-11 01:00:00+00:00;True;17.17;0.08;1.8;2019-09-11;2019;9;37;254;11;2;6073;49;1;True
2019-09-11 02:00:00+00:00;True;16.18;0.02;0.0;2019-09-11;2019;9;37;254;11;2;6074;50;2;True
2019-09-11 03:00:00+00:00;True;15.46;0.06;0.4;2019-09-11;2019;9;37;254;11;2;6075;51;3;True
2019-09-11 04:00:00+00:00;True;14.83;0.06;0.1;2019-09-11;2019;9;37;254;11;2;6076;52;4;True
2019-09-11 05:00:00+00:00;True;13.91;4.2;0.2;2019-09-11;2019;9;37;254;11;2;6077;53;5;True
2019-09-11 06:00:00+00:00;True;13.66;52.67;0.1;2019-09-11;2019;9;37;254;11;2;6078;54;6;True
2019-09-11 07:00:00+00:00;True;14.57;187.81;2.7;2019-09-11;2019;9;37;254;11;2;6079;55;7;True
2019-09-11 08:00:00+00:00;True;16.51;328.25;5.5;2019-09-11;2019;9;37;254;11;2;6080;56;8;True
2019-09-11 09:00:00+00:00;True;18.01;457.39;11.7;2019-09-11;2019;9;37;254;11;2;6081;57;9;True
2019-09-11 10:00:00+00:00;True;18.79;543.39;3.9;2019-09-11;2019;9;37;254;11;2;6082;58;10;True
2019-09-11 11:00:00+00:00;True;19.53;582.0;7.7;2019-09-11;2019;9;37;254;11;2;6083;59;11;True
2019-09-11 12:00:00+00:00;True;20.12;520.77;14.3;2019-09-11;2019;9;37;254;11;2;6084;60;12;True
2019-09-11 13:00:00+00:00;True;20.31;324.78;12.2;2019-09-11;2019;9;37;254;11;2;6085;61;13;True
2019-09-11 14:00:00+00:00;True;20.63;187.38;3.4;2019-09-11;2019;9;37;254;11;2;6086;62;14;True
2019-09-11 15:00:00+00:00;True;20.02;145.51;4.8;2019-09-11;2019;9;37;254;11;2;6087;63;15;True
2019-09-11 16:00:00+00:00;True;20.08;70.17;1.5;2019-09-11;2019;9;37;254;11;2;6088;64;16;True
2019-09-11 17:00:00+00:00;True;19.75;27.17;7.1;2019-09-11;2019;9;37;254;11;2;6089;65;17;True
2019-09-11 18:00:00+00:00;True;19.21;5.93;46.5;2019-09-11;2019;9;37;254;11;2;6090;66;18;True
2019-09-11 19:00:00+00:00;True;18.72;1.16;10.4;2019-09-11;2019;9;37;254;11;2;6091;67;19;True
2019-09-11 20:00:00+00:00;True;18.14;1.04;2.4;2019-09-11;2019;9;37;254;11;2;6092;68;20;True
2019-09-11 21:00:00+00:00;True;17.44;0.48;11.7;2019-09-11;2019;9;37;254;11;2;6093;69;21;True
2019-09-11 22:00:00+00:00;True;17.11;0.85;3.4;2019-09-11;2019;9;37;254;11;2;6094;70;22;True
2019-09-11 23:00:00+00:00;True;16.49;1.1;0.1;2019-09-11;2019;9;37;254;11;2;6095;71;23;True
2019-09-12 00:00:00+00:00;True;15.43;0.42;1.5;2019-09-12;2019;9;37;255;12;3;6096;72;0;True
2019-09-12 01:00:00+00:00;True;14.73;0.18;13.0;2019-09-12;2019;9;37;255;12;3;6097;73;1;True
2019-09-12 02:00:00+00:00;True;14.21;0.19;10.7;2019-09-12;2019;9;37;255;12;3;6098;74;2;True
2019-09-12 03:00:00+00:00;True;13.93;0.22;11.4;2019-09-12;2019;9;37;255;12;3;6099;75;3;True
2019-09-12 04:00:00+00:00;True;13.32;0.46;12.6;2019-09-12;2019;9;37;255;12;3;6100;76;4;True
2019-09-12 05:00:00+00:00;True;13.29;5.46;0.1;2019-09-12;2019;9;37;255;12;3;6101;77;5;True
2019-09-12 06:00:00+00:00;True;13.03;45.2;5.9;2019-09-12;2019;9;37;255;12;3;6102;78;6;True
2019-09-12 07:00:00+00:00;True;14.18;170.3;0.1;2019-09-12;2019;9;37;255;12;3;6103;79;7;True
2019-09-12 08:00:00+00:00;True;15.41;324.05;2.3;2019-09-12;2019;9;37;255;12;3;6104;80;8;True
2019-09-12 09:00:00+00:00;True;16.83;429.78;2.6;2019-09-12;2019;9;37;255;12;3;6105;81;9;True
2019-09-12 10:00:00+00:00;True;18.17;398.95;0.7;2019-09-12;2019;9;37;255;12;3;6106;82;10;True
2019-09-12 11:00:00+00:00;True;18.59;221.18;13.7;2019-09-12;2019;9;37;255;12;3;6107;83;11;True
2019-09-12 12:00:00+00:00;True;19.31;389.81;12.6;2019-09-12;2019;9;37;255;12;3;6108;84;12;True
2019-09-12 13:00:00+00:00;True;19.92;215.8;0.1;2019-09-12;2019;9;37;255;12;3;6109;85;13;True
2019-09-12 14:00:00+00:00;True;17.39;79.74;4.3;2019-09-12;2019;9;37;255;12;3;6110;86;14;True
2019-09-12 15:00:00+00:00;True;16.1;55.19;0.1;2019-09-12;2019;9;37;255;12;3;6111;87;15;True
2019-09-12 16:00:00+00:00;True;14.44;45.17;14.8;2019-09-12;2019;9;37;255;12;3;6112;88;16;True
2019-09-12 17:00:00+00:00;True;14.79;74.26;2.9;2019-09-12;2019;9;37;255;12;3;6113;89;17;True
2019-09-12 18:00:00+00:00;True;14.94;9.49;12.2;2019-09-12;2019;9;37;255;12;3;6114;90;18;True
2019-09-12 19:00:00+00:00;True;14.48;0.38;12.7;2019-09-12;2019;9;37;255;12;3;6115;91;19;True
2019-09-12 20:00:00+00:00;True;14.41;0.43;5.0;2019-09-12;2019;9;37;255;12;3;6116;92;20;True
2019-09-12 21:00:00+00:00;True;13.78;0.67;8.3;2019-09-12;2019;9;37;255;12;3;6117;93;21;True
2019-09-12 22:00:00+00:00;True;13.35;0.07;0.2;2019-09-12;2019;9;37;255;12;3;6118;94;22;True
2019-09-12 23:00:00+00:00;True;13.26;1.2;0.1;2019-09-12;2019;9;37;255;12;3;6119;95;23;True
2019-09-13 00:00:00+00:00;True;13.26;1.88;0.9;2019-09-13;2019;9;37;256;13;4;6120;96;0;True
2019-09-13 01:00:00+00:00;True;13.5;0.84;12.0;2019-09-13;2019;9;37;256;13;4;6121;97;1;True
2019-09-13 02:00:00+00:00;True;13.55;0.78;12.6;2019-09-13;2019;9;37;256;13;4;6122;98;2;True
2019-09-13 03:00:00+00:00;True;13.43;0.65;0.2;2019-09-13;2019;9;37;256;13;4;6123;99;3;True
2019-09-13 04:00:00+00:00;True;13.16;0.61;12.8;2019-09-13;2019;9;37;256;13;4;6124;100;4;True
2019-09-13 05:00:00+00:00;True;13.22;1.92;6.6;2019-09-13;2019;9;37;256;13;4;6125;101;5;True
2019-09-13 06:00:00+00:00;True;13.38;17.57;0.2;2019-09-13;2019;9;37;256;13;4;6126;102;6;True
2019-09-13 07:00:00+00:00;True;13.72;70.41;0.4;2019-09-13;2019;9;37;256;13;4;6127;103;7;True
2019-09-13 08:00:00+00:00;True;13.9;72.67;2.1;2019-09-13;2019;9;37;256;13;4;6128;104;8;True
2019-09-13 09:00:00+00:00;True;14.35;188.4;12.1;2019-09-13;2019;9;37;256;13;4;6129;105;9;True
2019-09-13 10:00:00+00:00;True;13.95;189.09;14.3;2019-09-13;2019;9;37;256;13;4;6130;106;10;True
2019-09-13 11:00:00+00:00;True;13.74;229.43;1.4;2019-09-13;2019;9;37;256;13;4;6131;107;11;True
2019-09-13 12:00:00+00:00;True;14.44;160.22;0.3;2019-09-13;2019;9;37;256;13;4;6132;108;12;True
2019-09-13 13:00:00+00:00;True;14.39;66.81;7.5;2019-09-13;2019;9;37;256;13;4;6133;109;13;True
2019-09-13 14:00:00+00:00;True;13.32;35.61;6.7;2019-09-13;2019;9;37;256;13;4;6134;110;14;True
2019-09-13 15:00:00+00:00;True;13.29;44.99;1.4;2019-09-13;2019;9;37;256;13;4;6135;111;15;True
2019-09-13 16:00:00+00:00;True;13.26;94.05;23.0;2019-09-13;2019;9;37;256;13;4;6136;112;16;True
2019-09-13 17:00:00+00:00;True;13.46;45.95;13.8;2019-09-13;2019;9;37;256;13;4;6137;113;17;True
2019-09-13 18:00:00+00:00;True;11.62;3.99;1.3;2019-09-13;2019;9;37;256;13;4;6138;114;18;True
2019-09-13 19:00:00+00:00;True;11.5;2.19;9.5;2019-09-13;2019;9;37;256;13;4;6139;115;19;True
2019-09-13 20:00:00+00:00;True;11.16;1.53;2.1;2019-09-13;2019;9;37;256;13;4;6140;116;20;True
2019-09-13 21:00:00+00:00;True;11.05;1.41;2.7;2019-09-13;2019;9;37;256;13;4;6141;117;21;True
2019-09-13 22:00:00+00:00;True;10.4;0.38;0.2;2019-09-13;2019;9;37;256;13;4;6142;118;22;True
2019-09-13 23:00:00+00:00;True;9.54;0.64;12.2;2019-09-13;2019;9;37;256;13;4;6143;119;23;True
2019-09-14 00:00:00+00:00;True;9.24;0.4;0.1;2019-09-14;2019;9;37;257;14;5;6144;120;0;False
2019-09-14 01:00:00+00:00;True;9.12;1.37;0.1;2019-09-14;2019;9;37;257;14;5;6145;121;1;False
2019-09-14 02:00:00+00:00;True;9.39;1.09;1.5;2019-09-14;2019;9;37;257;14;5;6146;122;2;False
2019-09-14 03:00:00+00:00;True;9.15;0.82;12.6;2019-09-14;2019;9;37;257;14;5;6147;123;3;False
2019-09-14 04:00:00+00:00;True;8.71;0.57;12.4;2019-09-14;2019;9;37;257;14;5;6148;124;4;False
2019-09-14 05:00:00+00:00;True;8.49;4.92;3.1;2019-09-14;2019;9;37;257;14;5;6149;125;5;False
2019-09-14 06:00:00+00:00;True;9.07;61.8;1.0;2019-09-14;2019;9;37;257;14;5;6150;126;6;False
2019-09-14 07:00:00+00:00;True;10.08;188.97;0.8;2019-09-14;2019;9;37;257;14;5;6151;127;7;False
2019-09-14 08:00:00+00:00;True;11.35;315.97;6.7;2019-09-14;2019;9;37;257;14;5;6152;128;8;False
2019-09-14 09:00:00+00:00;True;12.84;434.63;7.5;2019-09-14;2019;9;37;257;14;5;6153;129;9;False
2019-09-14 10:00:00+00:00;True;13.97;503.53;3.8;2019-09-14;2019;9;37;257;14;5;6154;130;10;False
2019-09-14 11:00:00+00:00;True;14.82;547.85;6.3;2019-09-14;2019;9;37;257;14;5;6155;131;11;False
2019-09-14 12:00:00+00:00;True;14.92;397.4;2.1;2019-09-14;2019;9;37;257;14;5;6156;132;12;False
2019-09-14 13:00:00+00:00;True;11.23;186.22;12.9;2019-09-14;2019;9;37;257;14;5;6157;133;13;False
2019-09-14 14:00:00+00:00;True;9.21;31.87;3.6;2019-09-14;2019;9;37;257;14;5;6158;134;14;False
2019-09-14 15:00:00+00:00;True;10.29;78.87;14.3;2019-09-14;2019;9;37;257;14;5;6159;135;15;False
2019-09-14 16:00:00+00:00;True;11.58;185.18;8.7;2019-09-14;2019;9;37;257;14;5;6160;136;16;False
2019-09-14 17:00:00+00:00;True;12.75;151.42;3.2;2019-09-14;2019;9;37;257;14;5;6161;137;17;False
2019-09-14 18:00:00+00:00;True;11.58;10.5;2.9;2019-09-14;2019;9;37;257;14;5;6162;138;18;False
2019-09-14 19:00:00+00:00;True;10.4;1.42;3.4;2019-09-14;2019;9;37;257;14;5;6163;139;19;False
2019-09-14 20:00:00+00:00;True;9.57;3.27;4.7;2019-09-14;2019;9;37;257;14;5;6164;140;20;False
2019-09-14 21:00:00+00:00;True;9.55;3.52;16.8;2019-09-14;2019;9;37;257;14;5;6165;141;21;False
2019-09-14 22:00:00+00:00;True;9.38;3.49;6.7;2019-09-14;2019;9;37;257;14;5;6166;142;22;False
2019-09-14 23:00:00+00:00;True;8.64;1.56;1.2;2019-09-14;2019;9;37;257;14;5;6167;143;23;False
2019-09-15 00:00:00+00:00;True;7.92;2.11;12.1;2019-09-15;2019;9;37;258;15;6;6168;144;0;False
2019-09-15 01:00:00+00:00;True;7.21;1.61;0.4;2019-09-15;2019;9;37;258;15;6;6169;145;1;False
2019-09-15 02:00:00+00:00;True;7.26;0.93;5.2;2019-09-15;2019;9;37;258;15;6;6170;146;2;False
2019-09-15 03:00:00+00:00;True;7.76;1.57;11.4;2019-09-15;2019;9;37;258;15;6;6171;147;3;False
2019-09-15 04:00:00+00:00;True;8.58;1.32;3.9;2019-09-15;2019;9;37;258;15;6;6172;148;4;False
2019-09-15 05:00:00+00:00;True;8.82;1.32;1.3;2019-09-15;2019;9;37;258;15;6;6173;149;5;False
2019-09-15 06:00:00+00:00;True;8.65;9.43;13.1;2019-09-15;2019;9;37;258;15;6;6174;150;6;False
2019-09-15 07:00:00+00:00;True;8.99;27.47;12.4;2019-09-15;2019;9;37;258;15;6;6175;151;7;False
2019-09-15 08:00:00+00:00;True;9.44;28.86;6.0;2019-09-15;2019;9;37;258;15;6;6176;152;8;False
2019-09-15 09:00:00+00:00;True;9.87;45.24;15.4;2019-09-15;2019;9;37;258;15;6;6177;153;9;False
2019-09-15 10:00:00+00:00;True;10.15;67.2;7.0;2019-09-15;2019;9;37;258;15;6;6178;154;10;False
2019-09-15 11:00:00+00:00;True;10.65;125.34;4.2;2019-09-15;2019;9;37;258;15;6;6179;155;11;False
2019-09-15 12:00:00+00:00;True;10.54;64.13;14.6;2019-09-15;2019;9;37;258;15;6;6180;156;12;False
2019-09-15 13:00:00+00:00;True;11.16;58.25;3.8;2019-09-15;2019;9;37;258;15;6;6181;157;13;False
2019-09-15 14:00:00+00:00;True;11.61;84.75;2.9;2019-09-15;2019;9;37;258;15;6;6182;158;14;False
2019-09-15 15:00:00+00:00;True;11.96;57.09;2.3;2019-09-15;2019;9;37;258;15;6;6183;159;15;False
2019-09-15 16:00:00+00:00;True;12.37;28.02;14.4;2019-09-15;2019;9;37;258;15;6;6184;160;16;False
2019-09-15 17:00:00+00:00;True;12.22;65.07;2.0;2019-09-15;2019;9;37;258;15;6;6185;161;17;False
2019-09-15 18:00:00+00:00;True;11.84;13.5;2.7;2019-09-15;2019;9;37;258;15;6;6186;162;18;False
2019-09-15 19:00:00+00:00;True;11.3;2.04;11.9;2019-09-15;2019;9;37;258;15;6;6187;163;19;False
2019-09-15 20:00:00+00:00;True;10.58;1.65;15.1;2019-09-15;2019;9;37;258;15;6;6188;164;20;False
2019-09-15 21:00:00+00:00;True;10.43;3.19;3.4;2019-09-15;2019;9;37;258;15;6;6189;165;21;False
2019-09-15 22:00:00+00:00;True;10.4;2.78;12.8;2019-09-15;2019;9;37;258;15;6;6190;166;22;False
2019-09-15 23:00:00+00:00;True;10.13;3.25;13.4;2019-09-15;2019;9;37;258;15;6;6191;167;23;False
2019-09-16 00:00:00+00:00;True;9.82;3.07;3.7;2019-09-16;2019;9;38;259;16;0;6192;0;0;True
2019-09-16 01:00:00+00:00;True;9.56;3.85;0.1;2019-09-16;2019;9;38;259;16;0;6193;1;1;True
2019-09-16 02:00:00+00:00;True;9.45;3.96;11.7;2019-09-16;2019;9;38;259;16;0;6194;2;2;True
2019-09-16 03:00:00+00:00;True;9.4;0.93;0.1;2019-09-16;2019;9;38;259;16;0;6195;3;3;True
2019-09-16 04:00:00+00:00;True;9.33;0.74;11.5;2019-09-16;2019;9;38;259;16;0;6196;4;4;True
2019-09-16 05:00:00+00:00;True;9.64;3.35;0.1;2019-09-16;2019;9;38;259;16;0;6197;5;5;True
2019-09-16 06:00:00+00:00;True;9.43;37.06;1.2;2019-09-16;2019;9;38;259;16;0;6198;6;6;True
2019-09-16 07:00:00+00:00;True;10.29;126.43;14.7;2019-09-16;2019;9;38;259;16;0;6199;7;7;True
2019-09-16 08:00:00+00:00;True;11.48;99.42;6.3;2019-09-16;2019;9;38;259;16;0;6200;8;8;True
2019-09-16 09:00:00+00:00;True;12.29;252.39;4.1;2019-09-16;2019;9;38;259;16;0;6201;9;9;True
2019-09-16 10:00:00+00:00;True;13.48;492.08;15.7;2019-09-16;2019;9;38;259;16;0;6202;10;10;True
2019-09-16 11:00:00+00:00;True;12.11;148.54;8.7;2019-09-16;2019;9;38;259;16;0;6203;11;11;True
2019-09-16 12:00:00+00:00;True;11.01;267.29;10.7;2019-09-16;2019;9;38;259;16;0;6204;12;12;True
2019-09-16 13:00:00+00:00;True;12.14;235.62;4.4;2019-09-16;2019;9;38;259;16;0;6205;13;13;True
2019-09-16 14:00:00+00:00;True;10.54;92.38;2.1;2019-09-16;2019;9;38;259;16;0;6206;14;14;True
2019-09-16 15:00:00+00:00;True;11.16;306.28;2.6;2019-09-16;2019;9;38;259;16;0;6207;15;15;True
2019-09-16 16:00:00+00:00;True;11.68;200.85;9.7;2019-09-16;2019;9;38;259;16;0;6208;16;16;True
2019-09-16 17:00:00+00:00;True;11.46;80.39;9.1;2019-09-16;2019;9;38;259;16;0;6209;17;17;True
2019-09-16 18:00:00+00:00;True;10.46;9.14;11.7;2019-09-16;2019;9;38;259;16;0;6210;18;18;True
2019-09-16 19:00:00+00:00;True;10.06;0.72;12.3;2019-09-16;2019;9;38;259;16;0;6211;19;19;True
2019-09-16 20:00:00+00:00;True;9.74;0.91;8.4;2019-09-16;2019;9;38;259;16;0;6212;20;20;True
2019-09-16 21:00:00+00:00;True;9.46;1.23;13.3;2019-09-16;2019;9;38;259;16;0;6213;21;21;True
2019-09-16 22:00:00+00:00;True;8.98;0.91;7.0;2019-09-16;2019;9;38;259;16;0;6214;22;22;True
2019-09-16 23:00:00+00:00;True;8.87;1.38;0.1;2019-09-16;2019;9;38;259;16;0;6215;23;23;True
2019-09-17 00:00:00+00:00;True;8.78;1.31;0.1;2019-09-17;2019;9;38;260;17;1;6216;24;0;True
2019-09-17 01:00:00+00:00;True;8.54;1.97;0.2;2019-09-17;2019;9;38;260;17;1;6217;25;1;True
2019-09-17 02:00:00+00:00;True;8.26;3.79;1.7;2019-09-17;2019;9;38;260;17;1;6218;26;2;True
2019-09-17 03:00:00+00:00;True;8.04;3.73;1.3;2019-09-17;2019;9;38;260;17;1;6219;27;3;True
2019-09-17 04:00:00+00:00;True;7.82;3.81;12.0;2019-09-17;2019;9;38;260;17;1;6220;28;4;True
2019-09-17 05:00:00+00:00;True;7.59;4.15;0.7;2019-09-17;2019;9;38;260;17;1;6221;29;5;True
2019-09-17 06:00:00+00:00;True;7.36;33.62;0.4;2019-09-17;2019;9;38;260;17;1;6222;30;6;True
2019-09-17 07:00:00+00:00;True;7.52;146.78;1.1;2019-09-17;2019;9;38;260;17;1;6223;31;7;True
2019-09-17 08:00:00+00:00;True;7.89;195.07;8.5;2019-09-17;2019;9;38;260;17;1;6224;32;8;True
2019-09-17 09:00:00+00:00;True;9.04;288.78;12.3;2019-09-17;2019;9;38;260;17;1;6225;33;9;True
2019-09-17 10:00:00+00:00;True;10.04;363.55;9.2;2019-09-17;2019;9;38;260;17;1;6226;34;10;True
2019-09-17 11:00:00+00:00;True;10.6;277.45;3.7;2019-09-17;2019;9;38;260;17;1;6227;35;11;True
2019-09-17 12:00:00+00:00;True;11.69;638.79;8.1;2019-09-17;2019;9;38;260;17;1;6228;36;12;True
2019-09-17 13:00:00+00:00;True;11.57;198.02;2.5;2019-09-17;2019;9;38;260;17;1;6229;37;13;True
2019-09-17 14:00:00+00:00;True;10.24;105.41;10.0;2019-09-17;2019;9;38;260;17;1;6230;38;14;True
2019-09-17 15:00:00+00:00;True;9.68;195.13;4.3;2019-09-17;2019;9;38;260;17;1;6231;39;15;True
2019-09-17 16:00:00+00:00;True;10.18;118.07;4.5;2019-09-17;2019;9;38;260;17;1;6232;40;16;True
2019-09-17 17:00:00+00:00;True;9.76;65.79;13.3;2019-09-17;2019;9;38;260;17;1;6233;41;17;True
2019-09-17 18:00:00+00:00;True;9.12;7.5;11.6;2019-09-17;2019;9;38;260;17;1;6234;42;18;True
2019-09-17 19:00:00+00:00;True;8.28;1.99;5.3;2019-09-17;2019;9;38;260;17;1;6235;43;19;True
2019-09-17 20:00:00+00:00;True;7.78;2.06;16.6;2019-09-17;2019;9;38;260;17;1;6236;44;20;True
2019-09-17 21:00:00+00:00;True;7.34;2.8;21.7;2019-09-17;2019;9;38;260;17;1;6237;45;21;True
2019-09-17 22:00:00+00:00;True;6.53;2.04;0.1;2019-09-17;2019;9;38;260;17;1;6238;46;22;True
2019-09-17 23:00:00+00:00;True;5.96;2.24;9.8;2019-09-17;2019;9;38;260;17;1;6239;47;23;True
2019-09-18 00:00:00+00:00;True;5.42;2.39;4.1;2019-09-18;2019;9;38;261;18;2;6240;48;0;True
2019-09-18 01:00:00+00:00;True;4.1;2.71;6.6;2019-09-18;2019;9;38;261;18;2;6241;49;1;True
2019-09-18 02:00:00+00:00;True;3.9;2.97;1.1;2019-09-18;2019;9;38;261;18;2;6242;50;2;True
2019-09-18 03:00:00+00:00;True;3.4;3.02;1.9;2019-09-18;2019;9;38;261;18;2;6243;51;3;True
2019-09-18 04:00:00+00:00;True;2.59;3.2;2.3;2019-09-18;2019;9;38;261;18;2;6244;52;4;True
2019-09-18 05:00:00+00:00;True;1.79;5.25;3.9;2019-09-18;2019;9;38;261;18;2;6245;53;5;True
2019-09-18 06:00:00+00:00;True;1.97;48.28;2.1;2019-09-18;2019;9;38;261;18;2;6246;54;6;True
2019-09-18 07:00:00+00:00;True;3.51;108.79;2.1;2019-09-18;2019;9;38;261;18;2;6247;55;7;True
2019-09-18 08:00:00+00:00;True;5.1;188.43;17.9;2019-09-18;2019;9;38;261;18;2;6248;56;8;True
2019-09-18 09:00:00+00:00;True;7.37;202.5;11.3;2019-09-18;2019;9;38;261;18;2;6249;57;9;True
2019-09-18 10:00:00+00:00;True;9.44;281.48;58.1;2019-09-18;2019;9;38;261;18;2;6250;58;10;True
2019-09-18 11:00:00+00:00;True;9.67;285.89;42.7;2019-09-18;2019;9;38;261;18;2;6251;59;11;True
2019-09-18 12:00:00+00:00;True;10.68;416.21;45.5;2019-09-18;2019;9;38;261;18;2;6252;60;12;True
2019-09-18 13:00:00+00:00;True;10.46;208.26;52.9;2019-09-18;2019;9;38;261;18;2;6253;61;13;True
2019-09-18 14:00:00+00:00;True;9.88;138.13;30.2;2019-09-18;2019;9;38;261;18;2;6254;62;14;True
2019-09-18 15:00:00+00:00;True;10.22;199.52;36.7;2019-09-18;2019;9;38;261;18;2;6255;63;15;True
2019-09-18 16:00:00+00:00;True;10.12;84.4;58.0;2019-09-18;2019;9;38;261;18;2;6256;64;16;True
2019-09-18 17:00:00+00:00;True;9.1;38.57;31.9;2019-09-18;2019;9;38;261;18;2;6257;65;17;True
2019-09-18 18:00:00+00:00;True;8.45;3.47;37.2;2019-09-18;2019;9;38;261;18;2;6258;66;18;True
2019-09-18 19:00:00+00:00;True;7.85;0.9;24.3;2019-09-18;2019;9;38;261;18;2;6259;67;19;True
2019-09-18 20:00:00+00:00;True;7.04;0.41;28.0;2019-09-18;2019;9;38;261;18;2;6260;68;20;True
2019-09-18 21:00:00+00:00;True;6.41;0.64;30.7;2019-09-18;2019;9;38;261;18;2;6261;69;21;True
2019-09-18 22:00:00+00:00;True;5.47;0.87;13.5;2019-09-18;2019;9;38;261;18;2;6262;70;22;True
2019-09-18 23:00:00+00:00;True;4.78;0.79;12.9;2019-09-18;2019;9;38;261;18;2;6263;71;23;True
2019-09-19 00:00:00+00:00;True;4.25;0.96;18.6;2019-09-19;2019;9;38;262;19;3;6264;72;0;True
2019-09-19 01:00:00+00:00;True;3.57;0.77;4.8;2019-09-19;2019;9;38;262;19;3;6265;73;1;True
2019-09-19 02:00:00+00:00;True;3.24;0.94;8.0;2019-09-19;2019;9;38;262;19;3;6266;74;2;True
2019-09-19 03:00:00+00:00;True;2.72;0.77;20.2;2019-09-19;2019;9;38;262;19;3;6267;75;3;True
2019-09-19 04:00:00+00:00;True;2.51;0.84;16.4;2019-09-19;2019;9;38;262;19;3;6268;76;4;True
2019-09-19 05:00:00+00:00;True;2.27;2.28;10.5;2019-09-19;2019;9;38;262;19;3;6269;77;5;True
2019-09-19 06:00:00+00:00;True;1.78;49.4;8.4;2019-09-19;2019;9;38;262;19;3;6270;78;6;True
2019-09-19 07:00:00+00:00;True;2.38;139.27;18.0;2019-09-19;2019;9;38;262;19;3;6271;79;7;True
2019-09-19 08:00:00+00:00;True;4.4;294.85;24.5;2019-09-19;2019;9;38;262;19;3;6272;80;8;True
2019-09-19 09:00:00+00:00;True;7.24;421.1;85.4;2019-09-19;2019;9;38;262;19;3;6273;81;9;True
2019-09-19 10:00:00+00:00;True;8.69;485.26;68.2;2019-09-19;2019;9;38;262;19;3;6274;82;10;True
2019-09-19 11:00:00+00:00;True;9.26;427.35;67.3;2019-09-19;2019;9;38;262;19;3;6275;83;11;True
2019-09-19 12:00:00+00:00;True;9.96;483.83;69.1;2019-09-19;2019;9;38;262;19;3;6276;84;12;True
2019-09-19 13:00:00+00:00;True;10.65;400.63;50.5;2019-09-19;2019;9;38;262;19;3;6277;85;13;True
2019-09-19 14:00:00+00:00;True;10.26;284.82;44.6;2019-09-19;2019;9;38;262;19;3;6278;86;14;True
2019-09-19 15:00:00+00:00;True;9.72;125.08;46.1;2019-09-19;2019;9;38;262;19;3;6279;87;15;True
2019-09-19 16:00:00+00:00;True;9.69;89.56;37.5;2019-09-19;2019;9;38;262;19;3;6280;88;16;True
2019-09-19 17:00:00+00:00;True;9.89;49.7;34.2;2019-09-19;2019;9;38;262;19;3;6281;89;17;True
2019-09-19 18:00:00+00:00;True;9.13;3.39;12.4;2019-09-19;2019;9;38;262;19;3;6282;90;18;True
2019-09-19 19:00:00+00:00;True;8.13;0.06;18.1;2019-09-19;2019;9;38;262;19;3;6283;91;19;True
2019-09-19 20:00:00+00:00;True;7.6;0.6;19.4;2019-09-19;2019;9;38;262;19;3;6284;92;20;True
2019-09-19 21:00:00+00:00;True;6.59;0.4;18.7;2019-09-19;2019;9;38;262;19;3;6285;93;21;True
2019-09-19 22:00:00+00:00;True;6.05;0.64;3.0;2019-09-19;2019;9;38;262;19;3;6286;94;22;True
2019-09-19 23:00:00+00:00;True;5.87;0.57;14.3;2019-09-19;2019;9;38;262;19;3;6287;95;23;True
2019-09-20 00:00:00+00:00;True;5.72;0.65;3.6;2019-09-20;2019;9;38;263;20;4;6288;96;0;True
2019-09-20 01:00:00+00:00;True;5.31;0.8;5.4;2019-09-20;2019;9;38;263;20;4;6289;97;1;True
2019-09-20 02:00:00+00:00;True;4.75;0.68;10.5;2019-09-20;2019;9;38;263;20;4;6290;98;2;True
2019-09-20 03:00:00+00:00;True;4.02;0.72;6.5;2019-09-20;2019;9;38;263;20;4;6291;99;3;True
2019-09-20 04:00:00+00:00;True;3.2;0.67;11.4;2019-09-20;2019;9;38;263;20;4;6292;100;4;True
2019-09-20 05:00:00+00:00;True;2.45;1.82;9.0;2019-09-20;2019;9;38;263;20;4;6293;101;5;True
2019-09-20 06:00:00+00:00;True;1.91;47.39;9.8;2019-09-20;2019;9;38;263;20;4;6294;102;6;True
2019-09-20 07:00:00+00:00;True;2.69;165.49;17.9;2019-09-20;2019;9;38;263;20;4;6295;103;7;True
2019-09-20 08:00:00+00:00;True;4.75;293.72;30.1;2019-09-20;2019;9;38;263;20;4;6296;104;8;True
2019-09-20 09:00:00+00:00;True;6.81;402.9;71.7;2019-09-20;2019;9;38;263;20;4;6297;105;9;True
2019-09-20 10:00:00+00:00;True;8.0;487.24;65.4;2019-09-20;2019;9;38;263;20;4;6298;106;10;True
2019-09-20 11:00:00+00:00;True;8.82;518.75;65.5;2019-09-20;2019;9;38;263;20;4;6299;107;11;True
2019-09-20 12:00:00+00:00;True;9.52;483.83;56.8;2019-09-20;2019;9;38;263;20;4;6300;108;12;True
2019-09-20 13:00:00+00:00;True;10.25;550.74;172.5;2019-09-20;2019;9;38;263;20;4;6301;109;13;True
2019-09-20 14:00:00+00:00;True;10.01;249.56;43.8;2019-09-20;2019;9;38;263;20;4;6302;110;14;True
2019-09-20 15:00:00+00:00;True;9.59;105.87;57.4;2019-09-20;2019;9;38;263;20;4;6303;111;15;True
2019-09-20 16:00:00+00:00;True;9.45;74.12;67.5;2019-09-20;2019;9;38;263;20;4;6304;112;16;True
2019-09-20 17:00:00+00:00;True;9.06;23.64;56.9;2019-09-20;2019;9;38;263;20;4;6305;113;17;True
2019-09-20 18:00:00+00:00;True;7.45;4.48;25.2;2019-09-20;2019;9;38;263;20;4;6306;114;18;True
2019-09-20 19:00:00+00:00;True;6.77;2.59;29.3;2019-09-20;2019;9;38;263;20;4;6307;115;19;True
2019-09-20 20:00:00+00:00;True;5.97;2.82;36.8;2019-09-20;2019;9;38;263;20;4;6308;116;20;True
2019-09-20 21:00:00+00:00;True;5.5;2.87;32.0;2019-09-20;2019;9;38;263;20;4;6309;117;21;True
2019-09-20 22:00:00+00:00;True;5.18;3.03;14.2;2019-09-20;2019;9;38;263;20;4;6310;118;22;True
2019-09-20 23:00:00+00:00;True;4.9;3.2;20.8;2019-09-20;2019;9;38;263;20;4;6311;119;23;True
2019-09-21 00:00:00+00:00;True;5.24;4.01;20.4;2019-09-21;2019;9;38;264;21;5;6312;120;0;False
2019-09-21 01:00:00+00:00;True;5.69;4.42;19.1;2019-09-21;2019;9;38;264;21;5;6313;121;1;False
2019-09-21 02:00:00+00:00;True;5.88;4.37;22.9;2019-09-21;2019;9;38;264;21;5;6314;122;2;False
2019-09-21 03:00:00+00:00;True;5.97;4.29;31.5;2019-09-21;2019;9;38;264;21;5;6315;123;3;False
2019-09-21 04:00:00+00:00;True;5.91;4.45;19.0;2019-09-21;2019;9;38;264;21;5;6316;124;4;False
2019-09-21 05:00:00+00:00;True;6.03;4.56;32.6;2019-09-21;2019;9;38;264;21;5;6317;125;5;False
2019-09-21 06:00:00+00:00;True;6.19;18.4;31.7;2019-09-21;2019;9;38;264;21;5;6318;126;6;False
2019-09-21 07:00:00+00:00;True;6.55;32.34;40.1;2019-09-21;2019;9;38;264;21;5;6319;127;7;False
2019-09-21 08:00:00+00:00;True;7.2;75.46;30.9;2019-09-21;2019;9;38;264;21;5;6320;128;8;False
2019-09-21 09:00:00+00:00;True;8.58;79.59;27.1;2019-09-21;2019;9;38;264;21;5;6321;129;9;False
2019-09-21 10:00:00+00:00;True;9.59;150.45;27.7;2019-09-21;2019;9;38;264;21;5;6322;130;10;False
2019-09-21 11:00:00+00:00;True;11.05;210.41;26.5;2019-09-21;2019;9;38;264;21;5;6323;131;11;False
2019-09-21 12:00:00+00:00;True;11.7;209.04;16.1;2019-09-21;2019;9;38;264;21;5;6324;132;12;False
2019-09-21 13:00:00+00:00;True;12.28;237.51;12.8;2019-09-21;2019;9;38;264;21;5;6325;133;13;False
2019-09-21 14:00:00+00:00;True;12.63;200.69;14.2;2019-09-21;2019;9;38;264;21;5;6326;134;14;False
2019-09-21 15:00:00+00:00;True;12.67;154.76;7.1;2019-09-21;2019;9;38;264;21;5;6327;135;15;False
2019-09-21 16:00:00+00:00;True;12.54;79.73;6.8;2019-09-21;2019;9;38;264;21;5;6328;136;16;False
2019-09-21 17:00:00+00:00;True;11.19;24.52;25.1;2019-09-21;2019;9;38;264;21;5;6329;137;17;False
2019-09-21 18:00:00+00:00;True;10.14;3.88;18.7;2019-09-21;2019;9;38;264;21;5;6330;138;18;False
2019-09-21 19:00:00+00:00;True;9.24;3.18;30.0;2019-09-21;2019;9;38;264;21;5;6331;139;19;False
2019-09-21 20:00:00+00:00;True;8.85;1.74;15.1;2019-09-21;2019;9;38;264;21;5;6332;140;20;False
2019-09-21 21:00:00+00:00;True;8.88;0.35;19.3;2019-09-21;2019;9;38;264;21;5;6333;141;21;False
2019-09-21 22:00:00+00:00;True;8.76;0.3;10.3;2019-09-21;2019;9;38;264;21;5;6334;142;22;False
2019-09-21 23:00:00+00:00;True;8.71;0.56;22.6;2019-09-21;2019;9;38;264;21;5;6335;143;23;False
2019-09-22 00:00:00+00:00;True;8.5;0.96;9.8;2019-09-22;2019;9;38;265;22;6;6336;144;0;False
2019-09-22 01:00:00+00:00;True;8.57;0.93;10.4;2019-09-22;2019;9;38;265;22;6;6337;145;1;False
2019-09-22 02:00:00+00:00;True;8.34;0.7;11.4;2019-09-22;2019;9;38;265;22;6;6338;146;2;False
2019-09-22 03:00:00+00:00;True;7.97;0.7;17.8;2019-09-22;2019;9;38;265;22;6;6339;147;3;False
2019-09-22 04:00:00+00:00;True;7.74;1.13;17.7;2019-09-22;2019;9;38;265;22;6;6340;148;4;False
2019-09-22 05:00:00+00:00;True;7.37;2.98;13.1;2019-09-22;2019;9;38;265;22;6;6341;149;5;False
2019-09-22 06:00:00+00:00;True;6.75;30.96;15.3;2019-09-22;2019;9;38;265;22;6;6342;150;6;False
2019-09-22 07:00:00+00:00;True;6.66;147.84;33.1;2019-09-22;2019;9;38;265;22;6;6343;151;7;False
2019-09-22 08:00:00+00:00;True;7.37;304.5;24.7;2019-09-22;2019;9;38;265;22;6;6344;152;8;False
2019-09-22 09:00:00+00:00;True;7.97;337.14;29.7;2019-09-22;2019;9;38;265;22;6;6345;153;9;False
2019-09-22 10:00:00+00:00;True;8.35;336.42;27.6;2019-09-22;2019;9;38;265;22;6;6346;154;10;False
2019-09-22 11:00:00+00:00;True;8.81;356.53;24.5;2019-09-22;2019;9;38;265;22;6;6347;155;11;False
2019-09-22 12:00:00+00:00;True;9.48;451.84;32.2;2019-09-22;2019;9;38;265;22;6;6348;156;12;False
2019-09-22 13:00:00+00:00;True;9.69;473.97;22.9;2019-09-22;2019;9;38;265;22;6;6349;157;13;False
2019-09-22 14:00:00+00:00;True;9.73;390.5;21.0;2019-09-22;2019;9;38;265;22;6;6350;158;14;False
2019-09-22 15:00:00+00:00;True;9.6;296.46;22.1;2019-09-22;2019;9;38;265;22;6;6351;159;15;False
2019-09-22 16:00:00+00:00;True;8.82;148.73;38.1;2019-09-22;2019;9;38;265;22;6;6352;160;16;False
2019-09-22 17:00:00+00:00;True;7.95;50.73;33.8;2019-09-22;2019;9;38;265;22;6;6353;161;17;False
2019-09-22 18:00:00+00:00;True;6.88;3.05;19.6;2019-09-22;2019;9;38;265;22;6;6354;162;18;False
2019-09-22 19:00:00+00:00;True;5.94;2.76;28.5;2019-09-22;2019;9;38;265;22;6;6355;163;19;False
2019-09-22 20:00:00+00:00;True;5.08;2.04;34.1;2019-09-22;2019;9;38;265;22;6;6356;164;20;False
2019-09-22 21:00:00+00:00;True;4.51;2.02;28.5;2019-09-22;2019;9;38;265;22;6;6357;165;21;False
2019-09-22 22:00:00+00:00;True;3.66;1.72;26.6;2019-09-22;2019;9;38;265;22;6;6358;166;22;False
2019-09-22 23:00:00+00:00;True;2.64;2.79;30.3;2019-09-22;2019;9;38;265;22;6;6359;167;23;False
2019-09-23 00:00:00+00:00;True;1.82;3.51;26.7;2019-09-23;2019;9;39;266;23;0;6360;0;0;True
2019-09-23 01:00:00+00:00;True;1.14;5.13;37.5;2019-09-23;2019;9;39;266;23;0;6361;1;1;True
2019-09-23 02:00:00+00:00;True;1.43;4.34;38.0;2019-09-23;2019;9;39;266;23;0;6362;2;2;True
2019-09-23 03:00:00+00:00;True;0.8;4.11;25.7;2019-09-23;2019;9;39;266;23;0;6363;3;3;True
2019-09-23 04:00:00+00:00;True;0.19;3.67;26.3;2019-09-23;2019;9;39;266;23;0;6364;4;4;True
2019-09-23 05:00:00+00:00;True;-0.3;5.08;27.1;2019-09-23;2019;9;39;266;23;0;6365;5;5;True
2019-09-23 06:00:00+00:00;True;-0.15;46.29;28.8;2019-09-23;2019;9;39;266;23;0;6366;6;6;True
2019-09-23 07:00:00+00:00;True;0.87;158.09;45.6;2019-09-23;2019;9;39;266;23;0;6367;7;7;True
2019-09-23 08:00:00+00:00;True;2.21;282.6;46.4;2019-09-23;2019;9;39;266;23;0;6368;8;8;True
2019-09-23 09:00:00+00:00;True;5.64;397.79;108.3;2019-09-23;2019;9;39;266;23;0;6369;9;9;True
2019-09-23 10:00:00+00:00;True;6.93;368.7;105.4;2019-09-23;2019;9;39;266;23;0;6370;10;10;True
2019-09-23 11:00:00+00:00;True;7.01;285.06;87.3;2019-09-23;2019;9;39;266;23;0;6371;11;11;True
2019-09-23 12:00:00+00:00;True;7.44;234.49;78.6;2019-09-23;2019;9;39;266;23;0;6372;12;12;True
2019-09-23 13:00:00+00:00;True;7.66;218.57;72.7;2019-09-23;2019;9;39;266;23;0;6373;13;13;True
2019-09-23 14:00:00+00:00;True;7.76;168.78;70.9;2019-09-23;2019;9;39;266;23;0;6374;14;14;True
2019-09-23 15:00:00+00:00;True;8.3;266.84;66.1;2019-09-23;2019;9;39;266;23;0;6375;15;15;True
2019-09-23 16:00:00+00:00;True;8.27;107.23;55.2;2019-09-23;2019;9;39;266;23;0;6376;16;16;True
2019-09-23 17:00:00+00:00;True;7.59;37.51;58.6;2019-09-23;2019;9;39;266;23;0;6377;17;17;True
2019-09-23 18:00:00+00:00;True;6.59;5.2;42.4;2019-09-23;2019;9;39;266;23;0;6378;18;18;True
2019-09-23 19:00:00+00:00;True;5.62;2.47;24.5;2019-09-23;2019;9;39;266;23;0;6379;19;19;True
2019-09-23 20:00:00+00:00;True;4.94;3.04;21.1;2019-09-23;2019;9;39;266;23;0;6380;20;20;True
2019-09-23 21:00:00+00:00;True;4.5;3.79;25.1;2019-09-23;2019;9;39;266;23;0;6381;21;21;True
2019-09-23 22:00:00+00:00;True;4.27;4.03;13.4;2019-09-23;2019;9;39;266;23;0;6382;22;22;True
2019-09-23 23:00:00+00:00;True;4.36;5.32;19.8;2019-09-23;2019;9;39;266;23;0;6383;23;23;True
2019-09-24 00:00:00+00:00;True;4.37;4.98;14.4;2019-09-24;2019;9;39;267;24;1;6384;24;0;True
2019-09-24 01:00:00+00:00;True;4.44;4.4;14.9;2019-09-24;2019;9;39;267;24;1;6385;25;1;True
2019-09-24 02:00:00+00:00;True;4.17;4.19;26.9;2019-09-24;2019;9;39;267;24;1;6386;26;2;True
2019-09-24 03:00:00+00:00;True;4.05;3.43;15.7;2019-09-24;2019;9;39;267;24;1;6387;27;3;True
2019-09-24 04:00:00+00:00;True;3.84;3.3;15.2;2019-09-24;2019;9;39;267;24;1;6388;28;4;True
2019-09-24 05:00:00+00:00;True;3.79;3.84;28.8;2019-09-24;2019;9;39;267;24;1;6389;29;5;True
2019-09-24 06:00:00+00:00;True;3.79;17.2;16.3;2019-09-24;2019;9;39;267;24;1;6390;30;6;True
2019-09-24 07:00:00+00:00;True;4.38;80.01;28.7;2019-09-24;2019;9;39;267;24;1;6391;31;7;True
2019-09-24 08:00:00+00:00;True;5.37;226.43;36.2;2019-09-24;2019;9;39;267;24;1;6392;32;8;True
2019-09-24 09:00:00+00:00;True;7.46;391.87;21.5;2019-09-24;2019;9;39;267;24;1;6393;33;9;True
2019-09-24 10:00:00+00:00;True;8.89;315.18;30.0;2019-09-24;2019;9;39;267;24;1;6394;34;10;True
2019-09-24 11:00:00+00:00;True;8.97;288.41;49.4;2019-09-24;2019;9;39;267;24;1;6395;35;11;True
2019-09-24 12:00:00+00:00;True;9.71;281.77;63.1;2019-09-24;2019;9;39;267;24;1;6396;36;12;True
2019-09-24 13:00:00+00:00;True;9.65;238.1;63.9;2019-09-24;2019;9;39;267;24;1;6397;37;13;True
2019-09-24 14:00:00+00:00;True;10.36;324.16;56.3;2019-09-24;2019;9;39;267;24;1;6398;38;14;True
2019-09-24 15:00:00+00:00;True;10.1;159.57;65.8;2019-09-24;2019;9;39;267;24;1;6399;39;15;True
2019-09-24 16:00:00+00:00;True;10.0;103.11;44.2;2019-09-24;2019;9;39;267;24;1;6400;40;16;True
2019-09-24 17:00:00+00:00;True;9.38;32.75;58.4;2019-09-24;2019;9;39;267;24;1;6401;41;17;True
2019-09-24 18:00:00+00:00;True;8.88;2.64;23.3;2019-09-24;2019;9;39;267;24;1;6402;42;18;True
2019-09-24 19:00:00+00:00;True;8.48;1.91;25.5;2019-09-24;2019;9;39;267;24;1;6403;43;19;True
2019-09-24 20:00:00+00:00;True;7.59;2.68;39.8;2019-09-24;2019;9;39;267;24;1;6404;44;20;True
2019-09-24 21:00:00+00:00;True;7.03;2.42;27.0;2019-09-24;2019;9;39;267;24;1;6405;45;21;True
2019-09-24 22:00:00+00:00;True;6.83;2.19;24.8;2019-09-24;2019;9;39;267;24;1;6406;46;22;True
2019-09-24 23:00:00+00:00;True;6.7;2.92;27.0;2019-09-24;2019;9;39;267;24;1;6407;47;23;True
2019-09-25 00:00:00+00:00;True;6.48;3.58;28.5;2019-09-25;2019;9;39;268;25;2;6408;48;0;True
2019-09-25 01:00:00+00:00;True;6.61;5.43;17.6;2019-09-25;2019;9;39;268;25;2;6409;49;1;True
2019-09-25 02:00:00+00:00;True;6.36;4.9;26.1;2019-09-25;2019;9;39;268;25;2;6410;50;2;True
2019-09-25 03:00:00+00:00;True;6.07;3.95;17.2;2019-09-25;2019;9;39;268;25;2;6411;51;3;True
2019-09-25 04:00:00+00:00;True;5.72;3.81;19.6;2019-09-25;2019;9;39;268;25;2;6412;52;4;True
2019-09-25 05:00:00+00:00;True;5.54;3.75;29.9;2019-09-25;2019;9;39;268;25;2;6413;53;5;True
2019-09-25 06:00:00+00:00;True;5.51;11.89;19.5;2019-09-25;2019;9;39;268;25;2;6414;54;6;True
2019-09-25 07:00:00+00:00;True;5.66;36.16;29.1;2019-09-25;2019;9;39;268;25;2;6415;55;7;True
2019-09-25 08:00:00+00:00;True;6.06;78.74;30.6;2019-09-25;2019;9;39;268;25;2;6416;56;8;True
2019-09-25 09:00:00+00:00;True;6.83;104.55;74.6;2019-09-25;2019;9;39;268;25;2;6417;57;9;True
2019-09-25 10:00:00+00:00;True;7.66;136.66;71.3;2019-09-25;2019;9;39;268;25;2;6418;58;10;True
2019-09-25 11:00:00+00:00;True;8.37;273.17;66.7;2019-09-25;2019;9;39;268;25;2;6419;59;11;True
2019-09-25 12:00:00+00:00;True;9.37;484.25;68.4;2019-09-25;2019;9;39;268;25;2;6420;60;12;True
2019-09-25 13:00:00+00:00;True;9.96;476.51;65.3;2019-09-25;2019;9;39;268;25;2;6421;61;13;True
2019-09-25 14:00:00+00:00;True;10.43;342.12;56.9;2019-09-25;2019;9;39;268;25;2;6422;62;14;True
2019-09-25 15:00:00+00:00;True;10.53;180.18;50.9;2019-09-25;2019;9;39;268;25;2;6423;63;15;True
2019-09-25 16:00:00+00:00;True;10.42;150.18;63.3;2019-09-25;2019;9;39;268;25;2;6424;64;16;True
2019-09-25 17:00:00+00:00;True;9.79;42.74;31.7;2019-09-25;2019;9;39;268;25;2;6425;65;17;True
2019-09-25 18:00:00+00:00;True;9.25;3.46;19.7;2019-09-25;2019;9;39;268;25;2;6426;66;18;True
2019-09-25 19:00:00+00:00;True;8.21;2.04;19.1;2019-09-25;2019;9;39;268;25;2;6427;67;19;True
2019-09-25 20:00:00+00:00;True;7.19;2.62;56.4;2019-09-25;2019;9;39;268;25;2;6428;68;20;True
2019-09-25 21:00:00+00:00;True;6.73;2.4;26.8;2019-09-25;2019;9;39;268;25;2;6429;69;21;True
2019-09-25 22:00:00+00:00;True;6.08;2.79;23.3;2019-09-25;2019;9;39;268;25;2;6430;70;22;True
2019-09-25 23:00:00+00:00;True;5.65;3.62;17.5;2019-09-25;2019;9;39;268;25;2;6431;71;23;True
2019-09-26 00:00:00+00:00;True;5.35;3.27;28.0;2019-09-26;2019;9;39;269;26;3;6432;72;0;True
2019-09-26 01:00:00+00:00;True;4.65;3.07;26.9;2019-09-26;2019;9;39;269;26;3;6433;73;1;True
2019-09-26 02:00:00+00:00;True;3.96;3.92;19.1;2019-09-26;2019;9;39;269;26;3;6434;74;2;True
2019-09-26 03:00:00+00:00;True;3.7;4.69;33.8;2019-09-26;2019;9;39;269;26;3;6435;75;3;True
2019-09-26 04:00:00+00:00;True;4.08;3.54;23.4;2019-09-26;2019;9;39;269;26;3;6436;76;4;True
2019-09-26 05:00:00+00:00;True;3.93;3.38;20.8;2019-09-26;2019;9;39;269;26;3;6437;77;5;True
2019-09-26 06:00:00+00:00;True;4.17;30.35;34.4;2019-09-26;2019;9;39;269;26;3;6438;78;6;True
2019-09-26 07:00:00+00:00;True;4.66;105.93;32.0;2019-09-26;2019;9;39;269;26;3;6439;79;7;True
2019-09-26 08:00:00+00:00;True;5.96;222.37;46.9;2019-09-26;2019;9;39;269;26;3;6440;80;8;True
2019-09-26 09:00:00+00:00;True;7.98;362.7;103.3;2019-09-26;2019;9;39;269;26;3;6441;81;9;True
2019-09-26 10:00:00+00:00;True;10.18;420.83;93.2;2019-09-26;2019;9;39;269;26;3;6442;82;10;True
2019-09-26 11:00:00+00:00;True;10.79;485.38;76.1;2019-09-26;2019;9;39;269;26;3;6443;83;11;True
2019-09-26 12:00:00+00:00;True;11.84;476.93;68.9;2019-09-26;2019;9;39;269;26;3;6444;84;12;True
2019-09-26 13:00:00+00:00;True;12.53;455.79;58.1;2019-09-26;2019;9;39;269;26;3;6445;85;13;True
2019-09-26 14:00:00+00:00;True;12.93;369.21;49.1;2019-09-26;2019;9;39;269;26;3;6446;86;14;True
2019-09-26 15:00:00+00:00;True;13.09;272.13;46.1;2019-09-26;2019;9;39;269;26;3;6447;87;15;True
2019-09-26 16:00:00+00:00;True;12.99;154.26;43.8;2019-09-26;2019;9;39;269;26;3;6448;88;16;True
2019-09-26 17:00:00+00:00;True;12.44;38.86;33.7;2019-09-26;2019;9;39;269;26;3;6449;89;17;True
2019-09-26 18:00:00+00:00;True;10.9;2.36;31.8;2019-09-26;2019;9;39;269;26;3;6450;90;18;True
2019-09-26 19:00:00+00:00;True;9.56;1.55;36.8;2019-09-26;2019;9;39;269;26;3;6451;91;19;True
2019-09-26 20:00:00+00:00;True;9.16;1.85;29.4;2019-09-26;2019;9;39;269;26;3;6452;92;20;True
2019-09-26 21:00:00+00:00;True;8.6;2.33;31.0;2019-09-26;2019;9;39;269;26;3;6453;93;21;True
2019-09-26 22:00:00+00:00;True;8.43;1.24;17.8;2019-09-26;2019;9;39;269;26;3;6454;94;22;True
2019-09-26 23:00:00+00:00;True;8.05;0.75;29.3;2019-09-26;2019;9;39;269;26;3;6455;95;23;True
2019-09-27 00:00:00+00:00;True;6.87;0.29;29.4;2019-09-27;2019;9;39;270;27;4;6456;96;0;True
2019-09-27 01:00:00+00:00;True;4.46;0.53;20.0;2019-09-27;2019;9;39;270;27;4;6457;97;1;True
2019-09-27 02:00:00+00:00;True;5.08;0.56;22.5;2019-09-27;2019;9;39;270;27;4;6458;98;2;True
2019-09-27 03:00:00+00:00;True;4.37;0.87;21.5;2019-09-27;2019;9;39;270;27;4;6459;99;3;True
2019-09-27 04:00:00+00:00;True;4.19;1.02;25.0;2019-09-27;2019;9;39;270;27;4;6460;100;4;True
2019-09-27 05:00:00+00:00;True;3.79;0.86;33.6;2019-09-27;2019;9;39;270;27;4;6461;101;5;True
2019-09-27 06:00:00+00:00;True;3.83;26.58;27.1;2019-09-27;2019;9;39;270;27;4;6462;102;6;True
2019-09-27 07:00:00+00:00;True;4.53;129.56;30.9;2019-09-27;2019;9;39;270;27;4;6463;103;7;True
2019-09-27 08:00:00+00:00;True;6.33;249.48;52.5;2019-09-27;2019;9;39;270;27;4;6464;104;8;True
2019-09-27 09:00:00+00:00;True;8.21;362.87;99.7;2019-09-27;2019;9;39;270;27;4;6465;105;9;True
2019-09-27 10:00:00+00:00;True;10.39;445.21;92.8;2019-09-27;2019;9;39;270;27;4;6466;106;10;True
2019-09-27 11:00:00+00:00;True;12.29;491.13;72.2;2019-09-27;2019;9;39;270;27;4;6467;107;11;True
2019-09-27 12:00:00+00:00;True;13.33;494.94;63.8;2019-09-27;2019;9;39;270;27;4;6468;108;12;True
2019-09-27 13:00:00+00:00;True;13.75;451.65;50.1;2019-09-27;2019;9;39;270;27;4;6469;109;13;True
2019-09-27 14:00:00+00:00;True;14.23;382.01;48.4;2019-09-27;2019;9;39;270;27;4;6470;110;14;True
2019-09-27 15:00:00+00:00;True;14.36;272.03;37.1;2019-09-27;2019;9;39;270;27;4;6471;111;15;True
2019-09-27 16:00:00+00:00;True;14.46;147.8;34.0;2019-09-27;2019;9;39;270;27;4;6472;112;16;True
2019-09-27 17:00:00+00:00;True;13.58;38.13;25.8;2019-09-27;2019;9;39;270;27;4;6473;113;17;True
2019-09-27 18:00:00+00:00;True;11.59;1.51;16.4;2019-09-27;2019;9;39;270;27;4;6474;114;18;True
2019-09-27 19:00:00+00:00;True;9.9;1.67;25.2;2019-09-27;2019;9;39;270;27;4;6475;115;19;True
2019-09-27 20:00:00+00:00;True;9.06;1.33;35.5;2019-09-27;2019;9;39;270;27;4;6476;116;20;True
2019-09-27 21:00:00+00:00;True;8.38;0.95;26.1;2019-09-27;2019;9;39;270;27;4;6477;117;21;True
2019-09-27 22:00:00+00:00;True;7.97;1.55;12.0;2019-09-27;2019;9;39;270;27;4;6478;118;22;True
2019-09-27 23:00:00+00:00;True;6.88;2.94;19.2;2019-09-27;2019;9;39;270;27;4;6479;119;23;True
2019-09-28 00:00:00+00:00;True;5.68;3.28;16.2;2019-09-28;2019;9;39;271;28;5;6480;120;0;False
2019-09-28 01:00:00+00:00;True;6.07;4.07;26.7;2019-09-28;2019;9;39;271;28;5;6481;121;1;False
2019-09-28 02:00:00+00:00;True;5.28;3.45;31.6;2019-09-28;2019;9;39;271;28;5;6482;122;2;False
2019-09-28 03:00:00+00:00;True;4.21;3.31;18.3;2019-09-28;2019;9;39;271;28;5;6483;123;3;False
2019-09-28 04:00:00+00:00;True;3.89;3.64;32.0;2019-09-28;2019;9;39;271;28;5;6484;124;4;False
2019-09-28 05:00:00+00:00;True;3.84;4.09;34.4;2019-09-28;2019;9;39;271;28;5;6485;125;5;False
2019-09-28 06:00:00+00:00;True;4.06;19.45;21.0;2019-09-28;2019;9;39;271;28;5;6486;126;6;False
2019-09-28 07:00:00+00:00;True;4.44;58.57;29.3;2019-09-28;2019;9;39;271;28;5;6487;127;7;False
2019-09-28 08:00:00+00:00;True;5.14;143.21;28.7;2019-09-28;2019;9;39;271;28;5;6488;128;8;False
2019-09-28 09:00:00+00:00;True;7.05;248.06;36.2;2019-09-28;2019;9;39;271;28;5;6489;129;9;False
2019-09-28 10:00:00+00:00;True;9.83;354.33;26.6;2019-09-28;2019;9;39;271;28;5;6490;130;10;False
2019-09-28 11:00:00+00:00;True;12.24;424.78;21.6;2019-09-28;2019;9;39;271;28;5;6491;131;11;False
2019-09-28 12:00:00+00:00;True;13.67;376.27;12.3;2019-09-28;2019;9;39;271;28;5;6492;132;12;False
2019-09-28 13:00:00+00:00;True;13.61;439.8;8.3;2019-09-28;2019;9;39;271;28;5;6493;133;13;False
2019-09-28 14:00:00+00:00;True;14.64;354.53;4.5;2019-09-28;2019;9;39;271;28;5;6494;134;14;False
2019-09-28 15:00:00+00:00;True;14.83;248.94;31.2;2019-09-28;2019;9;39;271;28;5;6495;135;15;False
2019-09-28 16:00:00+00:00;True;14.21;76.4;8.1;2019-09-28;2019;9;39;271;28;5;6496;136;16;False
2019-09-28 17:00:00+00:00;True;13.03;18.29;20.1;2019-09-28;2019;9;39;271;28;5;6497;137;17;False
2019-09-28 18:00:00+00:00;True;11.99;2.93;15.9;2019-09-28;2019;9;39;271;28;5;6498;138;18;False
2019-09-28 19:00:00+00:00;True;11.0;2.71;17.4;2019-09-28;2019;9;39;271;28;5;6499;139;19;False
2019-09-28 20:00:00+00:00;True;10.65;2.58;16.0;2019-09-28;2019;9;39;271;28;5;6500;140;20;False
2019-09-28 21:00:00+00:00;True;9.83;2.67;17.7;2019-09-28;2019;9;39;271;28;5;6501;141;21;False
2019-09-28 22:00:00+00:00;True;9.56;3.11;8.7;2019-09-28;2019;9;39;271;28;5;6502;142;22;False
2019-09-28 23:00:00+00:00;True;9.34;2.4;8.0;2019-09-28;2019;9;39;271;28;5;6503;143;23;False
2019-09-29 00:00:00+00:00;True;8.94;3.06;20.4;2019-09-29;2019;9;39;272;29;6;6504;144;0;False
2019-09-29 01:00:00+00:00;True;8.96;3.17;19.2;2019-09-29;2019;9;39;272;29;6;6505;145;1;False
2019-09-29 02:00:00+00:00;True;8.98;3.51;8.4;2019-09-29;2019;9;39;272;29;6;6506;146;2;False
2019-09-29 03:00:00+00:00;True;9.07;3.97;11.7;2019-09-29;2019;9;39;272;29;6;6507;147;3;False
2019-09-29 04:00:00+00:00;True;9.14;3.57;19.7;2019-09-29;2019;9;39;272;29;6;6508;148;4;False
2019-09-29 05:00:00+00:00;True;9.22;3.51;9.6;2019-09-29;2019;9;39;272;29;6;6509;149;5;False
2019-09-29 06:00:00+00:00;True;9.27;6.15;13.8;2019-09-29;2019;9;39;272;29;6;6510;150;6;False
2019-09-29 07:00:00+00:00;True;9.35;16.43;26.7;2019-09-29;2019;9;39;272;29;6;6511;151;7;False
2019-09-29 08:00:00+00:00;True;9.87;49.68;15.1;2019-09-29;2019;9;39;272;29;6;6512;152;8;False
2019-09-29 12:00:00+00:00;True;12.68;248.0;6.3;2019-09-29;2019;9;39;272;29;6;6516;156;12;False
2019-09-29 13:00:00+00:00;True;13.52;197.91;9.9;2019-09-29;2019;9;39;272;29;6;6517;157;13;False
2019-09-29 14:00:00+00:00;True;13.86;186.23;2.8;2019-09-29;2019;9;39;272;29;6;6518;158;14;False
2019-09-29 15:00:00+00:00;True;13.09;125.14;4.6;2019-09-29;2019;9;39;272;29;6;6519;159;15;False
2019-09-29 16:00:00+00:00;True;13.37;85.27;5.9;2019-09-29;2019;9;39;272;29;6;6520;160;16;False
2019-09-29 17:00:00+00:00;True;13.26;20.31;9.9;2019-09-29;2019;9;39;272;29;6;6521;161;17;False
2019-09-29 18:00:00+00:00;True;12.6;1.23;15.6;2019-09-29;2019;9;39;272;29;6;6522;162;18;False
2019-09-29 19:00:00+00:00;True;11.78;2.1;20.7;2019-09-29;2019;9;39;272;29;6;6523;163;19;False
2019-09-29 20:00:00+00:00;True;11.52;2.75;11.8;2019-09-29;2019;9;39;272;29;6;6524;164;20;False
2019-09-29 21:00:00+00:00;True;11.24;2.38;12.0;2019-09-29;2019;9;39;272;29;6;6525;165;21;False
2019-09-29 22:00:00+00:00;True;11.28;0.27;18.8;2019-09-29;2019;9;39;272;29;6;6526;166;22;False
2019-09-29 23:00:00+00:00;True;11.19;0.4;10.2;2019-09-29;2019;9;39;272;29;6;6527;167;23;False
2019-09-30 00:00:00+00:00;True;11.12;1.91;9.0;2019-09-30;2019;9;40;273;30;0;6528;0;0;True
2019-09-30 01:00:00+00:00;True;11.0;3.59;6.0;2019-09-30;2019;9;40;273;30;0;6529;1;1;True
2019-09-30 02:00:00+00:00;True;10.88;3.85;10.5;2019-09-30;2019;9;40;273;30;0;6530;2;2;True
2019-09-30 03:00:00+00:00;True;10.87;3.03;17.3;2019-09-30;2019;9;40;273;30;0;6531;3;3;True
2019-09-30 04:00:00+00:00;True;10.8;3.38;5.7;2019-09-30;2019;9;40;273;30;0;6532;4;4;True
2019-09-30 05:00:00+00:00;True;10.76;2.59;12.5;2019-09-30;2019;9;40;273;30;0;6533;5;5;True
2019-09-30 07:00:00+00:00;True;10.81;31.14;26.0;2019-09-30;2019;9;40;273;30;0;6535;7;7;True
2019-09-30 08:00:00+00:00;True;11.14;68.3;13.7;2019-09-30;2019;9;40;273;30;0;6536;8;8;True
2019-09-30 09:00:00+00:00;True;11.45;89.38;50.4;2019-09-30;2019;9;40;273;30;0;6537;9;9;True
2019-09-30 10:00:00+00:00;True;11.75;80.67;41.6;2019-09-30;2019;9;40;273;30;0;6538;10;10;True
2019-09-30 11:00:00+00:00;True;12.17;90.48;37.9;2019-09-30;2019;9;40;273;30;0;6539;11;11;True
2019-09-30 12:00:00+00:00;True;13.0;181.29;35.9;2019-09-30;2019;9;40;273;30;0;6540;12;12;True
2019-09-30 13:00:00+00:00;True;13.85;178.69;30.3;2019-09-30;2019;9;40;273;30;0;6541;13;13;True
2019-09-30 14:00:00+00:00;True;13.92;101.36;20.8;2019-09-30;2019;9;40;273;30;0;6542;14;14;True
2019-09-30 15:00:00+00:00;True;13.72;100.29;32.8;2019-09-30;2019;9;40;273;30;0;6543;15;15;True
2019-09-30 16:00:00+00:00;True;12.84;50.61;24.5;2019-09-30;2019;9;40;273;30;0;6544;16;16;True
2019-09-30 17:00:00+00:00;True;12.5;13.29;32.0;2019-09-30;2019;9;40;273;30;0;6545;17;17;True
2019-09-30 18:00:00+00:00;True;11.75;2.38;14.6;2019-09-30;2019;9;40;273;30;0;6546;18;18;True
2019-09-30 19:00:00+00:00;True;11.5;2.8;16.2;2019-09-30;2019;9;40;273;30;0;6547;19;19;True
2019-09-30 20:00:00+00:00;True;11.29;2.39;17.7;2019-09-30;2019;9;40;273;30;0;6548;20;20;True
2019-09-30 21:00:00+00:00;True;11.16;3.73;13.6;2019-09-30;2019;9;40;273;30;0;6549;21;21;True
2019-09-30 22:00:00+00:00;True;11.13;5.02;4.1;2019-09-30;2019;9;40;273;30;0;6550;22;22;True
2019-09-30 23:00:00+00:00;True;11.24;1.66;4.2;2019-09-30;2019;9;40;273;30;0;6551;23;23;True
2019-10-01 00:00:00+00:00;True;11.07;0.55;5.7;2019-10-01;2019;10;40;274;1;1;6552;24;0;True
2019-10-01 01:00:00+00:00;True;10.7;0.65;16.6;2019-10-01;2019;10;40;274;1;1;6553;25;1;True
2019-10-01 02:00:00+00:00;True;10.37;0.37;5.1;2019-10-01;2019;10;40;274;1;1;6554;26;2;True
2019-10-01 03:00:00+00:00;True;10.78;1.33;17.9;2019-10-01;2019;10;40;274;1;1;6555;27;3;True
2019-10-01 04:00:00+00:00;True;11.13;1.14;6.0;2019-10-01;2019;10;40;274;1;1;6556;28;4;True
2019-10-01 05:00:00+00:00;True;10.56;2.56;15.9;2019-10-01;2019;10;40;274;1;1;6557;29;5;True
2019-10-01 06:00:00+00:00;True;8.62;17.56;6.3;2019-10-01;2019;10;40;274;1;1;6558;30;6;True
2019-10-01 07:00:00+00:00;True;7.95;77.5;16.4;2019-10-01;2019;10;40;274;1;1;6559;31;7;True
2019-10-01 08:00:00+00:00;True;7.82;178.56;27.5;2019-10-01;2019;10;40;274;1;1;6560;32;8;True
2019-10-01 09:00:00+00:00;True;8.52;336.25;68.9;2019-10-01;2019;10;40;274;1;1;6561;33;9;True
2019-10-01 10:00:00+00:00;True;9.72;385.36;69.0;2019-10-01;2019;10;40;274;1;1;6562;34;10;True
2019-10-01 11:00:00+00:00;True;9.54;353.19;58.7;2019-10-01;2019;10;40;274;1;1;6563;35;11;True
2019-10-01 12:00:00+00:00;True;10.42;373.31;44.9;2019-10-01;2019;10;40;274;1;1;6564;36;12;True
2019-10-01 13:00:00+00:00;True;11.09;383.83;62.6;2019-10-01;2019;10;40;274;1;1;6565;37;13;True
2019-10-01 14:00:00+00:00;True;11.73;301.7;53.2;2019-10-01;2019;10;40;274;1;1;6566;38;14;True
2019-10-01 15:00:00+00:00;True;11.51;207.38;42.8;2019-10-01;2019;10;40;274;1;1;6567;39;15;True
2019-10-01 16:00:00+00:00;True;11.62;116.22;35.9;2019-10-01;2019;10;40;274;1;1;6568;40;16;True
2019-10-01 17:00:00+00:00;True;10.85;18.4;58.7;2019-10-01;2019;10;40;274;1;1;6569;41;17;True
2019-10-01 18:00:00+00:00;True;10.12;1.63;23.2;2019-10-01;2019;10;40;274;1;1;6570;42;18;True
2019-10-01 19:00:00+00:00;True;9.47;2.03;54.8;2019-10-01;2019;10;40;274;1;1;6571;43;19;True
2019-10-01 20:00:00+00:00;True;8.59;2.11;31.1;2019-10-01;2019;10;40;274;1;1;6572;44;20;True
2019-10-01 21:00:00+00:00;True;8.37;2.39;30.0;2019-10-01;2019;10;40;274;1;1;6573;45;21;True
2019-10-01 22:00:00+00:00;True;8.08;2.39;9.6;2019-10-01;2019;10;40;274;1;1;6574;46;22;True
2019-10-01 23:00:00+00:00;True;7.54;1.83;13.3;2019-10-01;2019;10;40;274;1;1;6575;47;23;True
2019-10-02 00:00:00+00:00;True;7.01;0.56;14.6;2019-10-02;2019;10;40;275;2;2;6576;48;0;True
2019-10-02 01:00:00+00:00;True;6.78;0.76;16.1;2019-10-02;2019;10;40;275;2;2;6577;49;1;True
2019-10-02 02:00:00+00:00;True;6.98;0.65;22.3;2019-10-02;2019;10;40;275;2;2;6578;50;2;True
2019-10-02 03:00:00+00:00;True;7.07;0.98;16.5;2019-10-02;2019;10;40;275;2;2;6579;51;3;True
2019-10-02 04:00:00+00:00;True;6.95;0.71;26.7;2019-10-02;2019;10;40;275;2;2;6580;52;4;True
2019-10-02 05:00:00+00:00;True;7.18;0.54;17.2;2019-10-02;2019;10;40;275;2;2;6581;53;5;True
2019-10-02 06:00:00+00:00;True;7.4;16.13;30.6;2019-10-02;2019;10;40;275;2;2;6582;54;6;True
2019-10-02 07:00:00+00:00;True;7.93;107.87;24.4;2019-10-02;2019;10;40;275;2;2;6583;55;7;True
2019-10-02 08:00:00+00:00;True;9.0;225.08;36.1;2019-10-02;2019;10;40;275;2;2;6584;56;8;True
2019-10-02 09:00:00+00:00;True;10.12;319.53;77.0;2019-10-02;2019;10;40;275;2;2;6585;57;9;True
2019-10-02 10:00:00+00:00;True;11.01;406.4;67.1;2019-10-02;2019;10;40;275;2;2;6586;58;10;True
2019-10-02 11:00:00+00:00;True;11.9;457.83;64.1;2019-10-02;2019;10;40;275;2;2;6587;59;11;True
2019-10-02 12:00:00+00:00;True;12.62;523.91;51.0;2019-10-02;2019;10;40;275;2;2;6588;60;12;True
2019-10-02 13:00:00+00:00;True;11.45;216.02;28.8;2019-10-02;2019;10;40;275;2;2;6589;61;13;True
2019-10-02 14:00:00+00:00;True;12.24;335.0;52.1;2019-10-02;2019;10;40;275;2;2;6590;62;14;True
2019-10-02 15:00:00+00:00;True;12.01;168.19;39.2;2019-10-02;2019;10;40;275;2;2;6591;63;15;True
2019-10-02 16:00:00+00:00;True;10.75;27.1;41.1;2019-10-02;2019;10;40;275;2;2;6592;64;16;True
2019-10-02 17:00:00+00:00;True;10.04;8.47;47.5;2019-10-02;2019;10;40;275;2;2;6593;65;17;True
2019-10-02 18:00:00+00:00;True;10.12;2.37;16.5;2019-10-02;2019;10;40;275;2;2;6594;66;18;True
2019-10-02 19:00:00+00:00;True;10.09;2.56;20.6;2019-10-02;2019;10;40;275;2;2;6595;67;19;True
2019-10-02 20:00:00+00:00;True;9.29;1.85;21.7;2019-10-02;2019;10;40;275;2;2;6596;68;20;True
2019-10-02 21:00:00+00:00;True;8.94;3.05;23.1;2019-10-02;2019;10;40;275;2;2;6597;69;21;True
2019-10-02 22:00:00+00:00;True;8.45;3.4;8.8;2019-10-02;2019;10;40;275;2;2;6598;70;22;True
2019-10-02 23:00:00+00:00;True;8.31;3.85;9.6;2019-10-02;2019;10;40;275;2;2;6599;71;23;True
2019-10-03 00:00:00+00:00;True;8.18;3.56;22.2;2019-10-03;2019;10;40;276;3;3;6600;72;0;True
2019-10-03 01:00:00+00:00;True;8.03;3.46;16.5;2019-10-03;2019;10;40;276;3;3;6601;73;1;True
2019-10-03 02:00:00+00:00;True;7.82;3.5;21.3;2019-10-03;2019;10;40;276;3;3;6602;74;2;True
2019-10-03 03:00:00+00:00;True;7.71;3.5;12.6;2019-10-03;2019;10;40;276;3;3;6603;75;3;True
2019-10-03 04:00:00+00:00;True;7.59;3.17;24.9;2019-10-03;2019;10;40;276;3;3;6604;76;4;True
2019-10-03 05:00:00+00:00;True;7.31;3.14;23.1;2019-10-03;2019;10;40;276;3;3;6605;77;5;True
2019-10-03 06:00:00+00:00;True;7.19;5.91;14.4;2019-10-03;2019;10;40;276;3;3;6606;78;6;True
2019-10-03 07:00:00+00:00;True;7.16;23.79;20.0;2019-10-03;2019;10;40;276;3;3;6607;79;7;True
2019-10-03 08:00:00+00:00;True;7.15;47.17;32.9;2019-10-03;2019;10;40;276;3;3;6608;80;8;True
2019-10-03 09:00:00+00:00;True;7.13;65.43;81.0;2019-10-03;2019;10;40;276;3;3;6609;81;9;True
2019-10-03 10:00:00+00:00;True;7.14;72.69;80.5;2019-10-03;2019;10;40;276;3;3;6610;82;10;True
2019-10-03 11:00:00+00:00;True;7.05;81.37;76.5;2019-10-03;2019;10;40;276;3;3;6611;83;11;True
2019-10-03 12:00:00+00:00;True;7.0;87.23;70.6;2019-10-03;2019;10;40;276;3;3;6612;84;12;True
2019-10-03 13:00:00+00:00;True;7.08;80.81;68.8;2019-10-03;2019;10;40;276;3;3;6613;85;13;True
2019-10-03 14:00:00+00:00;True;6.91;99.54;65.3;2019-10-03;2019;10;40;276;3;3;6614;86;14;True
2019-10-03 15:00:00+00:00;True;7.06;43.74;73.7;2019-10-03;2019;10;40;276;3;3;6615;87;15;True
2019-10-03 16:00:00+00:00;True;6.78;24.59;78.7;2019-10-03;2019;10;40;276;3;3;6616;88;16;True
2019-10-03 17:00:00+00:00;True;6.38;6.49;86.2;2019-10-03;2019;10;40;276;3;3;6617;89;17;True
2019-10-03 18:00:00+00:00;True;6.02;1.69;28.9;2019-10-03;2019;10;40;276;3;3;6618;90;18;True
2019-10-03 19:00:00+00:00;True;5.87;0.93;34.9;2019-10-03;2019;10;40;276;3;3;6619;91;19;True
2019-10-03 20:00:00+00:00;True;5.82;2.87;26.5;2019-10-03;2019;10;40;276;3;3;6620;92;20;True
2019-10-03 21:00:00+00:00;True;5.72;2.59;27.2;2019-10-03;2019;10;40;276;3;3;6621;93;21;True
2019-10-03 22:00:00+00:00;True;5.52;0.73;19.8;2019-10-03;2019;10;40;276;3;3;6622;94;22;True
2019-10-03 23:00:00+00:00;True;5.16;1.03;18.9;2019-10-03;2019;10;40;276;3;3;6623;95;23;True
2019-10-04 00:00:00+00:00;True;4.48;1.12;14.8;2019-10-04;2019;10;40;277;4;4;6624;96;0;True
2019-10-04 01:00:00+00:00;True;4.55;0.84;29.9;2019-10-04;2019;10;40;277;4;4;6625;97;1;True
2019-10-04 02:00:00+00:00;True;3.57;0.56;14.4;2019-10-04;2019;10;40;277;4;4;6626;98;2;True
2019-10-04 03:00:00+00:00;True;2.61;0.94;18.1;2019-10-04;2019;10;40;277;4;4;6627;99;3;True
2019-10-04 04:00:00+00:00;True;2.04;1.15;18.5;2019-10-04;2019;10;40;277;4;4;6628;100;4;True
2019-10-04 05:00:00+00:00;True;1.68;0.91;29.3;2019-10-04;2019;10;40;277;4;4;6629;101;5;True
2019-10-04 06:00:00+00:00;True;1.92;8.68;32.9;2019-10-04;2019;10;40;277;4;4;6630;102;6;True
2019-10-04 07:00:00+00:00;True;2.78;36.11;27.1;2019-10-04;2019;10;40;277;4;4;6631;103;7;True
2019-10-04 08:00:00+00:00;True;3.15;78.17;43.7;2019-10-04;2019;10;40;277;4;4;6632;104;8;True
2019-10-04 09:00:00+00:00;True;3.83;80.98;90.8;2019-10-04;2019;10;40;277;4;4;6633;105;9;True
2019-10-04 10:00:00+00:00;True;4.81;161.17;94.4;2019-10-04;2019;10;40;277;4;4;6634;106;10;True
2019-10-04 11:00:00+00:00;True;5.51;116.76;84.9;2019-10-04;2019;10;40;277;4;4;6635;107;11;True
2019-10-04 12:00:00+00:00;True;6.24;170.5;90.5;2019-10-04;2019;10;40;277;4;4;6636;108;12;True
2019-10-04 13:00:00+00:00;True;5.97;125.03;79.9;2019-10-04;2019;10;40;277;4;4;6637;109;13;True
2019-10-04 14:00:00+00:00;True;4.9;67.16;77.8;2019-10-04;2019;10;40;277;4;4;6638;110;14;True
2019-10-04 15:00:00+00:00;True;4.59;52.58;89.2;2019-10-04;2019;10;40;277;4;4;6639;111;15;True
2019-10-04 16:00:00+00:00;True;3.89;26.91;80.9;2019-10-04;2019;10;40;277;4;4;6640;112;16;True
2019-10-04 17:00:00+00:00;True;3.21;8.45;76.6;2019-10-04;2019;10;40;277;4;4;6641;113;17;True
2019-10-04 18:00:00+00:00;True;2.97;1.08;34.6;2019-10-04;2019;10;40;277;4;4;6642;114;18;True
2019-10-04 19:00:00+00:00;True;2.31;0.03;35.3;2019-10-04;2019;10;40;277;4;4;6643;115;19;True
2019-10-04 20:00:00+00:00;True;1.38;0.54;49.2;2019-10-04;2019;10;40;277;4;4;6644;116;20;True
2019-10-04 21:00:00+00:00;True;0.71;0.36;45.5;2019-10-04;2019;10;40;277;4;4;6645;117;21;True
2019-10-04 22:00:00+00:00;True;0.13;0.54;33.9;2019-10-04;2019;10;40;277;4;4;6646;118;22;True
2019-10-04 23:00:00+00:00;True;-0.49;2.86;24.2;2019-10-04;2019;10;40;277;4;4;6647;119;23;True
2019-10-05 00:00:00+00:00;True;-0.73;1.89;22.3;2019-10-05;2019;10;40;278;5;5;6648;120;0;False
2019-10-05 01:00:00+00:00;True;-0.9;1.71;36.2;2019-10-05;2019;10;40;278;5;5;6649;121;1;False
2019-10-05 02:00:00+00:00;True;-0.87;1.83;36.6;2019-10-05;2019;10;40;278;5;5;6650;122;2;False
2019-10-05 03:00:00+00:00;True;-0.61;1.85;23.5;2019-10-05;2019;10;40;278;5;5;6651;123;3;False
2019-10-05 04:00:00+00:00;True;-0.59;1.91;28.4;2019-10-05;2019;10;40;278;5;5;6652;124;4;False
2019-10-05 05:00:00+00:00;True;-0.46;1.75;23.0;2019-10-05;2019;10;40;278;5;5;6653;125;5;False
2019-10-05 06:00:00+00:00;True;-0.57;6.01;22.8;2019-10-05;2019;10;40;278;5;5;6654;126;6;False
2019-10-05 07:00:00+00:00;True;-0.48;36.67;32.7;2019-10-05;2019;10;40;278;5;5;6655;127;7;False
2019-10-05 08:00:00+00:00;True;-0.14;159.42;40.4;2019-10-05;2019;10;40;278;5;5;6656;128;8;False
2019-10-05 09:00:00+00:00;True;0.44;274.86;44.1;2019-10-05;2019;10;40;278;5;5;6657;129;9;False
2019-10-05 10:00:00+00:00;True;2.59;352.36;28.4;2019-10-05;2019;10;40;278;5;5;6658;130;10;False
2019-10-05 11:00:00+00:00;True;3.94;318.9;37.1;2019-10-05;2019;10;40;278;5;5;6659;131;11;False
2019-10-05 12:00:00+00:00;True;4.49;293.93;21.0;2019-10-05;2019;10;40;278;5;5;6660;132;12;False
2019-10-05 13:00:00+00:00;True;4.83;218.53;22.9;2019-10-05;2019;10;40;278;5;5;6661;133;13;False
2019-10-05 14:00:00+00:00;True;5.01;198.21;24.2;2019-10-05;2019;10;40;278;5;5;6662;134;14;False
2019-10-05 15:00:00+00:00;True;5.06;193.06;52.8;2019-10-05;2019;10;40;278;5;5;6663;135;15;False
2019-10-05 16:00:00+00:00;True;4.27;81.09;24.0;2019-10-05;2019;10;40;278;5;5;6664;136;16;False
2019-10-05 17:00:00+00:00;True;3.22;10.96;34.8;2019-10-05;2019;10;40;278;5;5;6665;137;17;False
2019-10-05 18:00:00+00:00;True;2.14;0.31;36.3;2019-10-05;2019;10;40;278;5;5;6666;138;18;False
2019-10-05 19:00:00+00:00;True;1.35;0.45;28.8;2019-10-05;2019;10;40;278;5;5;6667;139;19;False
2019-10-05 20:00:00+00:00;True;0.98;0.57;32.9;2019-10-05;2019;10;40;278;5;5;6668;140;20;False
2019-10-05 21:00:00+00:00;True;0.25;0.71;42.4;2019-10-05;2019;10;40;278;5;5;6669;141;21;False
2019-10-05 22:00:00+00:00;True;-0.55;1.1;12.4;2019-10-05;2019;10;40;278;5;5;6670;142;22;False
2019-10-05 23:00:00+00:00;True;-1.0;3.11;14.7;2019-10-05;2019;10;40;278;5;5;6671;143;23;False
2019-10-06 00:00:00+00:00;True;-1.3;3.12;13.4;2019-10-06;2019;10;40;279;6;6;6672;144;0;False
2019-10-06 01:00:00+00:00;True;-1.53;2.82;31.4;2019-10-06;2019;10;40;279;6;6;6673;145;1;False
2019-10-06 02:00:00+00:00;True;-1.98;3.92;31.7;2019-10-06;2019;10;40;279;6;6;6674;146;2;False
2019-10-06 03:00:00+00:00;True;-2.14;3.9;18.0;2019-10-06;2019;10;40;279;6;6;6675;147;3;False
2019-10-06 04:00:00+00:00;True;-1.87;2.81;20.3;2019-10-06;2019;10;40;279;6;6;6676;148;4;False
2019-10-06 05:00:00+00:00;True;-1.61;1.36;32.5;2019-10-06;2019;10;40;279;6;6;6677;149;5;False
2019-10-06 06:00:00+00:00;True;-1.62;7.91;27.7;2019-10-06;2019;10;40;279;6;6;6678;150;6;False
2019-10-06 07:00:00+00:00;True;-1.14;48.1;38.8;2019-10-06;2019;10;40;279;6;6;6679;151;7;False
2019-10-06 08:00:00+00:00;True;-0.35;110.35;34.7;2019-10-06;2019;10;40;279;6;6;6680;152;8;False
2019-10-06 09:00:00+00:00;True;0.72;128.83;36.6;2019-10-06;2019;10;40;279;6;6;6681;153;9;False
2019-10-06 10:00:00+00:00;True;1.88;210.0;39.5;2019-10-06;2019;10;40;279;6;6;6682;154;10;False
2019-10-06 11:00:00+00:00;True;3.1;238.19;28.6;2019-10-06;2019;10;40;279;6;6;6683;155;11;False
2019-10-06 12:00:00+00:00;True;3.3;143.15;22.6;2019-10-06;2019;10;40;279;6;6;6684;156;12;False
2019-10-06 13:00:00+00:00;True;3.48;155.34;40.2;2019-10-06;2019;10;40;279;6;6;6685;157;13;False
2019-10-06 14:00:00+00:00;True;3.59;104.88;34.3;2019-10-06;2019;10;40;279;6;6;6686;158;14;False
2019-10-06 15:00:00+00:00;True;3.41;56.29;36.5;2019-10-06;2019;10;40;279;6;6;6687;159;15;False
2019-10-06 16:00:00+00:00;True;3.24;29.54;25.3;2019-10-06;2019;10;40;279;6;6;6688;160;16;False
2019-10-06 17:00:00+00:00;True;2.9;5.9;26.0;2019-10-06;2019;10;40;279;6;6;6689;161;17;False
2019-10-06 18:00:00+00:00;True;2.43;2.93;28.6;2019-10-06;2019;10;40;279;6;6;6690;162;18;False
2019-10-06 19:00:00+00:00;True;2.19;2.99;37.5;2019-10-06;2019;10;40;279;6;6;6691;163;19;False
2019-10-06 20:00:00+00:00;True;1.75;2.67;25.4;2019-10-06;2019;10;40;279;6;6;6692;164;20;False
2019-10-06 21:00:00+00:00;True;1.44;1.08;29.7;2019-10-06;2019;10;40;279;6;6;6693;165;21;False
2019-10-06 22:00:00+00:00;True;1.28;2.35;19.2;2019-10-06;2019;10;40;279;6;6;6694;166;22;False
2019-10-06 23:00:00+00:00;True;1.34;4.77;32.1;2019-10-06;2019;10;40;279;6;6;6695;167;23;False
2019-10-07 00:00:00+00:00;True;1.1;4.61;22.1;2019-10-07;2019;10;41;280;7;0;6696;0;0;True
2019-10-07 01:00:00+00:00;True;1.1;3.93;28.8;2019-10-07;2019;10;41;280;7;0;6697;1;1;True
2019-10-07 02:00:00+00:00;True;0.56;3.92;20.6;2019-10-07;2019;10;41;280;7;0;6698;2;2;True
2019-10-07 03:00:00+00:00;True;0.32;4.01;20.0;2019-10-07;2019;10;41;280;7;0;6699;3;3;True
2019-10-07 04:00:00+00:00;True;0.2;4.17;31.8;2019-10-07;2019;10;41;280;7;0;6700;4;4;True
2019-10-07 05:00:00+00:00;True;0.2;3.98;22.1;2019-10-07;2019;10;41;280;7;0;6701;5;5;True
2019-10-07 06:00:00+00:00;True;0.35;6.82;23.1;2019-10-07;2019;10;41;280;7;0;6702;6;6;True
2019-10-07 07:00:00+00:00;True;0.61;29.9;35.9;2019-10-07;2019;10;41;280;7;0;6703;7;7;True
2019-10-07 08:00:00+00:00;True;0.94;51.37;42.6;2019-10-07;2019;10;41;280;7;0;6704;8;8;True
2019-10-07 09:00:00+00:00;True;1.71;143.5;114.1;2019-10-07;2019;10;41;280;7;0;6705;9;9;True
2019-10-07 10:00:00+00:00;True;2.66;216.85;101.7;2019-10-07;2019;10;41;280;7;0;6706;10;10;True
2019-10-07 11:00:00+00:00;True;3.87;196.25;98.6;2019-10-07;2019;10;41;280;7;0;6707;11;11;True
2019-10-07 12:00:00+00:00;True;4.11;122.17;110.3;2019-10-07;2019;10;41;280;7;0;6708;12;12;True
2019-10-07 13:00:00+00:00;True;4.17;193.84;93.6;2019-10-07;2019;10;41;280;7;0;6709;13;13;True
2019-10-07 14:00:00+00:00;True;3.63;132.73;98.6;2019-10-07;2019;10;41;280;7;0;6710;14;14;True
2019-10-07 15:00:00+00:00;True;4.66;145.66;100.0;2019-10-07;2019;10;41;280;7;0;6711;15;15;True
2019-10-07 16:00:00+00:00;True;4.56;45.43;83.9;2019-10-07;2019;10;41;280;7;0;6712;16;16;True
2019-10-07 17:00:00+00:00;True;4.18;7.04;78.0;2019-10-07;2019;10;41;280;7;0;6713;17;17;True
2019-10-07 18:00:00+00:00;True;3.72;0.3;34.1;2019-10-07;2019;10;41;280;7;0;6714;18;18;True
2019-10-07 19:00:00+00:00;True;2.99;0.5;39.1;2019-10-07;2019;10;41;280;7;0;6715;19;19;True
2019-10-07 20:00:00+00:00;True;2.27;2.39;32.6;2019-10-07;2019;10;41;280;7;0;6716;20;20;True
2019-10-07 21:00:00+00:00;True;1.74;2.8;35.7;2019-10-07;2019;10;41;280;7;0;6717;21;21;True
2019-10-07 22:00:00+00:00;True;1.03;3.33;23.0;2019-10-07;2019;10;41;280;7;0;6718;22;22;True
2019-10-07 23:00:00+00:00;True;0.75;3.48;23.1;2019-10-07;2019;10;41;280;7;0;6719;23;23;True
2019-10-08 00:00:00+00:00;True;0.4;3.84;22.4;2019-10-08;2019;10;41;281;8;1;6720;24;0;True
2019-10-08 01:00:00+00:00;True;0.25;2.32;32.9;2019-10-08;2019;10;41;281;8;1;6721;25;1;True
2019-10-08 02:00:00+00:00;True;-0.38;2.16;23.7;2019-10-08;2019;10;41;281;8;1;6722;26;2;True
2019-10-08 03:00:00+00:00;True;-0.77;4.02;22.1;2019-10-08;2019;10;41;281;8;1;6723;27;3;True
2019-10-08 04:00:00+00:00;True;-0.24;4.29;21.1;2019-10-08;2019;10;41;281;8;1;6724;28;4;True
2019-10-08 05:00:00+00:00;True;-0.33;3.92;32.3;2019-10-08;2019;10;41;281;8;1;6725;29;5;True
2019-10-08 06:00:00+00:00;True;-0.69;6.71;25.3;2019-10-08;2019;10;41;281;8;1;6726;30;6;True
2019-10-08 07:00:00+00:00;True;-0.48;34.35;33.0;2019-10-08;2019;10;41;281;8;1;6727;31;7;True
2019-10-08 08:00:00+00:00;True;-0.13;89.36;46.6;2019-10-08;2019;10;41;281;8;1;6728;32;8;True
2019-10-08 09:00:00+00:00;True;0.84;213.84;109.1;2019-10-08;2019;10;41;281;8;1;6729;33;9;True
2019-10-08 10:00:00+00:00;True;2.66;185.61;119.2;2019-10-08;2019;10;41;281;8;1;6730;34;10;True
2019-10-08 11:00:00+00:00;True;3.37;156.64;96.6;2019-10-08;2019;10;41;281;8;1;6731;35;11;True
2019-10-08 12:00:00+00:00;True;4.2;182.01;96.4;2019-10-08;2019;10;41;281;8;1;6732;36;12;True
2019-10-08 13:00:00+00:00;True;4.7;124.03;89.9;2019-10-08;2019;10;41;281;8;1;6733;37;13;True
2019-10-08 14:00:00+00:00;True;5.16;61.24;82.4;2019-10-08;2019;10;41;281;8;1;6734;38;14;True
2019-10-08 15:00:00+00:00;True;5.46;43.67;89.7;2019-10-08;2019;10;41;281;8;1;6735;39;15;True
2019-10-08 16:00:00+00:00;True;5.52;25.04;90.4;2019-10-08;2019;10;41;281;8;1;6736;40;16;True
2019-10-08 17:00:00+00:00;True;5.5;5.53;64.6;2019-10-08;2019;10;41;281;8;1;6737;41;17;True
2019-10-08 18:00:00+00:00;True;5.52;2.3;39.6;2019-10-08;2019;10;41;281;8;1;6738;42;18;True
2019-10-08 19:00:00+00:00;True;5.55;2.93;39.3;2019-10-08;2019;10;41;281;8;1;6739;43;19;True
2019-10-08 20:00:00+00:00;True;5.28;2.82;32.0;2019-10-08;2019;10;41;281;8;1;6740;44;20;True
2019-10-08 21:00:00+00:00;True;5.17;2.58;32.3;2019-10-08;2019;10;41;281;8;1;6741;45;21;True
2019-10-08 22:00:00+00:00;True;5.05;3.52;24.7;2019-10-08;2019;10;41;281;8;1;6742;46;22;True
2019-10-08 23:00:00+00:00;True;5.01;3.48;16.8;2019-10-08;2019;10;41;281;8;1;6743;47;23;True
2019-10-09 00:00:00+00:00;True;4.89;3.51;16.1;2019-10-09;2019;10;41;282;9;2;6744;48;0;True
2019-10-09 01:00:00+00:00;True;4.86;1.87;17.7;2019-10-09;2019;10;41;282;9;2;6745;49;1;True
2019-10-09 02:00:00+00:00;True;4.83;1.22;30.6;2019-10-09;2019;10;41;282;9;2;6746;50;2;True
2019-10-09 03:00:00+00:00;True;4.72;1.39;30.6;2019-10-09;2019;10;41;282;9;2;6747;51;3;True
2019-10-09 04:00:00+00:00;True;4.52;1.17;18.1;2019-10-09;2019;10;41;282;9;2;6748;52;4;True
2019-10-09 05:00:00+00:00;True;4.17;0.93;32.8;2019-10-09;2019;10;41;282;9;2;6749;53;5;True
2019-10-09 06:00:00+00:00;True;3.74;4.48;17.1;2019-10-09;2019;10;41;282;9;2;6750;54;6;True
2019-10-09 07:00:00+00:00;True;3.58;44.19;26.2;2019-10-09;2019;10;41;282;9;2;6751;55;7;True
2019-10-09 08:00:00+00:00;True;3.93;131.97;34.6;2019-10-09;2019;10;41;282;9;2;6752;56;8;True
2019-10-09 09:00:00+00:00;True;5.09;309.84;92.6;2019-10-09;2019;10;41;282;9;2;6753;57;9;True
2019-10-09 10:00:00+00:00;True;5.83;279.42;95.9;2019-10-09;2019;10;41;282;9;2;6754;58;10;True
2019-10-09 11:00:00+00:00;True;5.85;207.14;76.5;2019-10-09;2019;10;41;282;9;2;6755;59;11;True
2019-10-09 12:00:00+00:00;True;5.73;117.61;79.1;2019-10-09;2019;10;41;282;9;2;6756;60;12;True
2019-10-09 13:00:00+00:00;True;5.87;112.21;73.6;2019-10-09;2019;10;41;282;9;2;6757;61;13;True
2019-10-09 14:00:00+00:00;True;6.19;118.49;66.9;2019-10-09;2019;10;41;282;9;2;6758;62;14;True
2019-10-09 15:00:00+00:00;True;6.37;77.11;87.5;2019-10-09;2019;10;41;282;9;2;6759;63;15;True
2019-10-09 16:00:00+00:00;True;6.63;27.58;72.3;2019-10-09;2019;10;41;282;9;2;6760;64;16;True
2019-10-09 17:00:00+00:00;True;6.43;3.62;70.1;2019-10-09;2019;10;41;282;9;2;6761;65;17;True
2019-10-09 18:00:00+00:00;True;6.06;0.28;29.7;2019-10-09;2019;10;41;282;9;2;6762;66;18;True
2019-10-09 19:00:00+00:00;True;5.73;1.76;28.0;2019-10-09;2019;10;41;282;9;2;6763;67;19;True
2019-10-22 16:00:00+00:00;True;11.92;5.65;52.3;2019-10-22;2019;10;43;295;22;1;7072;40;16;True
2019-10-22 17:00:00+00:00;True;11.63;2.98;31.4;2019-10-22;2019;10;43;295;22;1;7073;41;17;True
2019-10-22 18:00:00+00:00;True;11.24;3.06;29.1;2019-10-22;2019;10;43;295;22;1;7074;42;18;True
2019-10-22 19:00:00+00:00;True;11.16;2.89;23.5;2019-10-22;2019;10;43;295;22;1;7075;43;19;True
2019-10-22 20:00:00+00:00;True;11.34;3.04;16.1;2019-10-22;2019;10;43;295;22;1;7076;44;20;True
2019-10-22 21:00:00+00:00;True;11.54;3.35;14.7;2019-10-22;2019;10;43;295;22;1;7077;45;21;True
2019-10-22 22:00:00+00:00;True;11.97;3.02;7.2;2019-10-22;2019;10;43;295;22;1;7078;46;22;True
2019-10-22 23:00:00+00:00;True;12.11;3.19;18.8;2019-10-22;2019;10;43;295;22;1;7079;47;23;True
2019-10-23 00:00:00+00:00;True;11.86;3.74;16.2;2019-10-23;2019;10;43;296;23;2;7080;48;0;True
2019-10-23 01:00:00+00:00;True;11.59;3.98;7.9;2019-10-23;2019;10;43;296;23;2;7081;49;1;True
2019-10-23 02:00:00+00:00;True;11.43;3.79;8.8;2019-10-23;2019;10;43;296;23;2;7082;50;2;True
2019-10-23 03:00:00+00:00;True;11.19;3.13;20.1;2019-10-23;2019;10;43;296;23;2;7083;51;3;True
2019-10-23 04:00:00+00:00;True;10.83;1.11;6.2;2019-10-23;2019;10;43;296;23;2;7084;52;4;True
2019-10-23 05:00:00+00:00;True;10.6;0.98;13.0;2019-10-23;2019;10;43;296;23;2;7085;53;5;True
2019-10-23 06:00:00+00:00;True;10.43;1.93;19.7;2019-10-23;2019;10;43;296;23;2;7086;54;6;True
2019-10-23 07:00:00+00:00;True;10.5;7.54;24.1;2019-10-23;2019;10;43;296;23;2;7087;55;7;True
2019-10-23 08:00:00+00:00;True;10.7;36.63;22.2;2019-10-23;2019;10;43;296;23;2;7088;56;8;True
2019-10-23 09:00:00+00:00;True;10.95;81.22;52.7;2019-10-23;2019;10;43;296;23;2;7089;57;9;True
2019-10-23 10:00:00+00:00;True;10.92;67.17;55.0;2019-10-23;2019;10;43;296;23;2;7090;58;10;True
2019-10-23 11:00:00+00:00;True;11.02;78.17;43.3;2019-10-23;2019;10;43;296;23;2;7091;59;11;True
2019-10-23 12:00:00+00:00;True;11.06;53.54;51.0;2019-10-23;2019;10;43;296;23;2;7092;60;12;True
2019-10-23 13:00:00+00:00;True;11.14;56.95;48.0;2019-10-23;2019;10;43;296;23;2;7093;61;13;True
2019-10-23 14:00:00+00:00;True;11.17;33.63;44.8;2019-10-23;2019;10;43;296;23;2;7094;62;14;True
2019-10-23 15:00:00+00:00;True;11.11;35.8;46.7;2019-10-23;2019;10;43;296;23;2;7095;63;15;True
2019-10-23 16:00:00+00:00;True;11.09;8.3;58.5;2019-10-23;2019;10;43;296;23;2;7096;64;16;True
2019-10-23 17:00:00+00:00;True;10.92;3.27;48.0;2019-10-23;2019;10;43;296;23;2;7097;65;17;True
2019-10-23 18:00:00+00:00;True;10.56;2.36;34.5;2019-10-23;2019;10;43;296;23;2;7098;66;18;True
2019-10-23 19:00:00+00:00;True;10.4;2.36;33.4;2019-10-23;2019;10;43;296;23;2;7099;67;19;True
2019-10-23 20:00:00+00:00;True;10.19;1.78;16.7;2019-10-23;2019;10;43;296;23;2;7100;68;20;True
2019-10-23 21:00:00+00:00;True;9.82;1.84;32.7;2019-10-23;2019;10;43;296;23;2;7101;69;21;True
2019-10-23 22:00:00+00:00;True;9.31;2.26;13.8;2019-10-23;2019;10;43;296;23;2;7102;70;22;True
2019-10-23 23:00:00+00:00;True;9.37;3.48;8.2;2019-10-23;2019;10;43;296;23;2;7103;71;23;True
2019-10-24 00:00:00+00:00;True;9.27;2.94;10.8;2019-10-24;2019;10;43;297;24;3;7104;72;0;True
2019-10-24 01:00:00+00:00;True;9.13;2.25;7.8;2019-10-24;2019;10;43;297;24;3;7105;73;1;True
2019-10-24 02:00:00+00:00;True;9.1;3.04;20.6;2019-10-24;2019;10;43;297;24;3;7106;74;2;True
2019-10-24 03:00:00+00:00;True;9.1;3.14;8.2;2019-10-24;2019;10;43;297;24;3;7107;75;3;True
2019-10-24 04:00:00+00:00;True;8.96;3.12;9.6;2019-10-24;2019;10;43;297;24;3;7108;76;4;True
2019-10-24 05:00:00+00:00;True;8.94;2.91;10.6;2019-10-24;2019;10;43;297;24;3;7109;77;5;True
2019-10-24 06:00:00+00:00;True;8.88;3.17;23.3;2019-10-24;2019;10;43;297;24;3;7110;78;6;True
2019-10-24 07:00:00+00:00;True;8.96;9.22;14.8;2019-10-24;2019;10;43;297;24;3;7111;79;7;True
2019-10-24 08:00:00+00:00;True;9.0;32.29;34.3;2019-10-24;2019;10;43;297;24;3;7112;80;8;True
2019-10-24 09:00:00+00:00;True;9.14;48.42;67.2;2019-10-24;2019;10;43;297;24;3;7113;81;9;True
2019-10-24 10:00:00+00:00;True;9.42;85.19;57.7;2019-10-24;2019;10;43;297;24;3;7114;82;10;True
2019-10-24 11:00:00+00:00;True;10.03;131.01;72.8;2019-10-24;2019;10;43;297;24;3;7115;83;11;True
2019-10-24 12:00:00+00:00;True;10.16;123.12;43.8;2019-10-24;2019;10;43;297;24;3;7116;84;12;True
2019-10-24 13:00:00+00:00;True;10.2;96.42;40.3;2019-10-24;2019;10;43;297;24;3;7117;85;13;True
2019-10-24 14:00:00+00:00;True;10.31;66.38;48.0;2019-10-24;2019;10;43;297;24;3;7118;86;14;True
2019-10-24 15:00:00+00:00;True;10.28;35.7;58.1;2019-10-24;2019;10;43;297;24;3;7119;87;15;True
2019-10-24 16:00:00+00:00;True;10.17;9.95;45.1;2019-10-24;2019;10;43;297;24;3;7120;88;16;True
2019-10-24 17:00:00+00:00;True;10.05;2.2;68.9;2019-10-24;2019;10;43;297;24;3;7121;89;17;True
2019-10-24 18:00:00+00:00;True;9.7;2.21;20.3;2019-10-24;2019;10;43;297;24;3;7122;90;18;True
2019-10-24 19:00:00+00:00;True;9.07;2.04;18.2;2019-10-24;2019;10;43;297;24;3;7123;91;19;True
2019-10-24 20:00:00+00:00;True;9.27;2.9;26.6;2019-10-24;2019;10;43;297;24;3;7124;92;20;True
2019-10-24 21:00:00+00:00;True;8.95;2.47;17.5;2019-10-24;2019;10;43;297;24;3;7125;93;21;True
2019-10-24 22:00:00+00:00;True;8.66;2.64;5.7;2019-10-24;2019;10;43;297;24;3;7126;94;22;True
2019-10-24 23:00:00+00:00;True;8.35;2.54;7.7;2019-10-24;2019;10;43;297;24;3;7127;95;23;True
2019-10-25 00:00:00+00:00;True;7.34;4.01;20.7;2019-10-25;2019;10;43;298;25;4;7128;96;0;True
2019-10-25 01:00:00+00:00;True;6.69;1.4;25.4;2019-10-25;2019;10;43;298;25;4;7129;97;1;True
2019-10-25 02:00:00+00:00;True;6.24;1.65;14.4;2019-10-25;2019;10;43;298;25;4;7130;98;2;True
2019-10-25 03:00:00+00:00;True;5.98;2.75;23.1;2019-10-25;2019;10;43;298;25;4;7131;99;3;True
2019-10-25 04:00:00+00:00;True;5.49;2.71;15.1;2019-10-25;2019;10;43;298;25;4;7132;100;4;True
2019-10-25 05:00:00+00:00;True;5.18;2.82;18.7;2019-10-25;2019;10;43;298;25;4;7133;101;5;True
2019-10-25 06:00:00+00:00;True;5.28;3.46;18.8;2019-10-25;2019;10;43;298;25;4;7134;102;6;True
2019-10-25 07:00:00+00:00;True;5.6;22.04;29.9;2019-10-25;2019;10;43;298;25;4;7135;103;7;True
2019-10-25 08:00:00+00:00;True;6.29;94.12;37.0;2019-10-25;2019;10;43;298;25;4;7136;104;8;True
2019-10-25 09:00:00+00:00;True;8.13;178.25;88.1;2019-10-25;2019;10;43;298;25;4;7137;105;9;True
2019-10-25 10:00:00+00:00;True;10.5;242.24;79.2;2019-10-25;2019;10;43;298;25;4;7138;106;10;True
2019-10-25 11:00:00+00:00;True;13.02;259.76;69.0;2019-10-25;2019;10;43;298;25;4;7139;107;11;True
2019-10-25 12:00:00+00:00;True;14.04;263.55;44.7;2019-10-25;2019;10;43;298;25;4;7140;108;12;True
2019-10-25 13:00:00+00:00;True;14.33;232.65;34.2;2019-10-25;2019;10;43;298;25;4;7141;109;13;True
2019-10-25 14:00:00+00:00;True;13.14;46.0;30.3;2019-10-25;2019;10;43;298;25;4;7142;110;14;True
2019-10-25 15:00:00+00:00;True;11.74;13.53;39.3;2019-10-25;2019;10;43;298;25;4;7143;111;15;True
2019-10-25 16:00:00+00:00;True;11.14;3.19;45.1;2019-10-25;2019;10;43;298;25;4;7144;112;16;True
2019-10-25 17:00:00+00:00;True;10.89;2.44;45.9;2019-10-25;2019;10;43;298;25;4;7145;113;17;True
2019-10-25 18:00:00+00:00;True;11.18;2.35;40.9;2019-10-25;2019;10;43;298;25;4;7146;114;18;True
2019-10-25 19:00:00+00:00;True;11.82;2.07;13.1;2019-10-25;2019;10;43;298;25;4;7147;115;19;True
2019-10-25 20:00:00+00:00;True;12.23;1.66;18.9;2019-10-25;2019;10;43;298;25;4;7148;116;20;True
2019-10-25 21:00:00+00:00;True;12.3;0.89;23.3;2019-10-25;2019;10;43;298;25;4;7149;117;21;True
2019-10-25 22:00:00+00:00;True;12.28;1.76;5.5;2019-10-25;2019;10;43;298;25;4;7150;118;22;True
2019-10-25 23:00:00+00:00;True;11.83;1.67;15.1;2019-10-25;2019;10;43;298;25;4;7151;119;23;True
2019-10-26 00:00:00+00:00;True;11.36;0.62;5.4;2019-10-26;2019;10;43;299;26;5;7152;120;0;False
2019-10-26 01:00:00+00:00;True;11.38;2.54;8.4;2019-10-26;2019;10;43;299;26;5;7153;121;1;False
2019-10-26 02:00:00+00:00;True;11.14;3.4;17.4;2019-10-26;2019;10;43;299;26;5;7154;122;2;False
2019-10-26 03:00:00+00:00;True;10.85;3.59;17.1;2019-10-26;2019;10;43;299;26;5;7155;123;3;False
2019-10-26 04:00:00+00:00;True;10.42;3.43;10.3;2019-10-26;2019;10;43;299;26;5;7156;124;4;False
2019-10-26 05:00:00+00:00;True;9.99;3.35;22.6;2019-10-26;2019;10;43;299;26;5;7157;125;5;False
2019-10-26 06:00:00+00:00;True;9.87;3.25;24.3;2019-10-26;2019;10;43;299;26;5;7158;126;6;False
2019-10-26 07:00:00+00:00;True;9.6;13.23;18.2;2019-10-26;2019;10;43;299;26;5;7159;127;7;False
2019-10-26 08:00:00+00:00;True;9.52;53.97;23.5;2019-10-26;2019;10;43;299;26;5;7160;128;8;False
2019-10-26 09:00:00+00:00;True;9.81;61.11;29.8;2019-10-26;2019;10;43;299;26;5;7161;129;9;False
2019-10-26 10:00:00+00:00;True;9.57;59.4;18.3;2019-10-26;2019;10;43;299;26;5;7162;130;10;False
2019-10-26 11:00:00+00:00;True;9.95;69.47;15.3;2019-10-26;2019;10;43;299;26;5;7163;131;11;False
2019-10-26 12:00:00+00:00;True;10.47;81.56;24.3;2019-10-26;2019;10;43;299;26;5;7164;132;12;False
2019-10-26 13:00:00+00:00;True;10.74;54.22;12.7;2019-10-26;2019;10;43;299;26;5;7165;133;13;False
2019-10-26 14:00:00+00:00;True;10.94;23.4;23.5;2019-10-26;2019;10;43;299;26;5;7166;134;14;False
2019-10-26 15:00:00+00:00;True;11.5;11.34;24.9;2019-10-26;2019;10;43;299;26;5;7167;135;15;False
2019-10-26 16:00:00+00:00;True;11.49;2.93;24.3;2019-10-26;2019;10;43;299;26;5;7168;136;16;False
2019-10-26 17:00:00+00:00;True;11.48;1.38;13.8;2019-10-26;2019;10;43;299;26;5;7169;137;17;False
2019-10-26 18:00:00+00:00;True;11.75;1.08;23.9;2019-10-26;2019;10;43;299;26;5;7170;138;18;False
2019-10-26 19:00:00+00:00;True;12.22;2.14;12.1;2019-10-26;2019;10;43;299;26;5;7171;139;19;False
2019-10-26 20:00:00+00:00;True;12.52;3.86;19.9;2019-10-26;2019;10;43;299;26;5;7172;140;20;False
2019-10-26 21:00:00+00:00;True;12.29;3.6;20.9;2019-10-26;2019;10;43;299;26;5;7173;141;21;False
2019-10-26 22:00:00+00:00;True;11.35;4.35;7.4;2019-10-26;2019;10;43;299;26;5;7174;142;22;False
2019-10-26 23:00:00+00:00;True;9.72;4.02;5.4;2019-10-26;2019;10;43;299;26;5;7175;143;23;False
2019-10-27 00:00:00+00:00;True;8.91;4.54;21.7;2019-10-27;2019;10;43;300;27;6;7176;144;0;False
2019-10-27 01:00:00+00:00;True;8.21;4.1;15.9;2019-10-27;2019;10;43;300;27;6;7177;145;1;False
2019-10-27 02:00:00+00:00;True;7.34;3.8;7.4;2019-10-27;2019;10;43;300;27;6;7178;146;2;False
2019-10-27 03:00:00+00:00;True;7.22;3.11;9.9;2019-10-27;2019;10;43;300;27;6;7179;147;3;False
2019-10-27 04:00:00+00:00;True;7.21;2.55;9.2;2019-10-27;2019;10;43;300;27;6;7180;148;4;False
2019-10-27 05:00:00+00:00;True;6.86;2.77;19.4;2019-10-27;2019;10;43;300;27;6;7181;149;5;False
2019-10-27 06:00:00+00:00;True;6.6;6.21;16.5;2019-10-27;2019;10;43;300;27;6;7182;150;6;False
2019-10-27 07:00:00+00:00;True;6.5;11.04;20.3;2019-10-27;2019;10;43;300;27;6;7183;151;7;False
2019-10-27 08:00:00+00:00;True;6.93;18.07;25.4;2019-10-27;2019;10;43;300;27;6;7184;152;8;False
2019-10-27 09:00:00+00:00;True;6.77;22.57;22.4;2019-10-27;2019;10;43;300;27;6;7185;153;9;False
2019-10-27 10:00:00+00:00;True;9.01;30.29;36.9;2019-10-27;2019;10;43;300;27;6;7186;154;10;False
2019-10-27 11:00:00+00:00;True;12.09;32.96;26.9;2019-10-27;2019;10;43;300;27;6;7187;155;11;False
2019-10-27 12:00:00+00:00;True;12.37;52.02;20.6;2019-10-27;2019;10;43;300;27;6;7188;156;12;False
2019-10-27 13:00:00+00:00;True;12.78;51.68;17.3;2019-10-27;2019;10;43;300;27;6;7189;157;13;False
2019-10-27 14:00:00+00:00;True;12.75;65.55;13.9;2019-10-27;2019;10;43;300;27;6;7190;158;14;False
2019-10-27 15:00:00+00:00;True;10.19;10.45;12.5;2019-10-27;2019;10;43;300;27;6;7191;159;15;False
2019-10-27 16:00:00+00:00;True;7.38;3.45;14.9;2019-10-27;2019;10;43;300;27;6;7192;160;16;False
2019-10-27 17:00:00+00:00;True;4.01;4.8;24.0;2019-10-27;2019;10;43;300;27;6;7193;161;17;False
2019-10-27 18:00:00+00:00;True;4.29;4.52;33.1;2019-10-27;2019;10;43;300;27;6;7194;162;18;False
2019-10-27 19:00:00+00:00;True;4.31;3.36;27.4;2019-10-27;2019;10;43;300;27;6;7195;163;19;False
2019-10-27 20:00:00+00:00;True;4.45;3.74;26.4;2019-10-27;2019;10;43;300;27;6;7196;164;20;False
2019-10-27 21:00:00+00:00;True;4.25;4.38;23.5;2019-10-27;2019;10;43;300;27;6;7197;165;21;False
2019-10-27 22:00:00+00:00;True;4.42;4.08;15.4;2019-10-27;2019;10;43;300;27;6;7198;166;22;False
2019-10-27 23:00:00+00:00;True;3.95;5.04;26.0;2019-10-27;2019;10;43;300;27;6;7199;167;23;False
2019-10-28 00:00:00+00:00;True;3.42;3.82;31.6;2019-10-28;2019;10;44;301;28;0;7200;0;0;True
2019-10-28 01:00:00+00:00;True;3.12;3.71;24.4;2019-10-28;2019;10;44;301;28;0;7201;1;1;True
2019-10-28 02:00:00+00:00;True;2.88;3.95;21.6;2019-10-28;2019;10;44;301;28;0;7202;2;2;True
2019-10-28 03:00:00+00:00;True;2.71;3.9;18.5;2019-10-28;2019;10;44;301;28;0;7203;3;3;True
2019-10-28 04:00:00+00:00;True;2.05;3.61;20.7;2019-10-28;2019;10;44;301;28;0;7204;4;4;True
2019-10-28 05:00:00+00:00;True;1.3;3.43;32.3;2019-10-28;2019;10;44;301;28;0;7205;5;5;True
2019-10-28 06:00:00+00:00;True;0.87;17.63;25.7;2019-10-28;2019;10;44;301;28;0;7206;6;6;True
2019-10-28 07:00:00+00:00;True;0.78;92.58;29.8;2019-10-28;2019;10;44;301;28;0;7207;7;7;True
2019-10-28 08:00:00+00:00;True;1.63;186.02;39.0;2019-10-28;2019;10;44;301;28;0;7208;8;8;True
2019-10-28 09:00:00+00:00;True;2.84;254.56;117.5;2019-10-28;2019;10;44;301;28;0;7209;9;9;True
2019-10-28 10:00:00+00:00;True;3.44;285.11;110.1;2019-10-28;2019;10;44;301;28;0;7210;10;10;True
2019-10-28 11:00:00+00:00;True;4.02;301.74;105.1;2019-10-28;2019;10;44;301;28;0;7211;11;11;True
2019-10-28 12:00:00+00:00;True;4.7;245.81;96.3;2019-10-28;2019;10;44;301;28;0;7212;12;12;True
2019-10-28 13:00:00+00:00;True;5.29;195.64;107.8;2019-10-28;2019;10;44;301;28;0;7213;13;13;True
2019-10-28 14:00:00+00:00;True;5.29;76.77;96.1;2019-10-28;2019;10;44;301;28;0;7214;14;14;True
2019-10-28 15:00:00+00:00;True;4.35;9.17;89.0;2019-10-28;2019;10;44;301;28;0;7215;15;15;True
2019-10-28 16:00:00+00:00;True;3.72;2.13;94.4;2019-10-28;2019;10;44;301;28;0;7216;16;16;True
2019-10-28 17:00:00+00:00;True;3.34;2.59;87.9;2019-10-28;2019;10;44;301;28;0;7217;17;17;True
2019-10-28 18:00:00+00:00;True;3.35;2.3;47.3;2019-10-28;2019;10;44;301;28;0;7218;18;18;True
2019-10-28 19:00:00+00:00;True;3.19;0.92;50.3;2019-10-28;2019;10;44;301;28;0;7219;19;19;True
2019-10-28 20:00:00+00:00;True;3.18;0.13;37.2;2019-10-28;2019;10;44;301;28;0;7220;20;20;True
2019-10-28 21:00:00+00:00;True;2.38;0.24;36.7;2019-10-28;2019;10;44;301;28;0;7221;21;21;True
2019-10-28 22:00:00+00:00;True;1.8;1.47;26.1;2019-10-28;2019;10;44;301;28;0;7222;22;22;True
2019-10-28 23:00:00+00:00;True;1.32;2.06;26.6;2019-10-28;2019;10;44;301;28;0;7223;23;23;True
2019-10-29 00:00:00+00:00;True;1.51;1.18;40.2;2019-10-29;2019;10;44;302;29;1;7224;24;0;True
2019-10-29 01:00:00+00:00;True;1.48;1.23;31.2;2019-10-29;2019;10;44;302;29;1;7225;25;1;True
2019-10-29 02:00:00+00:00;True;1.61;1.47;24.7;2019-10-29;2019;10;44;302;29;1;7226;26;2;True
2019-10-29 03:00:00+00:00;True;1.32;1.46;22.7;2019-10-29;2019;10;44;302;29;1;7227;27;3;True
2019-10-29 04:00:00+00:00;True;0.83;1.51;30.5;2019-10-29;2019;10;44;302;29;1;7228;28;4;True
2019-10-29 05:00:00+00:00;True;0.29;1.6;31.0;2019-10-29;2019;10;44;302;29;1;7229;29;5;True
2019-10-29 06:00:00+00:00;True;0.41;7.93;26.8;2019-10-29;2019;10;44;302;29;1;7230;30;6;True
2019-10-29 07:00:00+00:00;True;0.15;76.17;38.6;2019-10-29;2019;10;44;302;29;1;7231;31;7;True
2019-10-29 08:00:00+00:00;True;0.55;183.44;49.5;2019-10-29;2019;10;44;302;29;1;7232;32;8;True
2019-10-29 09:00:00+00:00;True;1.27;247.79;117.0;2019-10-29;2019;10;44;302;29;1;7233;33;9;True
2019-10-29 10:00:00+00:00;True;1.87;250.92;121.5;2019-10-29;2019;10;44;302;29;1;7234;34;10;True
2019-10-29 11:00:00+00:00;True;1.93;110.66;111.7;2019-10-29;2019;10;44;302;29;1;7235;35;11;True
2019-10-29 12:00:00+00:00;True;1.97;88.97;99.6;2019-10-29;2019;10;44;302;29;1;7236;36;12;True
2019-10-29 13:00:00+00:00;True;0.91;55.66;104.9;2019-10-29;2019;10;44;302;29;1;7237;37;13;True
2019-10-29 14:00:00+00:00;True;0.22;35.53;113.5;2019-10-29;2019;10;44;302;29;1;7238;38;14;True
2019-10-29 15:00:00+00:00;True;0.12;12.0;118.8;2019-10-29;2019;10;44;302;29;1;7239;39;15;True
2019-10-29 16:00:00+00:00;True;-0.33;2.9;114.2;2019-10-29;2019;10;44;302;29;1;7240;40;16;True
2019-10-29 17:00:00+00:00;True;-0.59;3.12;97.0;2019-10-29;2019;10;44;302;29;1;7241;41;17;True
2019-10-29 18:00:00+00:00;True;-1.09;2.99;45.3;2019-10-29;2019;10;44;302;29;1;7242;42;18;True
2019-10-29 19:00:00+00:00;True;-1.26;2.66;57.8;2019-10-29;2019;10;44;302;29;1;7243;43;19;True
2019-10-29 20:00:00+00:00;True;-1.53;2.08;45.3;2019-10-29;2019;10;44;302;29;1;7244;44;20;True
2019-10-29 21:00:00+00:00;True;-2.6;3.13;54.5;2019-10-29;2019;10;44;302;29;1;7245;45;21;True
2019-10-29 22:00:00+00:00;True;-2.93;2.62;26.8;2019-10-29;2019;10;44;302;29;1;7246;46;22;True
2019-10-29 23:00:00+00:00;True;-3.07;1.76;30.9;2019-10-29;2019;10;44;302;29;1;7247;47;23;True
2019-10-30 00:00:00+00:00;True;-3.26;3.75;38.1;2019-10-30;2019;10;44;303;30;2;7248;48;0;True
2019-10-30 01:00:00+00:00;True;-3.78;3.98;41.0;2019-10-30;2019;10;44;303;30;2;7249;49;1;True
2019-10-30 02:00:00+00:00;True;-3.85;4.27;31.5;2019-10-30;2019;10;44;303;30;2;7250;50;2;True
2019-10-30 03:00:00+00:00;True;-4.01;4.42;30.8;2019-10-30;2019;10;44;303;30;2;7251;51;3;True
2019-10-30 04:00:00+00:00;True;-4.08;4.61;40.7;2019-10-30;2019;10;44;303;30;2;7252;52;4;True
2019-10-30 05:00:00+00:00;True;-4.34;4.38;32.8;2019-10-30;2019;10;44;303;30;2;7253;53;5;True
2019-10-30 06:00:00+00:00;True;-4.23;16.88;42.8;2019-10-30;2019;10;44;303;30;2;7254;54;6;True
2019-10-30 07:00:00+00:00;True;-3.74;91.55;38.8;2019-10-30;2019;10;44;303;30;2;7255;55;7;True
2019-10-30 08:00:00+00:00;True;-2.55;182.47;40.0;2019-10-30;2019;10;44;303;30;2;7256;56;8;True
2019-10-30 09:00:00+00:00;True;-0.75;246.94;61.2;2019-10-30;2019;10;44;303;30;2;7257;57;9;True
2019-10-30 10:00:00+00:00;True;0.09;291.46;131.9;2019-10-30;2019;10;44;303;30;2;7258;58;10;True
2019-10-30 11:00:00+00:00;True;0.64;249.58;137.2;2019-10-30;2019;10;44;303;30;2;7259;59;11;True
2019-10-30 12:00:00+00:00;True;0.57;198.67;123.5;2019-10-30;2019;10;44;303;30;2;7260;60;12;True
2019-10-30 13:00:00+00:00;True;0.51;68.44;126.9;2019-10-30;2019;10;44;303;30;2;7261;61;13;True
2019-10-30 14:00:00+00:00;True;0.52;41.92;120.5;2019-10-30;2019;10;44;303;30;2;7262;62;14;True
2019-10-30 15:00:00+00:00;True;0.33;7.09;123.5;2019-10-30;2019;10;44;303;30;2;7263;63;15;True
2019-10-30 16:00:00+00:00;True;-0.1;2.55;118.1;2019-10-30;2019;10;44;303;30;2;7264;64;16;True
2019-10-30 17:00:00+00:00;True;-0.52;2.84;122.5;2019-10-30;2019;10;44;303;30;2;7265;65;17;True
2019-10-30 18:00:00+00:00;True;-1.0;2.81;94.2;2019-10-30;2019;10;44;303;30;2;7266;66;18;True
2019-10-30 19:00:00+00:00;True;-1.36;2.23;86.5;2019-10-30;2019;10;44;303;30;2;7267;67;19;True
2019-10-30 20:00:00+00:00;True;-1.83;3.13;51.8;2019-10-30;2019;10;44;303;30;2;7268;68;20;True
2019-10-30 21:00:00+00:00;True;-2.12;1.81;50.4;2019-10-30;2019;10;44;303;30;2;7269;69;21;True
2019-10-30 22:00:00+00:00;True;-2.19;1.61;53.0;2019-10-30;2019;10;44;303;30;2;7270;70;22;True
2019-10-30 23:00:00+00:00;True;-1.66;2.2;29.2;2019-10-30;2019;10;44;303;30;2;7271;71;23;True
2019-10-31 00:00:00+00:00;True;-1.09;2.15;39.9;2019-10-31;2019;10;44;304;31;3;7272;72;0;True
2019-10-31 01:00:00+00:00;True;-0.64;2.23;26.9;2019-10-31;2019;10;44;304;31;3;7273;73;1;True
2019-10-31 02:00:00+00:00;True;0.18;2.15;30.2;2019-10-31;2019;10;44;304;31;3;7274;74;2;True
2019-10-31 03:00:00+00:00;True;0.08;2.68;28.9;2019-10-31;2019;10;44;304;31;3;7275;75;3;True
2019-10-31 04:00:00+00:00;True;-0.04;2.4;33.8;2019-10-31;2019;10;44;304;31;3;7276;76;4;True
2019-10-31 05:00:00+00:00;True;0.0;1.79;26.3;2019-10-31;2019;10;44;304;31;3;7277;77;5;True
2019-10-31 06:00:00+00:00;True;0.18;8.26;28.8;2019-10-31;2019;10;44;304;31;3;7278;78;6;True
2019-10-31 07:00:00+00:00;True;0.67;37.33;40.4;2019-10-31;2019;10;44;304;31;3;7279;79;7;True
2019-10-31 08:00:00+00:00;True;1.49;71.33;58.2;2019-10-31;2019;10;44;304;31;3;7280;80;8;True
2019-10-31 09:00:00+00:00;True;1.93;81.17;124.6;2019-10-31;2019;10;44;304;31;3;7281;81;9;True
2019-10-31 10:00:00+00:00;True;1.96;54.83;105.4;2019-10-31;2019;10;44;304;31;3;7282;82;10;True
2019-10-31 11:00:00+00:00;True;1.6;85.31;102.0;2019-10-31;2019;10;44;304;31;3;7283;83;11;True
2019-10-31 12:00:00+00:00;True;1.74;64.01;106.7;2019-10-31;2019;10;44;304;31;3;7284;84;12;True
2019-10-31 13:00:00+00:00;True;1.85;55.79;113.4;2019-10-31;2019;10;44;304;31;3;7285;85;13;True
2019-10-31 14:00:00+00:00;True;1.85;23.65;107.3;2019-10-31;2019;10;44;304;31;3;7286;86;14;True
2019-10-31 15:00:00+00:00;True;1.85;6.94;104.0;2019-10-31;2019;10;44;304;31;3;7287;87;15;True
2019-10-31 16:00:00+00:00;True;2.02;4.09;111.1;2019-10-31;2019;10;44;304;31;3;7288;88;16;True
2019-10-31 17:00:00+00:00;True;2.18;4.2;80.0;2019-10-31;2019;10;44;304;31;3;7289;89;17;True
2019-10-31 18:00:00+00:00;True;2.17;3.6;49.1;2019-10-31;2019;10;44;304;31;3;7290;90;18;True
2019-10-31 19:00:00+00:00;True;2.33;2.98;39.6;2019-10-31;2019;10;44;304;31;3;7291;91;19;True
2019-10-31 20:00:00+00:00;True;2.48;3.5;48.0;2019-10-31;2019;10;44;304;31;3;7292;92;20;True
2019-10-31 21:00:00+00:00;True;2.67;4.15;49.3;2019-10-31;2019;10;44;304;31;3;7293;93;21;True
2019-10-31 22:00:00+00:00;True;2.73;4.25;28.1;2019-10-31;2019;10;44;304;31;3;7294;94;22;True
2019-10-31 23:00:00+00:00;True;2.6;3.96;29.0;2019-10-31;2019;10;44;304;31;3;7295;95;23;True
2019-11-01 00:00:00+00:00;True;2.11;4.15;31.5;2019-11-01;2019;11;44;305;1;4;7296;96;0;True
2019-11-01 01:00:00+00:00;True;1.78;3.78;26.0;2019-11-01;2019;11;44;305;1;4;7297;97;1;True
2019-11-01 02:00:00+00:00;True;1.58;3.8;27.8;2019-11-01;2019;11;44;305;1;4;7298;98;2;True
2019-11-01 03:00:00+00:00;True;1.78;1.97;26.7;2019-11-01;2019;11;44;305;1;4;7299;99;3;True
2019-11-01 04:00:00+00:00;True;1.7;3.98;35.5;2019-11-01;2019;11;44;305;1;4;7300;100;4;True
2019-11-01 05:00:00+00:00;True;1.23;3.91;25.9;2019-11-01;2019;11;44;305;1;4;7301;101;5;True
2019-11-01 06:00:00+00:00;True;1.04;11.5;30.7;2019-11-01;2019;11;44;305;1;4;7302;102;6;True
2019-11-01 07:00:00+00:00;True;1.39;75.68;38.7;2019-11-01;2019;11;44;305;1;4;7303;103;7;True
2019-11-01 08:00:00+00:00;True;1.87;166.33;49.9;2019-11-01;2019;11;44;305;1;4;7304;104;8;True
2019-11-01 09:00:00+00:00;True;2.68;163.94;118.3;2019-11-01;2019;11;44;305;1;4;7305;105;9;True
2019-11-01 10:00:00+00:00;True;3.33;231.33;118.1;2019-11-01;2019;11;44;305;1;4;7306;106;10;True
2019-11-01 11:00:00+00:00;True;4.16;207.94;108.5;2019-11-01;2019;11;44;305;1;4;7307;107;11;True
2019-11-01 12:00:00+00:00;True;4.84;226.9;94.4;2019-11-01;2019;11;44;305;1;4;7308;108;12;True
2019-11-01 13:00:00+00:00;True;4.66;93.27;92.1;2019-11-01;2019;11;44;305;1;4;7309;109;13;True
2019-11-01 14:00:00+00:00;True;4.24;37.97;91.2;2019-11-01;2019;11;44;305;1;4;7310;110;14;True
2019-11-01 15:00:00+00:00;True;3.5;6.11;95.4;2019-11-01;2019;11;44;305;1;4;7311;111;15;True
2019-11-01 16:00:00+00:00;True;3.23;3.68;99.1;2019-11-01;2019;11;44;305;1;4;7312;112;16;True
2019-11-01 17:00:00+00:00;True;3.04;3.26;87.4;2019-11-01;2019;11;44;305;1;4;7313;113;17;True
2019-11-01 18:00:00+00:00;True;3.17;3.01;45.7;2019-11-01;2019;11;44;305;1;4;7314;114;18;True
2019-11-01 19:00:00+00:00;True;3.29;2.44;56.1;2019-11-01;2019;11;44;305;1;4;7315;115;19;True
2019-11-01 20:00:00+00:00;True;2.55;2.02;50.1;2019-11-01;2019;11;44;305;1;4;7316;116;20;True
2019-11-01 21:00:00+00:00;True;2.22;2.4;50.6;2019-11-01;2019;11;44;305;1;4;7317;117;21;True
2019-11-01 22:00:00+00:00;True;1.92;2.0;37.0;2019-11-01;2019;11;44;305;1;4;7318;118;22;True
2019-11-01 23:00:00+00:00;True;1.62;1.03;24.6;2019-11-01;2019;11;44;305;1;4;7319;119;23;True
2019-11-02 00:00:00+00:00;True;0.56;0.92;25.6;2019-11-02;2019;11;44;306;2;5;7320;120;0;False
2019-11-02 01:00:00+00:00;True;1.08;1.32;24.5;2019-11-02;2019;11;44;306;2;5;7321;121;1;False
2019-11-02 02:00:00+00:00;True;1.45;1.33;30.8;2019-11-02;2019;11;44;306;2;5;7322;122;2;False
2019-11-02 03:00:00+00:00;True;1.81;0.92;23.2;2019-11-02;2019;11;44;306;2;5;7323;123;3;False
2019-11-02 04:00:00+00:00;True;2.24;1.12;27.4;2019-11-02;2019;11;44;306;2;5;7324;124;4;False
2019-11-02 05:00:00+00:00;True;2.99;1.01;22.8;2019-11-02;2019;11;44;306;2;5;7325;125;5;False
2019-11-02 06:00:00+00:00;True;3.54;3.23;35.5;2019-11-02;2019;11;44;306;2;5;7326;126;6;False
2019-11-02 07:00:00+00:00;True;3.82;35.33;38.3;2019-11-02;2019;11;44;306;2;5;7327;127;7;False
2019-11-02 08:00:00+00:00;True;4.26;71.39;38.3;2019-11-02;2019;11;44;306;2;5;7328;128;8;False
2019-11-02 09:00:00+00:00;True;4.82;133.93;31.8;2019-11-02;2019;11;44;306;2;5;7329;129;9;False
2019-11-02 10:00:00+00:00;True;5.1;166.35;38.8;2019-11-02;2019;11;44;306;2;5;7330;130;10;False
2019-11-02 11:00:00+00:00;True;5.15;136.93;34.1;2019-11-02;2019;11;44;306;2;5;7331;131;11;False
2019-11-02 12:00:00+00:00;True;5.32;132.28;23.8;2019-11-02;2019;11;44;306;2;5;7332;132;12;False
2019-11-02 13:00:00+00:00;True;5.27;80.56;39.2;2019-11-02;2019;11;44;306;2;5;7333;133;13;False
2019-11-02 14:00:00+00:00;True;5.16;22.14;34.0;2019-11-02;2019;11;44;306;2;5;7334;134;14;False
2019-11-02 15:00:00+00:00;True;5.1;3.92;30.2;2019-11-02;2019;11;44;306;2;5;7335;135;15;False
2019-11-02 16:00:00+00:00;True;4.82;2.81;28.5;2019-11-02;2019;11;44;306;2;5;7336;136;16;False
2019-11-02 17:00:00+00:00;True;3.85;3.48;35.7;2019-11-02;2019;11;44;306;2;5;7337;137;17;False
2019-11-02 18:00:00+00:00;True;3.26;3.73;42.4;2019-11-02;2019;11;44;306;2;5;7338;138;18;False
2019-11-02 19:00:00+00:00;True;2.96;2.84;42.0;2019-11-02;2019;11;44;306;2;5;7339;139;19;False
2019-11-02 20:00:00+00:00;True;2.78;3.53;30.5;2019-11-02;2019;11;44;306;2;5;7340;140;20;False
2019-11-02 21:00:00+00:00;True;2.87;3.58;30.4;2019-11-02;2019;11;44;306;2;5;7341;141;21;False
2019-11-02 22:00:00+00:00;True;2.96;3.48;14.1;2019-11-02;2019;11;44;306;2;5;7342;142;22;False
2019-11-02 23:00:00+00:00;True;3.23;3.59;14.0;2019-11-02;2019;11;44;306;2;5;7343;143;23;False
2019-11-03 00:00:00+00:00;True;3.57;3.25;26.9;2019-11-03;2019;11;44;307;3;6;7344;144;0;False
2019-11-03 01:00:00+00:00;True;3.74;3.76;13.6;2019-11-03;2019;11;44;307;3;6;7345;145;1;False
2019-11-03 02:00:00+00:00;True;3.81;3.42;18.7;2019-11-03;2019;11;44;307;3;6;7346;146;2;False
2019-11-03 03:00:00+00:00;True;3.86;3.65;24.3;2019-11-03;2019;11;44;307;3;6;7347;147;3;False
2019-11-03 04:00:00+00:00;True;3.81;3.58;27.5;2019-11-03;2019;11;44;307;3;6;7348;148;4;False
2019-11-03 05:00:00+00:00;True;3.79;3.28;21.5;2019-11-03;2019;11;44;307;3;6;7349;149;5;False
2019-11-03 06:00:00+00:00;True;3.84;3.55;27.7;2019-11-03;2019;11;44;307;3;6;7350;150;6;False
2019-11-03 07:00:00+00:00;True;3.93;13.32;21.7;2019-11-03;2019;11;44;307;3;6;7351;151;7;False
2019-11-03 08:00:00+00:00;True;4.09;27.51;29.5;2019-11-03;2019;11;44;307;3;6;7352;152;8;False
2019-11-03 09:00:00+00:00;True;4.51;27.5;29.0;2019-11-03;2019;11;44;307;3;6;7353;153;9;False
2019-11-03 10:00:00+00:00;True;5.16;33.01;26.8;2019-11-03;2019;11;44;307;3;6;7354;154;10;False
2019-11-03 11:00:00+00:00;True;5.88;29.15;29.2;2019-11-03;2019;11;44;307;3;6;7355;155;11;False
2019-11-03 12:00:00+00:00;True;6.29;20.32;25.2;2019-11-03;2019;11;44;307;3;6;7356;156;12;False
2019-11-03 13:00:00+00:00;True;6.74;24.39;25.5;2019-11-03;2019;11;44;307;3;6;7357;157;13;False
2019-11-03 14:00:00+00:00;True;7.23;8.28;33.7;2019-11-03;2019;11;44;307;3;6;7358;158;14;False
2019-11-03 15:00:00+00:00;True;7.33;2.37;28.5;2019-11-03;2019;11;44;307;3;6;7359;159;15;False
2019-11-03 16:00:00+00:00;True;7.46;1.55;24.3;2019-11-03;2019;11;44;307;3;6;7360;160;16;False
2019-11-03 17:00:00+00:00;True;7.69;2.42;28.8;2019-11-03;2019;11;44;307;3;6;7361;161;17;False
2019-11-03 18:00:00+00:00;True;7.24;3.14;24.2;2019-11-03;2019;11;44;307;3;6;7362;162;18;False
2019-11-03 19:00:00+00:00;True;6.89;3.14;22.7;2019-11-03;2019;11;44;307;3;6;7363;163;19;False
2019-11-03 20:00:00+00:00;True;6.6;3.74;35.7;2019-11-03;2019;11;44;307;3;6;7364;164;20;False
2019-11-03 21:00:00+00:00;True;6.22;3.84;30.7;2019-11-03;2019;11;44;307;3;6;7365;165;21;False
2019-11-03 22:00:00+00:00;True;5.83;3.73;16.6;2019-11-03;2019;11;44;307;3;6;7366;166;22;False
2019-11-03 23:00:00+00:00;True;5.46;4.01;23.0;2019-11-03;2019;11;44;307;3;6;7367;167;23;False
2019-11-04 00:00:00+00:00;True;5.41;4.27;19.9;2019-11-04;2019;11;45;308;4;0;7368;0;0;True
2019-11-04 01:00:00+00:00;True;5.42;4.04;18.3;2019-11-04;2019;11;45;308;4;0;7369;1;1;True
2019-11-04 02:00:00+00:00;True;5.36;4.49;19.5;2019-11-04;2019;11;45;308;4;0;7370;2;2;True
2019-11-04 03:00:00+00:00;True;5.23;4.68;19.1;2019-11-04;2019;11;45;308;4;0;7371;3;3;True
2019-11-04 04:00:00+00:00;True;5.07;4.83;30.3;2019-11-04;2019;11;45;308;4;0;7372;4;4;True
2019-11-04 05:00:00+00:00;True;4.48;4.73;19.5;2019-11-04;2019;11;45;308;4;0;7373;5;5;True
2019-11-04 06:00:00+00:00;True;3.9;5.13;33.1;2019-11-04;2019;11;45;308;4;0;7374;6;6;True
2019-11-04 07:00:00+00:00;True;3.78;9.93;36.1;2019-11-04;2019;11;45;308;4;0;7375;7;7;True
2019-11-04 08:00:00+00:00;True;3.58;13.13;43.8;2019-11-04;2019;11;45;308;4;0;7376;8;8;True
2019-11-04 09:00:00+00:00;True;3.32;24.38;103.2;2019-11-04;2019;11;45;308;4;0;7377;9;9;True
2019-11-04 10:00:00+00:00;True;3.15;42.35;104.7;2019-11-04;2019;11;45;308;4;0;7378;10;10;True
2019-11-04 11:00:00+00:00;True;3.15;27.86;107.7;2019-11-04;2019;11;45;308;4;0;7379;11;11;True
2019-11-04 12:00:00+00:00;True;3.02;23.75;99.4;2019-11-04;2019;11;45;308;4;0;7380;12;12;True
2019-11-04 13:00:00+00:00;True;2.9;14.54;112.2;2019-11-04;2019;11;45;308;4;0;7381;13;13;True
2019-11-04 14:00:00+00:00;True;2.84;5.67;104.9;2019-11-04;2019;11;45;308;4;0;7382;14;14;True
2019-11-04 15:00:00+00:00;True;2.78;4.27;102.4;2019-11-04;2019;11;45;308;4;0;7383;15;15;True
2019-11-04 16:00:00+00:00;True;2.72;6.12;109.2;2019-11-04;2019;11;45;308;4;0;7384;16;16;True
2019-11-04 17:00:00+00:00;True;2.65;6.98;78.3;2019-11-04;2019;11;45;308;4;0;7385;17;17;True
2019-11-04 18:00:00+00:00;True;2.41;5.36;49.8;2019-11-04;2019;11;45;308;4;0;7386;18;18;True
2019-11-04 19:00:00+00:00;True;2.17;2.41;52.5;2019-11-04;2019;11;45;308;4;0;7387;19;19;True
2019-11-04 20:00:00+00:00;True;2.08;2.3;39.4;2019-11-04;2019;11;45;308;4;0;7388;20;20;True
2019-11-04 21:00:00+00:00;True;2.14;2.33;50.6;2019-11-04;2019;11;45;308;4;0;7389;21;21;True
2019-11-04 22:00:00+00:00;True;2.23;4.05;25.1;2019-11-04;2019;11;45;308;4;0;7390;22;22;True
2019-11-04 23:00:00+00:00;True;2.3;1.8;23.2;2019-11-04;2019;11;45;308;4;0;7391;23;23;True
2019-11-05 00:00:00+00:00;True;2.22;1.8;25.1;2019-11-05;2019;11;45;309;5;1;7392;24;0;True
2019-11-05 01:00:00+00:00;True;2.1;1.86;34.2;2019-11-05;2019;11;45;309;5;1;7393;25;1;True
2019-11-05 02:00:00+00:00;True;2.02;2.06;22.6;2019-11-05;2019;11;45;309;5;1;7394;26;2;True
2019-11-05 03:00:00+00:00;True;1.85;2.17;25.7;2019-11-05;2019;11;45;309;5;1;7395;27;3;True
2019-11-05 04:00:00+00:00;True;1.77;2.29;27.3;2019-11-05;2019;11;45;309;5;1;7396;28;4;True
2019-11-05 05:00:00+00:00;True;1.64;2.32;31.5;2019-11-05;2019;11;45;309;5;1;7397;29;5;True
2019-11-05 06:00:00+00:00;True;1.57;2.64;26.0;2019-11-05;2019;11;45;309;5;1;7398;30;6;True
2019-11-05 07:00:00+00:00;True;1.61;6.84;49.5;2019-11-05;2019;11;45;309;5;1;7399;31;7;True
2019-11-05 08:00:00+00:00;True;1.56;14.54;52.5;2019-11-05;2019;11;45;309;5;1;7400;32;8;True
2019-11-05 09:00:00+00:00;True;1.53;23.15;109.9;2019-11-05;2019;11;45;309;5;1;7401;33;9;True
2019-11-05 10:00:00+00:00;True;1.49;27.15;108.6;2019-11-05;2019;11;45;309;5;1;7402;34;10;True
2019-11-05 11:00:00+00:00;True;1.52;25.1;120.0;2019-11-05;2019;11;45;309;5;1;7403;35;11;True
2019-11-05 12:00:00+00:00;True;1.48;20.69;110.2;2019-11-05;2019;11;45;309;5;1;7404;36;12;True
2019-11-05 13:00:00+00:00;True;1.46;15.04;108.7;2019-11-05;2019;11;45;309;5;1;7405;37;13;True
2019-11-05 14:00:00+00:00;True;1.41;8.33;118.7;2019-11-05;2019;11;45;309;5;1;7406;38;14;True
2019-11-05 15:00:00+00:00;True;1.28;3.88;122.5;2019-11-05;2019;11;45;309;5;1;7407;39;15;True
2019-11-05 16:00:00+00:00;True;1.01;3.5;106.3;2019-11-05;2019;11;45;309;5;1;7408;40;16;True
2019-11-05 17:00:00+00:00;True;0.69;3.2;90.2;2019-11-05;2019;11;45;309;5;1;7409;41;17;True
2019-11-05 18:00:00+00:00;True;0.49;3.22;48.0;2019-11-05;2019;11;45;309;5;1;7410;42;18;True
2019-11-05 19:00:00+00:00;True;0.37;4.96;53.8;2019-11-05;2019;11;45;309;5;1;7411;43;19;True
2019-11-05 20:00:00+00:00;True;0.44;4.32;44.5;2019-11-05;2019;11;45;309;5;1;7412;44;20;True
2019-11-05 21:00:00+00:00;True;0.88;4.17;51.5;2019-11-05;2019;11;45;309;5;1;7413;45;21;True
2019-11-05 22:00:00+00:00;True;1.0;4.54;35.8;2019-11-05;2019;11;45;309;5;1;7414;46;22;True
2019-11-05 23:00:00+00:00;True;0.98;3.29;27.1;2019-11-05;2019;11;45;309;5;1;7415;47;23;True
2019-11-06 00:00:00+00:00;True;1.02;1.49;26.8;2019-11-06;2019;11;45;310;6;2;7416;48;0;True
2019-11-06 01:00:00+00:00;True;0.86;1.14;33.4;2019-11-06;2019;11;45;310;6;2;7417;49;1;True
2019-11-06 02:00:00+00:00;True;0.88;1.17;35.4;2019-11-06;2019;11;45;310;6;2;7418;50;2;True
2019-11-06 03:00:00+00:00;True;0.94;1.02;41.6;2019-11-06;2019;11;45;310;6;2;7419;51;3;True
2019-11-06 04:00:00+00:00;True;0.96;1.07;39.3;2019-11-06;2019;11;45;310;6;2;7420;52;4;True
2019-11-06 05:00:00+00:00;True;0.99;1.34;29.3;2019-11-06;2019;11;45;310;6;2;7421;53;5;True
2019-11-06 06:00:00+00:00;True;0.72;3.55;28.2;2019-11-06;2019;11;45;310;6;2;7422;54;6;True
2019-11-06 07:00:00+00:00;True;0.7;36.14;37.5;2019-11-06;2019;11;45;310;6;2;7423;55;7;True
2019-11-06 08:00:00+00:00;True;0.85;113.95;46.9;2019-11-06;2019;11;45;310;6;2;7424;56;8;True
2019-11-06 09:00:00+00:00;True;0.94;95.93;114.2;2019-11-06;2019;11;45;310;6;2;7425;57;9;True
2019-11-06 10:00:00+00:00;True;0.77;88.38;115.6;2019-11-06;2019;11;45;310;6;2;7426;58;10;True
2019-11-06 11:00:00+00:00;True;0.61;86.07;110.7;2019-11-06;2019;11;45;310;6;2;7427;59;11;True
2019-11-06 12:00:00+00:00;True;0.45;37.63;117.7;2019-11-06;2019;11;45;310;6;2;7428;60;12;True
2019-11-06 13:00:00+00:00;True;0.2;22.89;119.8;2019-11-06;2019;11;45;310;6;2;7429;61;13;True
2019-11-06 14:00:00+00:00;True;0.02;13.31;122.7;2019-11-06;2019;11;45;310;6;2;7430;62;14;True
2019-11-06 15:00:00+00:00;True;-0.25;4.93;122.1;2019-11-06;2019;11;45;310;6;2;7431;63;15;True
2019-11-06 16:00:00+00:00;True;-0.08;4.37;120.7;2019-11-06;2019;11;45;310;6;2;7432;64;16;True
2019-11-06 17:00:00+00:00;True;-0.09;4.1;108.6;2019-11-06;2019;11;45;310;6;2;7433;65;17;True
2019-11-06 18:00:00+00:00;True;-0.53;4.12;61.4;2019-11-06;2019;11;45;310;6;2;7434;66;18;True
2019-11-06 19:00:00+00:00;True;-0.76;3.99;45.8;2019-11-06;2019;11;45;310;6;2;7435;67;19;True
2019-11-06 20:00:00+00:00;True;-0.92;3.56;53.3;2019-11-06;2019;11;45;310;6;2;7436;68;20;True
2019-11-06 21:00:00+00:00;True;-0.96;4.01;46.9;2019-11-06;2019;11;45;310;6;2;7437;69;21;True
2019-11-06 22:00:00+00:00;True;-1.01;4.16;40.0;2019-11-06;2019;11;45;310;6;2;7438;70;22;True
2019-11-06 23:00:00+00:00;True;-1.09;3.35;36.2;2019-11-06;2019;11;45;310;6;2;7439;71;23;True
2019-11-07 00:00:00+00:00;True;-1.15;2.59;41.7;2019-11-07;2019;11;45;311;7;3;7440;72;0;True
2019-11-07 01:00:00+00:00;True;-1.15;2.79;27.8;2019-11-07;2019;11;45;311;7;3;7441;73;1;True
2019-11-07 02:00:00+00:00;True;-1.14;2.68;39.2;2019-11-07;2019;11;45;311;7;3;7442;74;2;True
2019-11-07 03:00:00+00:00;True;-1.12;2.98;29.2;2019-11-07;2019;11;45;311;7;3;7443;75;3;True
2019-11-07 04:00:00+00:00;True;-1.08;2.88;28.9;2019-11-07;2019;11;45;311;7;3;7444;76;4;True
2019-11-07 05:00:00+00:00;True;-0.94;2.76;38.7;2019-11-07;2019;11;45;311;7;3;7445;77;5;True
2019-11-07 06:00:00+00:00;True;-0.88;3.8;35.0;2019-11-07;2019;11;45;311;7;3;7446;78;6;True
2019-11-07 07:00:00+00:00;True;-0.86;18.03;39.6;2019-11-07;2019;11;45;311;7;3;7447;79;7;True
2019-11-07 08:00:00+00:00;True;-0.77;37.23;51.3;2019-11-07;2019;11;45;311;7;3;7448;80;8;True
2019-11-07 09:00:00+00:00;True;-0.67;61.65;137.3;2019-11-07;2019;11;45;311;7;3;7449;81;9;True
2019-11-07 10:00:00+00:00;True;-0.59;72.07;131.6;2019-11-07;2019;11;45;311;7;3;7450;82;10;True
2019-11-07 11:00:00+00:00;True;-0.31;79.53;114.1;2019-11-07;2019;11;45;311;7;3;7451;83;11;True
2019-11-07 12:00:00+00:00;True;-0.14;51.13;126.0;2019-11-07;2019;11;45;311;7;3;7452;84;12;True
2019-11-07 13:00:00+00:00;True;0.04;46.02;120.8;2019-11-07;2019;11;45;311;7;3;7453;85;13;True
2019-11-07 14:00:00+00:00;True;0.12;18.75;118.3;2019-11-07;2019;11;45;311;7;3;7454;86;14;True
2019-11-07 15:00:00+00:00;True;0.15;4.9;116.6;2019-11-07;2019;11;45;311;7;3;7455;87;15;True
2019-11-07 16:00:00+00:00;True;-0.02;4.66;111.3;2019-11-07;2019;11;45;311;7;3;7456;88;16;True
2019-11-07 17:00:00+00:00;True;-0.06;3.49;99.0;2019-11-07;2019;11;45;311;7;3;7457;89;17;True
2019-11-07 18:00:00+00:00;True;-0.11;4.85;54.1;2019-11-07;2019;11;45;311;7;3;7458;90;18;True
2019-11-07 19:00:00+00:00;True;-0.09;4.59;51.2;2019-11-07;2019;11;45;311;7;3;7459;91;19;True
2019-11-07 20:00:00+00:00;True;-0.05;4.92;49.7;2019-11-07;2019;11;45;311;7;3;7460;92;20;True
2019-11-07 21:00:00+00:00;True;0.02;4.08;42.9;2019-11-07;2019;11;45;311;7;3;7461;93;21;True
2019-11-07 22:00:00+00:00;True;0.08;4.38;37.3;2019-11-07;2019;11;45;311;7;3;7462;94;22;True
2019-11-07 23:00:00+00:00;True;0.05;3.85;26.9;2019-11-07;2019;11;45;311;7;3;7463;95;23;True
2019-11-08 00:00:00+00:00;True;0.15;4.3;27.3;2019-11-08;2019;11;45;312;8;4;7464;96;0;True
2019-11-08 01:00:00+00:00;True;0.2;4.39;24.6;2019-11-08;2019;11;45;312;8;4;7465;97;1;True
2019-11-08 02:00:00+00:00;True;0.3;4.36;24.4;2019-11-08;2019;11;45;312;8;4;7466;98;2;True
2019-11-08 03:00:00+00:00;True;0.43;4.0;25.4;2019-11-08;2019;11;45;312;8;4;7467;99;3;True
2019-11-08 04:00:00+00:00;True;0.55;4.11;34.4;2019-11-08;2019;11;45;312;8;4;7468;100;4;True
2019-11-08 05:00:00+00:00;True;0.77;4.23;28.2;2019-11-08;2019;11;45;312;8;4;7469;101;5;True
2019-11-08 06:00:00+00:00;True;0.92;5.59;38.6;2019-11-08;2019;11;45;312;8;4;7470;102;6;True
2019-11-08 07:00:00+00:00;True;1.16;19.72;51.5;2019-11-08;2019;11;45;312;8;4;7471;103;7;True
2019-11-08 08:00:00+00:00;True;1.77;42.44;56.4;2019-11-08;2019;11;45;312;8;4;7472;104;8;True
2019-11-08 09:00:00+00:00;True;2.5;66.68;111.0;2019-11-08;2019;11;45;312;8;4;7473;105;9;True
2019-11-08 10:00:00+00:00;True;3.22;90.04;107.6;2019-11-08;2019;11;45;312;8;4;7474;106;10;True
2019-11-08 11:00:00+00:00;True;3.92;85.28;111.7;2019-11-08;2019;11;45;312;8;4;7475;107;11;True
2019-11-08 12:00:00+00:00;True;4.45;102.66;96.9;2019-11-08;2019;11;45;312;8;4;7476;108;12;True
2019-11-08 13:00:00+00:00;True;4.81;64.55;93.5;2019-11-08;2019;11;45;312;8;4;7477;109;13;True
2019-11-08 14:00:00+00:00;True;4.88;20.45;95.1;2019-11-08;2019;11;45;312;8;4;7478;110;14;True
2019-11-08 15:00:00+00:00;True;4.94;4.02;90.1;2019-11-08;2019;11;45;312;8;4;7479;111;15;True
2019-11-08 16:00:00+00:00;True;5.0;2.5;91.1;2019-11-08;2019;11;45;312;8;4;7480;112;16;True
2019-11-08 17:00:00+00:00;True;5.11;2.17;78.2;2019-11-08;2019;11;45;312;8;4;7481;113;17;True
2019-11-08 18:00:00+00:00;True;5.35;1.12;34.6;2019-11-08;2019;11;45;312;8;4;7482;114;18;True
2019-11-08 19:00:00+00:00;True;4.84;0.84;36.1;2019-11-08;2019;11;45;312;8;4;7483;115;19;True
2019-11-08 20:00:00+00:00;True;4.05;0.93;31.5;2019-11-08;2019;11;45;312;8;4;7484;116;20;True
2019-11-08 21:00:00+00:00;True;3.73;1.41;38.8;2019-11-08;2019;11;45;312;8;4;7485;117;21;True
2019-11-08 22:00:00+00:00;True;3.54;2.57;38.5;2019-11-08;2019;11;45;312;8;4;7486;118;22;True
2019-11-08 23:00:00+00:00;True;3.57;3.85;30.7;2019-11-08;2019;11;45;312;8;4;7487;119;23;True
2019-11-09 00:00:00+00:00;True;3.83;4.22;25.9;2019-11-09;2019;11;45;313;9;5;7488;120;0;False
2019-11-09 01:00:00+00:00;True;4.31;4.09;25.0;2019-11-09;2019;11;45;313;9;5;7489;121;1;False
2019-11-09 02:00:00+00:00;True;4.5;3.95;27.8;2019-11-09;2019;11;45;313;9;5;7490;122;2;False
2019-11-09 03:00:00+00:00;True;4.89;4.14;26.0;2019-11-09;2019;11;45;313;9;5;7491;123;3;False
2019-11-09 04:00:00+00:00;True;5.02;4.02;20.0;2019-11-09;2019;11;45;313;9;5;7492;124;4;False
2019-11-09 05:00:00+00:00;True;5.35;3.69;33.4;2019-11-09;2019;11;45;313;9;5;7493;125;5;False
2019-11-09 06:00:00+00:00;True;5.33;4.14;23.6;2019-11-09;2019;11;45;313;9;5;7494;126;6;False
2019-11-09 07:00:00+00:00;True;5.4;7.43;37.6;2019-11-09;2019;11;45;313;9;5;7495;127;7;False
2019-11-09 08:00:00+00:00;True;5.73;16.1;38.5;2019-11-09;2019;11;45;313;9;5;7496;128;8;False
2019-11-09 09:00:00+00:00;True;5.73;26.85;28.5;2019-11-09;2019;11;45;313;9;5;7497;129;9;False
2019-11-09 10:00:00+00:00;True;5.82;48.11;30.0;2019-11-09;2019;11;45;313;9;5;7498;130;10;False
2019-11-09 11:00:00+00:00;True;5.62;32.75;28.9;2019-11-09;2019;11;45;313;9;5;7499;131;11;False
2019-11-09 12:00:00+00:00;True;5.67;40.75;30.0;2019-11-09;2019;11;45;313;9;5;7500;132;12;False
2019-11-09 13:00:00+00:00;True;5.87;19.64;26.4;2019-11-09;2019;11;45;313;9;5;7501;133;13;False
2019-11-09 14:00:00+00:00;True;5.91;10.91;31.3;2019-11-09;2019;11;45;313;9;5;7502;134;14;False
2019-11-09 15:00:00+00:00;True;5.85;3.44;35.6;2019-11-09;2019;11;45;313;9;5;7503;135;15;False
2019-11-09 16:00:00+00:00;True;5.88;3.28;37.6;2019-11-09;2019;11;45;313;9;5;7504;136;16;False
2019-11-09 17:00:00+00:00;True;5.93;2.78;39.4;2019-11-09;2019;11;45;313;9;5;7505;137;17;False
2019-11-09 18:00:00+00:00;True;5.98;2.72;28.2;2019-11-09;2019;11;45;313;9;5;7506;138;18;False
2019-11-09 19:00:00+00:00;True;6.1;3.12;36.4;2019-11-09;2019;11;45;313;9;5;7507;139;19;False
2019-11-09 20:00:00+00:00;True;6.21;3.2;37.7;2019-11-09;2019;11;45;313;9;5;7508;140;20;False
2019-11-09 21:00:00+00:00;True;6.26;3.35;38.5;2019-11-09;2019;11;45;313;9;5;7509;141;21;False
2019-11-09 22:00:00+00:00;True;6.45;3.53;13.7;2019-11-09;2019;11;45;313;9;5;7510;142;22;False
2019-11-09 23:00:00+00:00;True;6.78;3.64;12.1;2019-11-09;2019;11;45;313;9;5;7511;143;23;False
2019-11-10 00:00:00+00:00;True;7.31;3.25;23.9;2019-11-10;2019;11;45;314;10;6;7512;144;0;False
2019-11-10 01:00:00+00:00;True;7.5;2.04;12.5;2019-11-10;2019;11;45;314;10;6;7513;145;1;False
2019-11-10 02:00:00+00:00;True;7.88;0.99;18.4;2019-11-10;2019;11;45;314;10;6;7514;146;2;False
2019-11-10 03:00:00+00:00;True;8.18;0.88;18.4;2019-11-10;2019;11;45;314;10;6;7515;147;3;False
2019-11-10 04:00:00+00:00;True;8.42;1.64;11.7;2019-11-10;2019;11;45;314;10;6;7516;148;4;False
2019-11-10 05:00:00+00:00;True;8.4;2.67;12.9;2019-11-10;2019;11;45;314;10;6;7517;149;5;False
2019-11-10 06:00:00+00:00;True;8.43;3.15;12.5;2019-11-10;2019;11;45;314;10;6;7518;150;6;False
2019-11-10 07:00:00+00:00;True;8.6;7.23;21.9;2019-11-10;2019;11;45;314;10;6;7519;151;7;False
2019-11-10 08:00:00+00:00;True;9.22;35.09;28.0;2019-11-10;2019;11;45;314;10;6;7520;152;8;False
2019-11-10 09:00:00+00:00;True;10.45;82.53;30.1;2019-11-10;2019;11;45;314;10;6;7521;153;9;False
2019-11-10 10:00:00+00:00;True;10.8;52.17;30.7;2019-11-10;2019;11;45;314;10;6;7522;154;10;False
2019-11-10 11:00:00+00:00;True;10.64;112.04;28.1;2019-11-10;2019;11;45;314;10;6;7523;155;11;False
2019-11-10 12:00:00+00:00;True;10.43;57.72;25.3;2019-11-10;2019;11;45;314;10;6;7524;156;12;False
2019-11-10 13:00:00+00:00;True;9.99;61.33;23.3;2019-11-10;2019;11;45;314;10;6;7525;157;13;False
2019-11-10 14:00:00+00:00;True;9.55;23.49;20.0;2019-11-10;2019;11;45;314;10;6;7526;158;14;False
2019-11-10 15:00:00+00:00;True;8.86;4.55;24.8;2019-11-10;2019;11;45;314;10;6;7527;159;15;False
2019-11-10 16:00:00+00:00;True;8.53;3.07;31.6;2019-11-10;2019;11;45;314;10;6;7528;160;16;False
2019-11-10 17:00:00+00:00;True;8.28;3.88;19.8;2019-11-10;2019;11;45;314;10;6;7529;161;17;False
2019-11-10 18:00:00+00:00;True;8.24;3.71;32.8;2019-11-10;2019;11;45;314;10;6;7530;162;18;False
2019-11-10 19:00:00+00:00;True;8.12;3.26;21.6;2019-11-10;2019;11;45;314;10;6;7531;163;19;False
2019-11-10 20:00:00+00:00;True;7.9;3.38;26.6;2019-11-10;2019;11;45;314;10;6;7532;164;20;False
2019-11-10 21:00:00+00:00;True;7.51;4.27;25.7;2019-11-10;2019;11;45;314;10;6;7533;165;21;False
2019-11-10 22:00:00+00:00;True;7.18;4.24;11.7;2019-11-10;2019;11;45;314;10;6;7534;166;22;False
2019-11-10 23:00:00+00:00;True;6.83;3.69;28.0;2019-11-10;2019;11;45;314;10;6;7535;167;23;False
2019-11-11 00:00:00+00:00;True;6.3;4.41;15.8;2019-11-11;2019;11;46;315;11;0;7536;0;0;True
2019-11-11 01:00:00+00:00;True;6.04;4.12;18.1;2019-11-11;2019;11;46;315;11;0;7537;1;1;True
2019-11-11 02:00:00+00:00;True;5.74;3.85;25.3;2019-11-11;2019;11;46;315;11;0;7538;2;2;True
2019-11-11 03:00:00+00:00;True;5.61;3.79;20.6;2019-11-11;2019;11;46;315;11;0;7539;3;3;True
2019-11-11 04:00:00+00:00;True;5.53;4.02;18.6;2019-11-11;2019;11;46;315;11;0;7540;4;4;True
2019-11-11 05:00:00+00:00;True;5.09;3.74;24.2;2019-11-11;2019;11;46;315;11;0;7541;5;5;True
2019-11-11 06:00:00+00:00;True;4.3;4.02;30.0;2019-11-11;2019;11;46;315;11;0;7542;6;6;True
2019-11-11 07:00:00+00:00;True;4.08;9.39;38.4;2019-11-11;2019;11;46;315;11;0;7543;7;7;True
2019-11-11 08:00:00+00:00;True;3.8;13.43;29.2;2019-11-11;2019;11;46;315;11;0;7544;8;8;True
2019-11-11 09:00:00+00:00;True;3.89;38.98;93.8;2019-11-11;2019;11;46;315;11;0;7545;9;9;True
2019-11-11 10:00:00+00:00;True;3.76;49.3;95.3;2019-11-11;2019;11;46;315;11;0;7546;10;10;True
2019-11-11 11:00:00+00:00;True;3.67;61.72;96.5;2019-11-11;2019;11;46;315;11;0;7547;11;11;True
2019-11-11 12:00:00+00:00;True;3.44;34.24;100.7;2019-11-11;2019;11;46;315;11;0;7548;12;12;True
2019-11-11 13:00:00+00:00;True;3.59;21.39;104.3;2019-11-11;2019;11;46;315;11;0;7549;13;13;True
2019-11-11 14:00:00+00:00;True;3.33;9.44;93.5;2019-11-11;2019;11;46;315;11;0;7550;14;14;True
2019-11-11 15:00:00+00:00;True;3.04;3.7;98.7;2019-11-11;2019;11;46;315;11;0;7551;15;15;True
2019-11-11 16:00:00+00:00;True;2.88;3.24;96.3;2019-11-11;2019;11;46;315;11;0;7552;16;16;True
2019-11-11 17:00:00+00:00;True;2.97;3.63;112.0;2019-11-11;2019;11;46;315;11;0;7553;17;17;True
2019-11-11 18:00:00+00:00;True;3.12;3.55;41.1;2019-11-11;2019;11;46;315;11;0;7554;18;18;True
2019-11-11 19:00:00+00:00;True;3.24;3.58;53.0;2019-11-11;2019;11;46;315;11;0;7555;19;19;True
2019-11-11 20:00:00+00:00;True;3.22;3.34;44.3;2019-11-11;2019;11;46;315;11;0;7556;20;20;True
2019-11-11 21:00:00+00:00;True;3.45;3.41;41.5;2019-11-11;2019;11;46;315;11;0;7557;21;21;True
2019-11-11 22:00:00+00:00;True;3.78;3.6;41.1;2019-11-11;2019;11;46;315;11;0;7558;22;22;True
2019-11-11 23:00:00+00:00;True;3.94;3.88;24.4;2019-11-11;2019;11;46;315;11;0;7559;23;23;True
2019-11-12 00:00:00+00:00;True;4.1;4.08;23.8;2019-11-12;2019;11;46;316;12;1;7560;24;0;True
2019-11-12 01:00:00+00:00;True;3.9;4.03;34.4;2019-11-12;2019;11;46;316;12;1;7561;25;1;True
2019-11-12 02:00:00+00:00;True;3.92;4.52;22.4;2019-11-12;2019;11;46;316;12;1;7562;26;2;True
2019-11-12 03:00:00+00:00;True;3.97;4.41;24.8;2019-11-12;2019;11;46;316;12;1;7563;27;3;True
2019-11-12 04:00:00+00:00;True;3.99;4.73;23.6;2019-11-12;2019;11;46;316;12;1;7564;28;4;True
2019-11-12 05:00:00+00:00;True;3.94;4.02;25.8;2019-11-12;2019;11;46;316;12;1;7565;29;5;True
2019-11-12 06:00:00+00:00;True;3.91;4.66;33.4;2019-11-12;2019;11;46;316;12;1;7566;30;6;True
2019-11-12 07:00:00+00:00;True;4.16;19.12;36.1;2019-11-12;2019;11;46;316;12;1;7567;31;7;True
2019-11-12 08:00:00+00:00;True;4.47;37.62;29.9;2019-11-12;2019;11;46;316;12;1;7568;32;8;True
2019-11-12 09:00:00+00:00;True;5.3;100.97;100.8;2019-11-12;2019;11;46;316;12;1;7569;33;9;True
2019-11-12 10:00:00+00:00;True;6.12;209.64;106.7;2019-11-12;2019;11;46;316;12;1;7570;34;10;True
2019-11-12 11:00:00+00:00;True;6.49;191.36;85.7;2019-11-12;2019;11;46;316;12;1;7571;35;11;True
2019-11-12 12:00:00+00:00;True;6.35;94.27;94.6;2019-11-12;2019;11;46;316;12;1;7572;36;12;True
2019-11-12 13:00:00+00:00;True;6.0;58.18;93.2;2019-11-12;2019;11;46;316;12;1;7573;37;13;True
2019-11-12 14:00:00+00:00;True;5.36;15.48;90.8;2019-11-12;2019;11;46;316;12;1;7574;38;14;True
2019-11-12 15:00:00+00:00;True;5.0;1.3;104.9;2019-11-12;2019;11;46;316;12;1;7575;39;15;True
2019-11-12 16:00:00+00:00;True;5.09;1.05;26.7;2019-11-12;2019;11;46;316;12;1;7576;40;16;True
2019-11-12 17:00:00+00:00;True;5.15;1.61;60.3;2019-11-12;2019;11;46;316;12;1;7577;41;17;True
2019-11-12 18:00:00+00:00;True;5.3;1.98;46.9;2019-11-12;2019;11;46;316;12;1;7578;42;18;True
2019-11-12 19:00:00+00:00;True;5.17;1.14;35.1;2019-11-12;2019;11;46;316;12;1;7579;43;19;True
2019-11-12 20:00:00+00:00;True;5.02;1.4;50.2;2019-11-12;2019;11;46;316;12;1;7580;44;20;True
2019-11-12 21:00:00+00:00;True;4.92;1.21;47.3;2019-11-12;2019;11;46;316;12;1;7581;45;21;True
2019-11-12 22:00:00+00:00;True;4.82;1.32;14.9;2019-11-12;2019;11;46;316;12;1;7582;46;22;True
2019-11-12 23:00:00+00:00;True;5.12;1.0;17.9;2019-11-12;2019;11;46;316;12;1;7583;47;23;True
2019-11-13 00:00:00+00:00;True;5.71;1.38;18.1;2019-11-13;2019;11;46;317;13;2;7584;48;0;True
2019-11-13 01:00:00+00:00;True;5.66;1.48;20.1;2019-11-13;2019;11;46;317;13;2;7585;49;1;True
2019-11-13 02:00:00+00:00;True;5.49;1.52;18.2;2019-11-13;2019;11;46;317;13;2;7586;50;2;True
2019-11-13 03:00:00+00:00;True;5.3;1.27;27.2;2019-11-13;2019;11;46;317;13;2;7587;51;3;True
2019-11-13 04:00:00+00:00;True;5.37;1.46;24.8;2019-11-13;2019;11;46;317;13;2;7588;52;4;True
2019-11-13 05:00:00+00:00;True;5.6;1.22;19.0;2019-11-13;2019;11;46;317;13;2;7589;53;5;True
2019-11-13 06:00:00+00:00;True;5.42;1.65;16.0;2019-11-13;2019;11;46;317;13;2;7590;54;6;True
2019-11-13 07:00:00+00:00;True;5.45;6.25;29.4;2019-11-13;2019;11;46;317;13;2;7591;55;7;True
2019-11-13 08:00:00+00:00;True;5.49;18.28;46.4;2019-11-13;2019;11;46;317;13;2;7592;56;8;True
2019-11-13 09:00:00+00:00;True;5.84;24.51;112.5;2019-11-13;2019;11;46;317;13;2;7593;57;9;True
2019-11-13 10:00:00+00:00;True;6.25;30.11;84.3;2019-11-13;2019;11;46;317;13;2;7594;58;10;True
2019-11-13 11:00:00+00:00;True;6.88;18.0;79.8;2019-11-13;2019;11;46;317;13;2;7595;59;11;True
2019-11-13 12:00:00+00:00;True;7.46;14.59;88.4;2019-11-13;2019;11;46;317;13;2;7596;60;12;True
2019-11-13 13:00:00+00:00;True;7.84;10.92;75.0;2019-11-13;2019;11;46;317;13;2;7597;61;13;True
2019-11-13 14:00:00+00:00;True;8.01;2.25;74.9;2019-11-13;2019;11;46;317;13;2;7598;62;14;True
2019-11-13 15:00:00+00:00;True;8.28;0.41;79.2;2019-11-13;2019;11;46;317;13;2;7599;63;15;True
2019-11-13 16:00:00+00:00;True;8.41;0.37;79.1;2019-11-13;2019;11;46;317;13;2;7600;64;16;True
2019-11-13 17:00:00+00:00;True;8.47;0.6;54.8;2019-11-13;2019;11;46;317;13;2;7601;65;17;True
2019-11-13 18:00:00+00:00;True;8.62;0.51;42.3;2019-11-13;2019;11;46;317;13;2;7602;66;18;True
2019-11-13 19:00:00+00:00;True;9.03;0.16;36.8;2019-11-13;2019;11;46;317;13;2;7603;67;19;True
2019-11-13 20:00:00+00:00;True;10.25;0.25;29.1;2019-11-13;2019;11;46;317;13;2;7604;68;20;True
2019-11-13 21:00:00+00:00;True;11.05;0.61;26.4;2019-11-13;2019;11;46;317;13;2;7605;69;21;True
2019-11-13 22:00:00+00:00;True;10.92;0.8;9.4;2019-11-13;2019;11;46;317;13;2;7606;70;22;True
2019-11-13 23:00:00+00:00;True;10.55;0.73;19.7;2019-11-13;2019;11;46;317;13;2;7607;71;23;True
2019-11-14 00:00:00+00:00;True;9.8;0.83;12.9;2019-11-14;2019;11;46;318;14;3;7608;72;0;True
2019-11-14 01:00:00+00:00;True;9.47;0.81;14.2;2019-11-14;2019;11;46;318;14;3;7609;73;1;True
2019-11-14 02:00:00+00:00;True;9.34;0.65;12.7;2019-11-14;2019;11;46;318;14;3;7610;74;2;True
2019-11-14 03:00:00+00:00;True;9.12;0.65;14.4;2019-11-14;2019;11;46;318;14;3;7611;75;3;True
2019-11-14 04:00:00+00:00;True;8.84;0.62;27.3;2019-11-14;2019;11;46;318;14;3;7612;76;4;True
2019-11-14 05:00:00+00:00;True;8.71;0.42;15.9;2019-11-14;2019;11;46;318;14;3;7613;77;5;True
2019-11-14 06:00:00+00:00;True;8.61;0.51;16.6;2019-11-14;2019;11;46;318;14;3;7614;78;6;True
2019-11-14 07:00:00+00:00;True;8.98;8.76;23.1;2019-11-14;2019;11;46;318;14;3;7615;79;7;True
2019-11-14 08:00:00+00:00;True;9.5;37.65;36.5;2019-11-14;2019;11;46;318;14;3;7616;80;8;True
2019-11-14 09:00:00+00:00;True;10.0;44.05;69.9;2019-11-14;2019;11;46;318;14;3;7617;81;9;True
2019-11-14 10:00:00+00:00;True;10.59;63.6;68.1;2019-11-14;2019;11;46;318;14;3;7618;82;10;True
2019-11-14 11:00:00+00:00;True;10.89;85.42;76.5;2019-11-14;2019;11;46;318;14;3;7619;83;11;True
2019-11-14 12:00:00+00:00;True;11.11;45.8;48.3;2019-11-14;2019;11;46;318;14;3;7620;84;12;True
2019-11-14 13:00:00+00:00;True;11.12;18.82;56.5;2019-11-14;2019;11;46;318;14;3;7621;85;13;True
2019-11-14 14:00:00+00:00;True;11.12;5.62;48.8;2019-11-14;2019;11;46;318;14;3;7622;86;14;True
2019-11-14 15:00:00+00:00;True;11.17;0.87;48.4;2019-11-14;2019;11;46;318;14;3;7623;87;15;True
2019-11-14 16:00:00+00:00;True;10.77;0.21;69.7;2019-11-14;2019;11;46;318;14;3;7624;88;16;True
2019-11-14 17:00:00+00:00;True;9.82;0.16;56.6;2019-11-14;2019;11;46;318;14;3;7625;89;17;True
2019-11-14 18:00:00+00:00;True;9.61;0.04;21.8;2019-11-14;2019;11;46;318;14;3;7626;90;18;True
2019-11-14 19:00:00+00:00;True;8.92;0.41;36.6;2019-11-14;2019;11;46;318;14;3;7627;91;19;True
2019-11-14 20:00:00+00:00;True;8.19;0.53;23.5;2019-11-14;2019;11;46;318;14;3;7628;92;20;True
2019-11-14 21:00:00+00:00;True;7.55;0.64;28.1;2019-11-14;2019;11;46;318;14;3;7629;93;21;True
2019-11-14 22:00:00+00:00;True;6.77;0.95;24.0;2019-11-14;2019;11;46;318;14;3;7630;94;22;True
2019-11-14 23:00:00+00:00;True;6.51;1.28;22.0;2019-11-14;2019;11;46;318;14;3;7631;95;23;True
2019-11-15 00:00:00+00:00;True;6.04;1.14;23.1;2019-11-15;2019;11;46;319;15;4;7632;96;0;True
2019-11-15 01:00:00+00:00;True;5.63;0.9;15.5;2019-11-15;2019;11;46;319;15;4;7633;97;1;True
2019-11-15 02:00:00+00:00;True;5.48;0.93;28.4;2019-11-15;2019;11;46;319;15;4;7634;98;2;True
2019-11-15 03:00:00+00:00;True;5.1;0.82;34.3;2019-11-15;2019;11;46;319;15;4;7635;99;3;True
2019-11-15 04:00:00+00:00;True;4.74;0.83;32.3;2019-11-15;2019;11;46;319;15;4;7636;100;4;True
2019-11-15 05:00:00+00:00;True;4.23;0.61;22.6;2019-11-15;2019;11;46;319;15;4;7637;101;5;True
2019-11-15 06:00:00+00:00;True;4.02;0.86;23.1;2019-11-15;2019;11;46;319;15;4;7638;102;6;True
2019-11-15 07:00:00+00:00;True;3.77;12.1;38.3;2019-11-15;2019;11;46;319;15;4;7639;103;7;True
2019-11-15 08:00:00+00:00;True;3.97;42.69;48.8;2019-11-15;2019;11;46;319;15;4;7640;104;8;True
2019-11-15 09:00:00+00:00;True;4.49;72.39;95.7;2019-11-15;2019;11;46;319;15;4;7641;105;9;True
2019-11-15 10:00:00+00:00;True;4.8;99.14;89.8;2019-11-15;2019;11;46;319;15;4;7642;106;10;True
2019-11-15 11:00:00+00:00;True;5.0;106.27;94.9;2019-11-15;2019;11;46;319;15;4;7643;107;11;True
2019-11-15 12:00:00+00:00;True;5.14;91.54;90.0;2019-11-15;2019;11;46;319;15;4;7644;108;12;True
2019-11-15 13:00:00+00:00;True;5.13;49.77;84.5;2019-11-15;2019;11;46;319;15;4;7645;109;13;True
2019-11-15 14:00:00+00:00;True;4.87;11.63;84.7;2019-11-15;2019;11;46;319;15;4;7646;110;14;True
2019-11-15 15:00:00+00:00;True;4.23;0.92;24.9;2019-11-15;2019;11;46;319;15;4;7647;111;15;True
2019-11-15 16:00:00+00:00;True;3.79;0.76;22.8;2019-11-15;2019;11;46;319;15;4;7648;112;16;True
2019-11-15 17:00:00+00:00;True;3.85;1.22;22.0;2019-11-15;2019;11;46;319;15;4;7649;113;17;True
2019-11-15 18:00:00+00:00;True;3.95;1.03;83.7;2019-11-15;2019;11;46;319;15;4;7650;114;18;True
2019-11-15 19:00:00+00:00;True;4.02;1.01;28.4;2019-11-15;2019;11;46;319;15;4;7651;115;19;True
2019-11-15 20:00:00+00:00;True;4.11;0.81;30.9;2019-11-15;2019;11;46;319;15;4;7652;116;20;True
2019-11-15 21:00:00+00:00;True;4.0;0.86;19.0;2019-11-15;2019;11;46;319;15;4;7653;117;21;True
2019-11-15 22:00:00+00:00;True;4.02;1.33;15.9;2019-11-15;2019;11;46;319;15;4;7654;118;22;True
2019-11-15 23:00:00+00:00;True;4.02;1.33;23.9;2019-11-15;2019;11;46;319;15;4;7655;119;23;True
2019-11-16 00:00:00+00:00;True;3.95;1.66;13.3;2019-11-16;2019;11;46;320;16;5;7656;120;0;False
2019-11-16 01:00:00+00:00;True;4.03;1.3;24.3;2019-11-16;2019;11;46;320;16;5;7657;121;1;False
2019-11-16 02:00:00+00:00;True;4.08;1.18;18.9;2019-11-16;2019;11;46;320;16;5;7658;122;2;False
2019-11-16 03:00:00+00:00;True;4.1;1.21;15.0;2019-11-16;2019;11;46;320;16;5;7659;123;3;False
2019-11-16 04:00:00+00:00;True;4.08;1.14;17.3;2019-11-16;2019;11;46;320;16;5;7660;124;4;False
2019-11-16 05:00:00+00:00;True;3.98;1.01;15.2;2019-11-16;2019;11;46;320;16;5;7661;125;5;False
2019-11-16 06:00:00+00:00;True;3.9;1.1;15.2;2019-11-16;2019;11;46;320;16;5;7662;126;6;False
2019-11-16 07:00:00+00:00;True;3.83;7.72;23.4;2019-11-16;2019;11;46;320;16;5;7663;127;7;False
2019-11-16 08:00:00+00:00;True;3.65;19.02;19.7;2019-11-16;2019;11;46;320;16;5;7664;128;8;False
2019-11-16 09:00:00+00:00;True;3.64;38.21;23.6;2019-11-16;2019;11;46;320;16;5;7665;129;9;False
2019-11-16 10:00:00+00:00;True;3.77;44.61;36.5;2019-11-16;2019;11;46;320;16;5;7666;130;10;False
2019-11-16 11:00:00+00:00;True;3.75;58.26;32.1;2019-11-16;2019;11;46;320;16;5;7667;131;11;False
2019-11-16 12:00:00+00:00;True;3.88;24.93;30.9;2019-11-16;2019;11;46;320;16;5;7668;132;12;False
2019-11-16 13:00:00+00:00;True;3.88;14.5;32.0;2019-11-16;2019;11;46;320;16;5;7669;133;13;False
2019-11-16 14:00:00+00:00;True;3.89;2.79;20.9;2019-11-16;2019;11;46;320;16;5;7670;134;14;False
2019-11-16 15:00:00+00:00;True;3.73;0.85;31.8;2019-11-16;2019;11;46;320;16;5;7671;135;15;False
2019-11-16 16:00:00+00:00;True;3.62;1.34;20.7;2019-11-16;2019;11;46;320;16;5;7672;136;16;False
2019-11-16 17:00:00+00:00;True;3.89;1.17;25.6;2019-11-16;2019;11;46;320;16;5;7673;137;17;False
2019-11-16 18:00:00+00:00;True;4.06;1.1;33.8;2019-11-16;2019;11;46;320;16;5;7674;138;18;False
2019-11-16 19:00:00+00:00;True;4.08;1.32;30.9;2019-11-16;2019;11;46;320;16;5;7675;139;19;False
2019-11-16 20:00:00+00:00;True;4.06;1.26;22.7;2019-11-16;2019;11;46;320;16;5;7676;140;20;False
2019-11-16 21:00:00+00:00;True;4.26;1.01;35.1;2019-11-16;2019;11;46;320;16;5;7677;141;21;False
2019-11-16 22:00:00+00:00;True;4.56;0.93;12.1;2019-11-16;2019;11;46;320;16;5;7678;142;22;False
2019-11-16 23:00:00+00:00;True;4.92;1.1;16.3;2019-11-16;2019;11;46;320;16;5;7679;143;23;False
2019-11-17 00:00:00+00:00;True;5.01;1.52;23.3;2019-11-17;2019;11;46;321;17;6;7680;144;0;False
2019-11-17 01:00:00+00:00;True;5.22;1.16;13.1;2019-11-17;2019;11;46;321;17;6;7681;145;1;False
2019-11-17 02:00:00+00:00;True;5.54;1.14;21.2;2019-11-17;2019;11;46;321;17;6;7682;146;2;False
2019-11-17 03:00:00+00:00;True;5.79;1.02;17.5;2019-11-17;2019;11;46;321;17;6;7683;147;3;False
2019-11-17 04:00:00+00:00;True;6.08;0.87;12.2;2019-11-17;2019;11;46;321;17;6;7684;148;4;False
2019-11-17 05:00:00+00:00;True;6.43;0.43;12.4;2019-11-17;2019;11;46;321;17;6;7685;149;5;False
2019-11-17 06:00:00+00:00;True;6.7;0.52;15.8;2019-11-17;2019;11;46;321;17;6;7686;150;6;False
2019-11-17 07:00:00+00:00;True;7.01;2.26;21.4;2019-11-17;2019;11;46;321;17;6;7687;151;7;False
2019-11-17 08:00:00+00:00;True;7.72;11.1;29.5;2019-11-17;2019;11;46;321;17;6;7688;152;8;False
2019-11-17 09:00:00+00:00;True;8.25;29.79;34.7;2019-11-17;2019;11;46;321;17;6;7689;153;9;False
2019-11-17 10:00:00+00:00;True;8.52;34.79;18.9;2019-11-17;2019;11;46;321;17;6;7690;154;10;False
2019-11-17 11:00:00+00:00;True;9.08;72.33;17.0;2019-11-17;2019;11;46;321;17;6;7691;155;11;False
2019-11-17 12:00:00+00:00;True;9.2;54.81;13.7;2019-11-17;2019;11;46;321;17;6;7692;156;12;False
2019-11-17 13:00:00+00:00;True;8.96;43.25;13.1;2019-11-17;2019;11;46;321;17;6;7693;157;13;False
2019-11-17 14:00:00+00:00;True;8.69;9.18;16.0;2019-11-17;2019;11;46;321;17;6;7694;158;14;False
2019-11-17 15:00:00+00:00;True;8.11;0.03;13.1;2019-11-17;2019;11;46;321;17;6;7695;159;15;False
2019-11-17 16:00:00+00:00;True;7.62;0.19;26.5;2019-11-17;2019;11;46;321;17;6;7696;160;16;False
2019-11-17 17:00:00+00:00;True;7.49;0.22;29.4;2019-11-17;2019;11;46;321;17;6;7697;161;17;False
2019-11-17 18:00:00+00:00;True;7.33;0.14;26.4;2019-11-17;2019;11;46;321;17;6;7698;162;18;False
2019-11-17 19:00:00+00:00;True;6.8;0.15;29.3;2019-11-17;2019;11;46;321;17;6;7699;163;19;False
2019-11-17 20:00:00+00:00;True;6.57;0.05;27.9;2019-11-17;2019;11;46;321;17;6;7700;164;20;False
2019-11-17 21:00:00+00:00;True;6.19;0.12;28.1;2019-11-17;2019;11;46;321;17;6;7701;165;21;False
2019-11-17 22:00:00+00:00;True;6.11;0.81;14.6;2019-11-17;2019;11;46;321;17;6;7702;166;22;False
2019-11-17 23:00:00+00:00;True;6.09;0.64;14.0;2019-11-17;2019;11;46;321;17;6;7703;167;23;False
2019-11-18 00:00:00+00:00;True;5.93;0.07;23.5;2019-11-18;2019;11;47;322;18;0;7704;0;0;True
2019-11-18 01:00:00+00:00;True;5.52;0.1;11.8;2019-11-18;2019;11;47;322;18;0;7705;1;1;True
2019-11-18 02:00:00+00:00;True;5.05;0.29;12.8;2019-11-18;2019;11;47;322;18;0;7706;2;2;True
2019-11-18 03:00:00+00:00;True;4.31;0.57;13.7;2019-11-18;2019;11;47;322;18;0;7707;3;3;True
2019-11-18 04:00:00+00:00;True;4.5;0.73;22.7;2019-11-18;2019;11;47;322;18;0;7708;4;4;True
2019-11-18 05:00:00+00:00;True;4.83;0.62;19.6;2019-11-18;2019;11;47;322;18;0;7709;5;5;True
2019-11-18 06:00:00+00:00;True;5.1;0.67;23.2;2019-11-18;2019;11;47;322;18;0;7710;6;6;True
2019-11-18 07:00:00+00:00;True;5.38;3.51;19.8;2019-11-18;2019;11;47;322;18;0;7711;7;7;True
2019-11-18 08:00:00+00:00;True;5.96;11.84;23.7;2019-11-18;2019;11;47;322;18;0;7712;8;8;True
2019-11-18 09:00:00+00:00;True;6.56;18.61;93.0;2019-11-18;2019;11;47;322;18;0;7713;9;9;True
2019-11-18 10:00:00+00:00;True;7.05;20.46;84.1;2019-11-18;2019;11;47;322;18;0;7714;10;10;True
2019-11-18 11:00:00+00:00;True;7.56;24.32;79.7;2019-11-18;2019;11;47;322;18;0;7715;11;11;True
2019-11-18 12:00:00+00:00;True;7.66;20.08;82.2;2019-11-18;2019;11;47;322;18;0;7716;12;12;True
2019-11-18 13:00:00+00:00;True;7.59;9.83;71.6;2019-11-18;2019;11;47;322;18;0;7717;13;13;True
2019-11-18 14:00:00+00:00;True;7.54;2.08;82.9;2019-11-18;2019;11;47;322;18;0;7718;14;14;True
2019-11-18 15:00:00+00:00;True;7.44;0.44;73.5;2019-11-18;2019;11;47;322;18;0;7719;15;15;True
2019-11-18 16:00:00+00:00;True;6.98;0.5;79.6;2019-11-18;2019;11;47;322;18;0;7720;16;16;True
2019-11-18 17:00:00+00:00;True;6.92;0.39;57.9;2019-11-18;2019;11;47;322;18;0;7721;17;17;True
2019-11-18 18:00:00+00:00;True;7.04;0.39;27.8;2019-11-18;2019;11;47;322;18;0;7722;18;18;True
2019-11-18 19:00:00+00:00;True;7.22;0.16;57.4;2019-11-18;2019;11;47;322;18;0;7723;19;19;True
2019-11-18 20:00:00+00:00;True;7.3;0.48;43.1;2019-11-18;2019;11;47;322;18;0;7724;20;20;True
2019-11-18 21:00:00+00:00;True;7.29;0.55;28.4;2019-11-18;2019;11;47;322;18;0;7725;21;21;True
2019-11-18 22:00:00+00:00;True;7.35;0.59;12.2;2019-11-18;2019;11;47;322;18;0;7726;22;22;True
2019-11-18 23:00:00+00:00;True;7.16;0.85;25.4;2019-11-18;2019;11;47;322;18;0;7727;23;23;True
2019-11-19 00:00:00+00:00;True;7.0;1.01;20.1;2019-11-19;2019;11;47;323;19;1;7728;24;0;True
2019-11-19 01:00:00+00:00;True;6.98;0.96;14.7;2019-11-19;2019;11;47;323;19;1;7729;25;1;True
2019-11-19 02:00:00+00:00;True;6.83;1.03;14.9;2019-11-19;2019;11;47;323;19;1;7730;26;2;True
2019-11-19 03:00:00+00:00;True;6.58;1.16;14.8;2019-11-19;2019;11;47;323;19;1;7731;27;3;True
2019-11-19 04:00:00+00:00;True;6.31;1.11;28.3;2019-11-19;2019;11;47;323;19;1;7732;28;4;True
2019-11-19 05:00:00+00:00;True;6.08;0.94;27.8;2019-11-19;2019;11;47;323;19;1;7733;29;5;True
2019-11-19 06:00:00+00:00;True;5.95;0.93;15.4;2019-11-19;2019;11;47;323;19;1;7734;30;6;True
2019-11-19 07:00:00+00:00;True;6.02;3.78;40.5;2019-11-19;2019;11;47;323;19;1;7735;31;7;True
2019-11-19 08:00:00+00:00;True;6.21;10.9;32.2;2019-11-19;2019;11;47;323;19;1;7736;32;8;True
2019-11-19 09:00:00+00:00;True;6.01;18.97;90.5;2019-11-19;2019;11;47;323;19;1;7737;33;9;True
2019-11-19 10:00:00+00:00;True;5.62;35.5;80.2;2019-11-19;2019;11;47;323;19;1;7738;34;10;True
2019-11-19 11:00:00+00:00;True;5.38;34.43;87.5;2019-11-19;2019;11;47;323;19;1;7739;35;11;True
2019-11-19 12:00:00+00:00;True;5.1;28.41;79.5;2019-11-19;2019;11;47;323;19;1;7740;36;12;True
2019-11-19 13:00:00+00:00;True;4.8;17.2;91.0;2019-11-19;2019;11;47;323;19;1;7741;37;13;True
2019-11-19 14:00:00+00:00;True;4.61;6.32;85.1;2019-11-19;2019;11;47;323;19;1;7742;38;14;True
2019-11-19 15:00:00+00:00;True;4.53;3.68;99.0;2019-11-19;2019;11;47;323;19;1;7743;39;15;True
2019-11-19 16:00:00+00:00;True;4.28;3.98;91.2;2019-11-19;2019;11;47;323;19;1;7744;40;16;True
2019-11-19 17:00:00+00:00;True;3.97;4.34;71.0;2019-11-19;2019;11;47;323;19;1;7745;41;17;True
2019-11-19 18:00:00+00:00;True;4.01;5.4;33.3;2019-11-19;2019;11;47;323;19;1;7746;42;18;True
2019-11-19 19:00:00+00:00;True;3.95;4.99;49.2;2019-11-19;2019;11;47;323;19;1;7747;43;19;True
2019-11-19 20:00:00+00:00;True;3.99;3.86;42.1;2019-11-19;2019;11;47;323;19;1;7748;44;20;True
2019-11-19 21:00:00+00:00;True;3.98;4.41;43.4;2019-11-19;2019;11;47;323;19;1;7749;45;21;True
2019-11-19 22:00:00+00:00;True;3.99;4.53;17.2;2019-11-19;2019;11;47;323;19;1;7750;46;22;True
2019-11-19 23:00:00+00:00;True;3.99;4.79;18.2;2019-11-19;2019;11;47;323;19;1;7751;47;23;True
2019-11-20 00:00:00+00:00;True;3.96;4.99;23.6;2019-11-20;2019;11;47;324;20;2;7752;48;0;True
2019-11-20 01:00:00+00:00;True;3.89;4.87;18.3;2019-11-20;2019;11;47;324;20;2;7753;49;1;True
2019-11-20 02:00:00+00:00;True;3.95;4.78;29.8;2019-11-20;2019;11;47;324;20;2;7754;50;2;True
2019-11-20 03:00:00+00:00;True;4.02;4.61;21.9;2019-11-20;2019;11;47;324;20;2;7755;51;3;True
2019-11-20 04:00:00+00:00;True;4.07;4.37;17.6;2019-11-20;2019;11;47;324;20;2;7756;52;4;True
2019-11-20 05:00:00+00:00;True;3.91;4.15;30.1;2019-11-20;2019;11;47;324;20;2;7757;53;5;True
2019-11-20 06:00:00+00:00;True;3.91;3.79;36.0;2019-11-20;2019;11;47;324;20;2;7758;54;6;True
2019-11-20 07:00:00+00:00;True;3.99;6.22;30.8;2019-11-20;2019;11;47;324;20;2;7759;55;7;True
2019-11-20 08:00:00+00:00;True;4.08;12.83;38.4;2019-11-20;2019;11;47;324;20;2;7760;56;8;True
2019-11-20 09:00:00+00:00;True;4.16;23.77;92.3;2019-11-20;2019;11;47;324;20;2;7761;57;9;True
2019-11-20 10:00:00+00:00;True;4.34;25.3;100.4;2019-11-20;2019;11;47;324;20;2;7762;58;10;True
2019-11-20 11:00:00+00:00;True;4.41;26.52;88.6;2019-11-20;2019;11;47;324;20;2;7763;59;11;True
2019-11-20 12:00:00+00:00;True;4.71;19.52;89.1;2019-11-20;2019;11;47;324;20;2;7764;60;12;True
2019-11-20 13:00:00+00:00;True;5.08;17.92;99.1;2019-11-20;2019;11;47;324;20;2;7765;61;13;True
2019-11-20 14:00:00+00:00;True;5.08;8.16;96.5;2019-11-20;2019;11;47;324;20;2;7766;62;14;True
2019-11-20 15:00:00+00:00;True;4.73;4.15;117.9;2019-11-20;2019;11;47;324;20;2;7767;63;15;True
2019-11-20 16:00:00+00:00;True;4.58;3.75;102.9;2019-11-20;2019;11;47;324;20;2;7768;64;16;True
2019-11-20 17:00:00+00:00;True;4.83;3.94;96.9;2019-11-20;2019;11;47;324;20;2;7769;65;17;True
2019-11-20 18:00:00+00:00;True;5.08;4.2;54.2;2019-11-20;2019;11;47;324;20;2;7770;66;18;True
2019-11-20 19:00:00+00:00;True;4.96;3.41;67.5;2019-11-20;2019;11;47;324;20;2;7771;67;19;True
2019-11-20 20:00:00+00:00;True;4.68;3.39;52.6;2019-11-20;2019;11;47;324;20;2;7772;68;20;True
2019-11-20 21:00:00+00:00;True;4.42;4.07;57.1;2019-11-20;2019;11;47;324;20;2;7773;69;21;True
2019-11-20 22:00:00+00:00;True;4.46;4.43;40.0;2019-11-20;2019;11;47;324;20;2;7774;70;22;True
2019-11-20 23:00:00+00:00;True;4.05;4.88;28.4;2019-11-20;2019;11;47;324;20;2;7775;71;23;True
2019-11-21 00:00:00+00:00;True;3.31;4.55;26.7;2019-11-21;2019;11;47;325;21;3;7776;72;0;True
2019-11-21 01:00:00+00:00;True;2.42;4.88;30.9;2019-11-21;2019;11;47;325;21;3;7777;73;1;True
2019-11-21 02:00:00+00:00;True;1.76;4.85;33.1;2019-11-21;2019;11;47;325;21;3;7778;74;2;True
2019-11-21 03:00:00+00:00;True;2.06;4.41;34.3;2019-11-21;2019;11;47;325;21;3;7779;75;3;True
2019-11-21 04:00:00+00:00;True;2.49;4.38;36.3;2019-11-21;2019;11;47;325;21;3;7780;76;4;True
2019-11-21 05:00:00+00:00;True;3.06;4.21;37.9;2019-11-21;2019;11;47;325;21;3;7781;77;5;True
2019-11-21 06:00:00+00:00;True;3.41;3.78;42.8;2019-11-21;2019;11;47;325;21;3;7782;78;6;True
2019-11-21 07:00:00+00:00;True;3.89;8.42;44.1;2019-11-21;2019;11;47;325;21;3;7783;79;7;True
2019-11-21 08:00:00+00:00;True;4.3;27.22;50.9;2019-11-21;2019;11;47;325;21;3;7784;80;8;True
2019-11-21 09:00:00+00:00;True;4.62;38.21;126.3;2019-11-21;2019;11;47;325;21;3;7785;81;9;True
2019-11-21 10:00:00+00:00;True;4.81;43.64;35.0;2019-11-21;2019;11;47;325;21;3;7786;82;10;True
2019-11-21 11:00:00+00:00;True;4.84;38.43;30.3;2019-11-21;2019;11;47;325;21;3;7787;83;11;True
2019-11-21 12:00:00+00:00;True;4.86;27.07;34.9;2019-11-21;2019;11;47;325;21;3;7788;84;12;True
2019-11-21 13:00:00+00:00;True;4.95;29.75;33.6;2019-11-21;2019;11;47;325;21;3;7789;85;13;True
2019-11-21 14:00:00+00:00;True;4.3;9.78;92.9;2019-11-21;2019;11;47;325;21;3;7790;86;14;True
2019-11-21 15:00:00+00:00;True;3.77;4.24;110.7;2019-11-21;2019;11;47;325;21;3;7791;87;15;True
2019-11-21 16:00:00+00:00;True;3.47;3.42;128.6;2019-11-21;2019;11;47;325;21;3;7792;88;16;True
2019-11-21 17:00:00+00:00;True;3.26;3.77;100.9;2019-11-21;2019;11;47;325;21;3;7793;89;17;True
2019-11-21 18:00:00+00:00;True;3.19;2.78;52.8;2019-11-21;2019;11;47;325;21;3;7794;90;18;True
2019-11-21 19:00:00+00:00;True;3.16;3.68;55.5;2019-11-21;2019;11;47;325;21;3;7795;91;19;True
2019-11-21 20:00:00+00:00;True;3.11;3.57;53.9;2019-11-21;2019;11;47;325;21;3;7796;92;20;True
2019-11-21 21:00:00+00:00;True;2.82;3.3;52.2;2019-11-21;2019;11;47;325;21;3;7797;93;21;True
2019-11-21 22:00:00+00:00;True;2.22;4.12;41.4;2019-11-21;2019;11;47;325;21;3;7798;94;22;True
2019-11-21 23:00:00+00:00;True;1.75;4.53;36.5;2019-11-21;2019;11;47;325;21;3;7799;95;23;True
2019-11-22 00:00:00+00:00;True;1.28;4.65;32.0;2019-11-22;2019;11;47;326;22;4;7800;96;0;True
2019-11-22 01:00:00+00:00;True;0.57;4.89;40.1;2019-11-22;2019;11;47;326;22;4;7801;97;1;True
2019-11-22 02:00:00+00:00;True;0.13;4.55;32.7;2019-11-22;2019;11;47;326;22;4;7802;98;2;True
2019-11-22 03:00:00+00:00;True;-0.13;5.27;43.8;2019-11-22;2019;11;47;326;22;4;7803;99;3;True
2019-11-22 04:00:00+00:00;True;-0.65;5.01;37.8;2019-11-22;2019;11;47;326;22;4;7804;100;4;True
2019-11-22 05:00:00+00:00;True;-1.23;4.94;35.1;2019-11-22;2019;11;47;326;22;4;7805;101;5;True
2019-11-22 06:00:00+00:00;True;-1.56;4.92;38.7;2019-11-22;2019;11;47;326;22;4;7806;102;6;True
2019-11-22 07:00:00+00:00;True;-1.92;9.56;57.3;2019-11-22;2019;11;47;326;22;4;7807;103;7;True
2019-11-22 08:00:00+00:00;True;-2.22;31.58;63.9;2019-11-22;2019;11;47;326;22;4;7808;104;8;True
2019-11-22 09:00:00+00:00;True;-2.44;56.39;153.0;2019-11-22;2019;11;47;326;22;4;7809;105;9;True
2019-11-22 10:00:00+00:00;True;-2.87;82.76;151.6;2019-11-22;2019;11;47;326;22;4;7810;106;10;True
2019-11-22 11:00:00+00:00;True;-3.17;110.06;155.3;2019-11-22;2019;11;47;326;22;4;7811;107;11;True
2019-11-22 12:00:00+00:00;True;-2.76;127.64;147.2;2019-11-22;2019;11;47;326;22;4;7812;108;12;True
2019-11-22 13:00:00+00:00;True;-2.66;58.34;158.9;2019-11-22;2019;11;47;326;22;4;7813;109;13;True
2019-11-22 14:00:00+00:00;True;-2.79;11.72;162.7;2019-11-22;2019;11;47;326;22;4;7814;110;14;True
2019-11-22 15:00:00+00:00;True;-2.82;4.72;173.5;2019-11-22;2019;11;47;326;22;4;7815;111;15;True
2019-11-22 16:00:00+00:00;True;-2.64;6.34;164.5;2019-11-22;2019;11;47;326;22;4;7816;112;16;True
2019-11-22 17:00:00+00:00;True;-2.41;6.08;126.8;2019-11-22;2019;11;47;326;22;4;7817;113;17;True
2019-11-22 18:00:00+00:00;True;-2.1;5.39;62.4;2019-11-22;2019;11;47;326;22;4;7818;114;18;True
2019-11-22 19:00:00+00:00;True;-1.89;5.05;69.3;2019-11-22;2019;11;47;326;22;4;7819;115;19;True
2019-11-22 20:00:00+00:00;True;-1.78;5.36;123.6;2019-11-22;2019;11;47;326;22;4;7820;116;20;True
2019-11-22 21:00:00+00:00;True;-1.72;5.26;61.3;2019-11-22;2019;11;47;326;22;4;7821;117;21;True
2019-11-22 22:00:00+00:00;True;-1.67;5.15;37.7;2019-11-22;2019;11;47;326;22;4;7822;118;22;True
2019-11-22 23:00:00+00:00;True;-1.74;5.21;43.3;2019-11-22;2019;11;47;326;22;4;7823;119;23;True
2019-11-23 00:00:00+00:00;True;-1.93;5.7;43.3;2019-11-23;2019;11;47;327;23;5;7824;120;0;False
2019-11-23 01:00:00+00:00;True;-2.08;5.73;44.9;2019-11-23;2019;11;47;327;23;5;7825;121;1;False
2019-11-23 02:00:00+00:00;True;-2.21;5.31;41.0;2019-11-23;2019;11;47;327;23;5;7826;122;2;False
2019-11-23 03:00:00+00:00;True;-2.5;5.27;41.0;2019-11-23;2019;11;47;327;23;5;7827;123;3;False
2019-11-23 04:00:00+00:00;True;-2.7;5.46;39.0;2019-11-23;2019;11;47;327;23;5;7828;124;4;False
2019-11-23 05:00:00+00:00;True;-2.9;5.15;42.3;2019-11-23;2019;11;47;327;23;5;7829;125;5;False
2019-11-23 06:00:00+00:00;True;-3.29;5.34;44.0;2019-11-23;2019;11;47;327;23;5;7830;126;6;False
2019-11-23 07:00:00+00:00;True;-3.83;15.46;71.6;2019-11-23;2019;11;47;327;23;5;7831;127;7;False
2019-11-23 08:00:00+00:00;True;-4.36;65.47;50.8;2019-11-23;2019;11;47;327;23;5;7832;128;8;False
2019-11-23 09:00:00+00:00;True;-4.48;115.25;49.7;2019-11-23;2019;11;47;327;23;5;7833;129;9;False
2019-11-23 10:00:00+00:00;True;-4.84;103.81;50.6;2019-11-23;2019;11;47;327;23;5;7834;130;10;False
2019-11-23 11:00:00+00:00;True;-4.97;92.2;51.2;2019-11-23;2019;11;47;327;23;5;7835;131;11;False
2019-11-23 12:00:00+00:00;True;-4.8;83.28;53.2;2019-11-23;2019;11;47;327;23;5;7836;132;12;False
2019-11-23 13:00:00+00:00;True;-4.82;38.62;48.4;2019-11-23;2019;11;47;327;23;5;7837;133;13;False
2019-11-23 14:00:00+00:00;True;-4.81;11.44;58.2;2019-11-23;2019;11;47;327;23;5;7838;134;14;False
2019-11-23 15:00:00+00:00;True;-4.62;4.91;52.9;2019-11-23;2019;11;47;327;23;5;7839;135;15;False
2019-11-23 16:00:00+00:00;True;-4.8;5.27;56.4;2019-11-23;2019;11;47;327;23;5;7840;136;16;False
2019-11-23 17:00:00+00:00;True;-5.35;4.61;50.8;2019-11-23;2019;11;47;327;23;5;7841;137;17;False
2019-11-23 18:00:00+00:00;True;-5.83;5.71;57.0;2019-11-23;2019;11;47;327;23;5;7842;138;18;False
2019-11-23 19:00:00+00:00;True;-6.08;5.28;51.0;2019-11-23;2019;11;47;327;23;5;7843;139;19;False
2019-11-23 20:00:00+00:00;True;-6.08;6.46;53.9;2019-11-23;2019;11;47;327;23;5;7844;140;20;False
2019-11-23 21:00:00+00:00;True;-5.88;6.01;51.0;2019-11-23;2019;11;47;327;23;5;7845;141;21;False
2019-11-23 22:00:00+00:00;True;-5.47;5.82;18.7;2019-11-23;2019;11;47;327;23;5;7846;142;22;False
2019-11-23 23:00:00+00:00;True;-5.23;5.77;36.5;2019-11-23;2019;11;47;327;23;5;7847;143;23;False
2019-11-24 00:00:00+00:00;True;-5.14;5.91;27.2;2019-11-24;2019;11;47;328;24;6;7848;144;0;False
2019-11-24 01:00:00+00:00;True;-5.02;6.27;26.8;2019-11-24;2019;11;47;328;24;6;7849;145;1;False
2019-11-24 02:00:00+00:00;True;-5.23;5.97;27.1;2019-11-24;2019;11;47;328;24;6;7850;146;2;False
2019-11-24 03:00:00+00:00;True;-5.19;5.83;29.4;2019-11-24;2019;11;47;328;24;6;7851;147;3;False
2019-11-24 04:00:00+00:00;True;-5.08;5.74;34.0;2019-11-24;2019;11;47;328;24;6;7852;148;4;False
2019-11-24 05:00:00+00:00;True;-4.88;5.41;35.6;2019-11-24;2019;11;47;328;24;6;7853;149;5;False
2019-11-24 06:00:00+00:00;True;-4.96;5.03;26.8;2019-11-24;2019;11;47;328;24;6;7854;150;6;False
2019-11-24 07:00:00+00:00;True;-5.49;14.35;49.5;2019-11-24;2019;11;47;328;24;6;7855;151;7;False
2019-11-24 08:00:00+00:00;True;-5.41;67.05;53.3;2019-11-24;2019;11;47;328;24;6;7856;152;8;False
2019-11-24 09:00:00+00:00;True;-4.81;91.99;53.4;2019-11-24;2019;11;47;328;24;6;7857;153;9;False
2019-11-24 10:00:00+00:00;True;-4.28;122.05;51.7;2019-11-24;2019;11;47;328;24;6;7858;154;10;False
2019-11-24 11:00:00+00:00;True;-4.14;115.01;57.5;2019-11-24;2019;11;47;328;24;6;7859;155;11;False
2019-11-24 12:00:00+00:00;True;-4.36;88.33;49.8;2019-11-24;2019;11;47;328;24;6;7860;156;12;False
2019-11-24 13:00:00+00:00;True;-4.61;42.39;47.1;2019-11-24;2019;11;47;328;24;6;7861;157;13;False
2019-11-24 14:00:00+00:00;True;-4.63;11.9;53.1;2019-11-24;2019;11;47;328;24;6;7862;158;14;False
2019-11-24 15:00:00+00:00;True;-4.75;4.17;58.3;2019-11-24;2019;11;47;328;24;6;7863;159;15;False
2019-11-24 16:00:00+00:00;True;-4.85;4.82;51.5;2019-11-24;2019;11;47;328;24;6;7864;160;16;False
2019-11-24 17:00:00+00:00;True;-4.95;4.6;58.8;2019-11-24;2019;11;47;328;24;6;7865;161;17;False
2019-11-24 18:00:00+00:00;True;-5.22;4.89;50.6;2019-11-24;2019;11;47;328;24;6;7866;162;18;False
2019-11-24 19:00:00+00:00;True;-5.46;4.72;51.1;2019-11-24;2019;11;47;328;24;6;7867;163;19;False
2019-11-24 20:00:00+00:00;True;-5.59;4.66;52.5;2019-11-24;2019;11;47;328;24;6;7868;164;20;False
2019-11-24 21:00:00+00:00;True;-5.81;4.77;52.6;2019-11-24;2019;11;47;328;24;6;7869;165;21;False
2019-11-24 22:00:00+00:00;True;-5.8;4.8;47.2;2019-11-24;2019;11;47;328;24;6;7870;166;22;False
2019-11-24 23:00:00+00:00;True;-5.92;5.25;44.5;2019-11-24;2019;11;47;328;24;6;7871;167;23;False
2019-11-25 00:00:00+00:00;True;-5.86;5.57;44.8;2019-11-25;2019;11;48;329;25;0;7872;0;0;True
2019-11-25 01:00:00+00:00;True;-5.96;5.13;46.2;2019-11-25;2019;11;48;329;25;0;7873;1;1;True
2019-11-25 02:00:00+00:00;True;-6.05;5.13;51.0;2019-11-25;2019;11;48;329;25;0;7874;2;2;True
2019-11-25 03:00:00+00:00;True;-6.35;5.2;48.1;2019-11-25;2019;11;48;329;25;0;7875;3;3;True
2019-11-25 04:00:00+00:00;True;-6.72;5.26;53.7;2019-11-25;2019;11;48;329;25;0;7876;4;4;True
2019-11-25 05:00:00+00:00;True;-6.83;5.03;51.4;2019-11-25;2019;11;48;329;25;0;7877;5;5;True
2019-11-25 06:00:00+00:00;True;-7.17;5.02;50.6;2019-11-25;2019;11;48;329;25;0;7878;6;6;True
2019-11-25 07:00:00+00:00;True;-7.48;14.86;66.0;2019-11-25;2019;11;48;329;25;0;7879;7;7;True
2019-11-25 08:00:00+00:00;True;-7.24;64.76;58.6;2019-11-25;2019;11;48;329;25;0;7880;8;8;True
2019-11-25 09:00:00+00:00;True;-6.36;109.44;209.0;2019-11-25;2019;11;48;329;25;0;7881;9;9;True
2019-11-25 10:00:00+00:00;True;-5.59;154.64;201.2;2019-11-25;2019;11;48;329;25;0;7882;10;10;True
2019-11-25 11:00:00+00:00;True;-4.76;150.39;200.8;2019-11-25;2019;11;48;329;25;0;7883;11;11;True
2019-11-25 12:00:00+00:00;True;-5.14;103.59;188.1;2019-11-25;2019;11;48;329;25;0;7884;12;12;True
2019-11-25 13:00:00+00:00;True;-5.07;54.2;193.0;2019-11-25;2019;11;48;329;25;0;7885;13;13;True
2019-11-25 14:00:00+00:00;True;-4.87;11.75;172.2;2019-11-25;2019;11;48;329;25;0;7886;14;14;True
2019-11-25 15:00:00+00:00;True;-4.27;4.7;174.5;2019-11-25;2019;11;48;329;25;0;7887;15;15;True
2019-11-25 16:00:00+00:00;True;-3.68;4.81;159.0;2019-11-25;2019;11;48;329;25;0;7888;16;16;True
2019-11-25 17:00:00+00:00;True;-3.57;4.6;134.7;2019-11-25;2019;11;48;329;25;0;7889;17;17;True
2019-11-25 18:00:00+00:00;True;-3.53;4.7;77.6;2019-11-25;2019;11;48;329;25;0;7890;18;18;True
2019-11-25 19:00:00+00:00;True;-3.48;4.39;79.4;2019-11-25;2019;11;48;329;25;0;7891;19;19;True
2019-11-25 20:00:00+00:00;True;-3.41;3.6;71.3;2019-11-25;2019;11;48;329;25;0;7892;20;20;True
2019-11-25 21:00:00+00:00;True;-3.45;5.2;73.1;2019-11-25;2019;11;48;329;25;0;7893;21;21;True
2019-11-25 22:00:00+00:00;True;-3.3;4.85;53.0;2019-11-25;2019;11;48;329;25;0;7894;22;22;True
2019-11-25 23:00:00+00:00;True;-3.15;5.04;45.1;2019-11-25;2019;11;48;329;25;0;7895;23;23;True
2019-11-26 00:00:00+00:00;True;-3.15;5.27;48.6;2019-11-26;2019;11;48;330;26;1;7896;24;0;True
2019-11-26 01:00:00+00:00;True;-3.37;5.44;46.0;2019-11-26;2019;11;48;330;26;1;7897;25;1;True
2019-11-26 02:00:00+00:00;True;-3.47;5.45;44.3;2019-11-26;2019;11;48;330;26;1;7898;26;2;True
2019-11-26 03:00:00+00:00;True;-3.51;5.23;51.1;2019-11-26;2019;11;48;330;26;1;7899;27;3;True
2019-11-26 04:00:00+00:00;True;-3.6;5.5;52.8;2019-11-26;2019;11;48;330;26;1;7900;28;4;True
2019-11-26 05:00:00+00:00;True;-3.61;5.29;49.9;2019-11-26;2019;11;48;330;26;1;7901;29;5;True
2019-11-26 06:00:00+00:00;True;-3.63;5.2;50.4;2019-11-26;2019;11;48;330;26;1;7902;30;6;True
2019-11-26 07:00:00+00:00;True;-3.58;7.03;65.6;2019-11-26;2019;11;48;330;26;1;7903;31;7;True
2019-11-26 08:00:00+00:00;True;-3.46;11.64;68.6;2019-11-26;2019;11;48;330;26;1;7904;32;8;True
2019-11-26 09:00:00+00:00;True;-3.51;14.39;185.7;2019-11-26;2019;11;48;330;26;1;7905;33;9;True
2019-11-26 10:00:00+00:00;True;-3.42;17.35;168.0;2019-11-26;2019;11;48;330;26;1;7906;34;10;True
2019-11-26 11:00:00+00:00;True;-3.31;18.12;194.9;2019-11-26;2019;11;48;330;26;1;7907;35;11;True
2019-11-26 12:00:00+00:00;True;-3.11;14.86;177.7;2019-11-26;2019;11;48;330;26;1;7908;36;12;True
2019-11-26 13:00:00+00:00;True;-2.99;8.5;180.5;2019-11-26;2019;11;48;330;26;1;7909;37;13;True
2019-11-26 14:00:00+00:00;True;-2.93;5.44;173.7;2019-11-26;2019;11;48;330;26;1;7910;38;14;True
2019-11-26 15:00:00+00:00;True;-2.84;5.03;166.0;2019-11-26;2019;11;48;330;26;1;7911;39;15;True
2019-11-26 16:00:00+00:00;True;-2.76;4.27;140.3;2019-11-26;2019;11;48;330;26;1;7912;40;16;True
2019-11-26 17:00:00+00:00;True;-2.68;4.76;144.1;2019-11-26;2019;11;48;330;26;1;7913;41;17;True
2019-11-26 18:00:00+00:00;True;-2.59;4.62;63.4;2019-11-26;2019;11;48;330;26;1;7914;42;18;True
2019-11-26 19:00:00+00:00;True;-2.5;4.39;70.4;2019-11-26;2019;11;48;330;26;1;7915;43;19;True
2019-11-26 20:00:00+00:00;True;-2.47;4.08;69.3;2019-11-26;2019;11;48;330;26;1;7916;44;20;True
2019-11-26 21:00:00+00:00;True;-2.47;4.32;66.0;2019-11-26;2019;11;48;330;26;1;7917;45;21;True
2019-11-26 22:00:00+00:00;True;-2.42;4.44;45.2;2019-11-26;2019;11;48;330;26;1;7918;46;22;True
2019-11-26 23:00:00+00:00;True;-2.24;4.81;39.8;2019-11-26;2019;11;48;330;26;1;7919;47;23;True
2019-11-27 00:00:00+00:00;True;-2.16;4.6;49.3;2019-11-27;2019;11;48;331;27;2;7920;48;0;True
2019-11-27 01:00:00+00:00;True;-2.05;4.82;39.3;2019-11-27;2019;11;48;331;27;2;7921;49;1;True
2019-11-27 02:00:00+00:00;True;-2.01;4.84;42.5;2019-11-27;2019;11;48;331;27;2;7922;50;2;True
2019-11-27 03:00:00+00:00;True;-2.09;4.88;42.2;2019-11-27;2019;11;48;331;27;2;7923;51;3;True
2019-11-27 04:00:00+00:00;True;-1.83;4.53;41.7;2019-11-27;2019;11;48;331;27;2;7924;52;4;True
2019-11-27 05:00:00+00:00;True;-1.62;4.48;45.8;2019-11-27;2019;11;48;331;27;2;7925;53;5;True
2019-11-27 06:00:00+00:00;True;-1.45;4.28;48.3;2019-11-27;2019;11;48;331;27;2;7926;54;6;True
2019-11-27 07:00:00+00:00;True;-1.2;5.5;68.3;2019-11-27;2019;11;48;331;27;2;7927;55;7;True
2019-11-27 08:00:00+00:00;True;-1.01;14.17;64.6;2019-11-27;2019;11;48;331;27;2;7928;56;8;True
2019-11-27 09:00:00+00:00;True;-0.69;29.34;143.9;2019-11-27;2019;11;48;331;27;2;7929;57;9;True
2019-11-27 10:00:00+00:00;True;-0.3;33.01;142.5;2019-11-27;2019;11;48;331;27;2;7930;58;10;True
2019-11-27 11:00:00+00:00;True;-0.04;21.81;150.0;2019-11-27;2019;11;48;331;27;2;7931;59;11;True
2019-11-27 12:00:00+00:00;True;0.06;22.28;130.3;2019-11-27;2019;11;48;331;27;2;7932;60;12;True
2019-11-27 13:00:00+00:00;True;0.18;15.95;136.9;2019-11-27;2019;11;48;331;27;2;7933;61;13;True
2019-11-27 14:00:00+00:00;True;0.17;4.33;136.7;2019-11-27;2019;11;48;331;27;2;7934;62;14;True
2019-11-27 15:00:00+00:00;True;0.18;3.28;135.6;2019-11-27;2019;11;48;331;27;2;7935;63;15;True
2019-11-27 16:00:00+00:00;True;0.27;3.97;143.0;2019-11-27;2019;11;48;331;27;2;7936;64;16;True
2019-11-27 17:00:00+00:00;True;0.3;3.55;102.0;2019-11-27;2019;11;48;331;27;2;7937;65;17;True
2019-11-27 18:00:00+00:00;True;0.29;3.27;61.2;2019-11-27;2019;11;48;331;27;2;7938;66;18;True
2019-11-27 19:00:00+00:00;True;0.25;3.81;68.7;2019-11-27;2019;11;48;331;27;2;7939;67;19;True
2019-11-27 20:00:00+00:00;True;0.34;3.28;56.6;2019-11-27;2019;11;48;331;27;2;7940;68;20;True
2019-11-27 21:00:00+00:00;True;0.38;3.22;56.9;2019-11-27;2019;11;48;331;27;2;7941;69;21;True
2019-11-27 22:00:00+00:00;True;0.41;3.4;38.9;2019-11-27;2019;11;48;331;27;2;7942;70;22;True
2019-11-27 23:00:00+00:00;True;0.38;3.5;38.9;2019-11-27;2019;11;48;331;27;2;7943;71;23;True
2019-11-28 00:00:00+00:00;True;0.25;4.34;46.1;2019-11-28;2019;11;48;332;28;3;7944;72;0;True
2019-11-28 01:00:00+00:00;True;0.09;4.26;42.7;2019-11-28;2019;11;48;332;28;3;7945;73;1;True
2019-11-28 02:00:00+00:00;True;0.14;4.23;43.3;2019-11-28;2019;11;48;332;28;3;7946;74;2;True
2019-11-28 03:00:00+00:00;True;0.27;4.42;35.2;2019-11-28;2019;11;48;332;28;3;7947;75;3;True
2019-11-28 04:00:00+00:00;True;0.4;4.17;38.0;2019-11-28;2019;11;48;332;28;3;7948;76;4;True
2019-11-28 05:00:00+00:00;True;0.67;4.59;36.5;2019-11-28;2019;11;48;332;28;3;7949;77;5;True
2019-11-28 06:00:00+00:00;True;0.94;3.92;48.7;2019-11-28;2019;11;48;332;28;3;7950;78;6;True
2019-11-28 07:00:00+00:00;True;1.07;5.91;55.6;2019-11-28;2019;11;48;332;28;3;7951;79;7;True
2019-11-28 08:00:00+00:00;True;1.35;19.67;58.8;2019-11-28;2019;11;48;332;28;3;7952;80;8;True
2019-11-28 09:00:00+00:00;True;1.63;24.16;120.5;2019-11-28;2019;11;48;332;28;3;7953;81;9;True
2019-11-28 10:00:00+00:00;True;1.76;27.45;147.2;2019-11-28;2019;11;48;332;28;3;7954;82;10;True
2019-11-28 11:00:00+00:00;True;1.89;30.59;131.8;2019-11-28;2019;11;48;332;28;3;7955;83;11;True
2019-11-28 12:00:00+00:00;True;1.77;12.18;107.1;2019-11-28;2019;11;48;332;28;3;7956;84;12;True
2019-11-28 13:00:00+00:00;True;1.64;4.28;137.4;2019-11-28;2019;11;48;332;28;3;7957;85;13;True
2019-11-28 14:00:00+00:00;True;1.45;2.0;144.1;2019-11-28;2019;11;48;332;28;3;7958;86;14;True
2019-11-28 15:00:00+00:00;True;1.33;0.83;130.7;2019-11-28;2019;11;48;332;28;3;7959;87;15;True
2019-11-28 16:00:00+00:00;True;1.41;1.24;102.9;2019-11-28;2019;11;48;332;28;3;7960;88;16;True
2019-11-28 17:00:00+00:00;True;1.6;1.4;106.2;2019-11-28;2019;11;48;332;28;3;7961;89;17;True
2019-11-28 18:00:00+00:00;True;1.71;1.5;60.3;2019-11-28;2019;11;48;332;28;3;7962;90;18;True
2019-11-28 19:00:00+00:00;True;1.72;0.89;61.6;2019-11-28;2019;11;48;332;28;3;7963;91;19;True
2019-11-28 20:00:00+00:00;True;1.74;1.39;60.1;2019-11-28;2019;11;48;332;28;3;7964;92;20;True
2019-11-28 21:00:00+00:00;True;1.78;1.37;68.4;2019-11-28;2019;11;48;332;28;3;7965;93;21;True
2019-11-28 22:00:00+00:00;True;1.76;1.57;34.8;2019-11-28;2019;11;48;332;28;3;7966;94;22;True
2019-11-28 23:00:00+00:00;True;1.69;1.85;33.4;2019-11-28;2019;11;48;332;28;3;7967;95;23;True
2019-11-29 00:00:00+00:00;True;1.62;1.84;32.9;2019-11-29;2019;11;48;333;29;4;7968;96;0;True
2019-11-29 01:00:00+00:00;True;1.54;1.02;33.4;2019-11-29;2019;11;48;333;29;4;7969;97;1;True
2019-11-29 02:00:00+00:00;True;1.62;1.49;36.2;2019-11-29;2019;11;48;333;29;4;7970;98;2;True
2019-11-29 03:00:00+00:00;True;1.69;2.0;46.7;2019-11-29;2019;11;48;333;29;4;7971;99;3;True
2019-11-29 04:00:00+00:00;True;1.8;2.0;33.9;2019-11-29;2019;11;48;333;29;4;7972;100;4;True
2019-11-29 05:00:00+00:00;True;1.81;1.78;43.5;2019-11-29;2019;11;48;333;29;4;7973;101;5;True
2019-11-29 06:00:00+00:00;True;1.83;1.46;46.6;2019-11-29;2019;11;48;333;29;4;7974;102;6;True
2019-11-29 07:00:00+00:00;True;1.91;2.28;55.2;2019-11-29;2019;11;48;333;29;4;7975;103;7;True
2019-11-29 08:00:00+00:00;True;1.96;11.0;62.8;2019-11-29;2019;11;48;333;29;4;7976;104;8;True
2019-11-29 09:00:00+00:00;True;2.15;18.86;122.0;2019-11-29;2019;11;48;333;29;4;7977;105;9;True
2019-11-29 10:00:00+00:00;True;2.38;27.44;124.6;2019-11-29;2019;11;48;333;29;4;7978;106;10;True
2019-11-29 11:00:00+00:00;True;2.58;27.34;123.2;2019-11-29;2019;11;48;333;29;4;7979;107;11;True
2019-11-29 12:00:00+00:00;True;2.71;16.37;130.4;2019-11-29;2019;11;48;333;29;4;7980;108;12;True
2019-11-29 13:00:00+00:00;True;2.66;6.87;129.0;2019-11-29;2019;11;48;333;29;4;7981;109;13;True
2019-11-29 14:00:00+00:00;True;2.44;1.47;113.7;2019-11-29;2019;11;48;333;29;4;7982;110;14;True
2019-11-29 15:00:00+00:00;True;2.56;0.94;94.3;2019-11-29;2019;11;48;333;29;4;7983;111;15;True
2019-11-29 16:00:00+00:00;True;2.79;1.09;111.9;2019-11-29;2019;11;48;333;29;4;7984;112;16;True
2019-11-29 17:00:00+00:00;True;3.38;1.12;109.1;2019-11-29;2019;11;48;333;29;4;7985;113;17;True
2019-11-29 18:00:00+00:00;True;4.21;1.26;71.8;2019-11-29;2019;11;48;333;29;4;7986;114;18;True
2019-11-29 19:00:00+00:00;True;4.89;0.97;51.1;2019-11-29;2019;11;48;333;29;4;7987;115;19;True
2019-11-29 20:00:00+00:00;True;5.17;0.74;47.0;2019-11-29;2019;11;48;333;29;4;7988;116;20;True
2019-11-29 21:00:00+00:00;True;4.89;0.83;43.9;2019-11-29;2019;11;48;333;29;4;7989;117;21;True
2019-11-29 22:00:00+00:00;True;4.47;1.09;29.7;2019-11-29;2019;11;48;333;29;4;7990;118;22;True
2019-11-29 23:00:00+00:00;True;3.1;1.16;27.4;2019-11-29;2019;11;48;333;29;4;7991;119;23;True
2019-11-30 00:00:00+00:00;True;0.58;1.37;41.4;2019-11-30;2019;11;48;334;30;5;7992;120;0;False
2019-11-30 01:00:00+00:00;True;0.03;1.39;43.8;2019-11-30;2019;11;48;334;30;5;7993;121;1;False
2019-11-30 02:00:00+00:00;True;-0.16;1.26;38.1;2019-11-30;2019;11;48;334;30;5;7994;122;2;False
2019-11-30 03:00:00+00:00;True;-0.43;1.82;48.0;2019-11-30;2019;11;48;334;30;5;7995;123;3;False
2019-11-30 04:00:00+00:00;True;-0.95;2.12;40.8;2019-11-30;2019;11;48;334;30;5;7996;124;4;False
2019-11-30 05:00:00+00:00;True;-1.62;2.24;49.2;2019-11-30;2019;11;48;334;30;5;7997;125;5;False
2019-11-30 06:00:00+00:00;True;-2.11;1.85;45.4;2019-11-30;2019;11;48;334;30;5;7998;126;6;False
2019-11-30 07:00:00+00:00;True;-2.57;4.88;68.1;2019-11-30;2019;11;48;334;30;5;7999;127;7;False
2019-11-30 08:00:00+00:00;True;-2.81;47.28;54.1;2019-11-30;2019;11;48;334;30;5;8000;128;8;False
2019-11-30 09:00:00+00:00;True;-2.24;99.64;44.0;2019-11-30;2019;11;48;334;30;5;8001;129;9;False
2019-11-30 10:00:00+00:00;True;-1.47;140.77;42.7;2019-11-30;2019;11;48;334;30;5;8002;130;10;False
2019-11-30 11:00:00+00:00;True;-1.08;139.62;43.3;2019-11-30;2019;11;48;334;30;5;8003;131;11;False
2019-11-30 12:00:00+00:00;True;-0.87;109.1;45.6;2019-11-30;2019;11;48;334;30;5;8004;132;12;False
2019-11-30 13:00:00+00:00;True;-0.88;54.87;45.5;2019-11-30;2019;11;48;334;30;5;8005;133;13;False
2019-11-30 14:00:00+00:00;True;-1.37;8.16;52.6;2019-11-30;2019;11;48;334;30;5;8006;134;14;False
2019-11-30 15:00:00+00:00;True;-1.91;1.46;43.5;2019-11-30;2019;11;48;334;30;5;8007;135;15;False
2019-11-30 16:00:00+00:00;True;-2.17;1.49;52.3;2019-11-30;2019;11;48;334;30;5;8008;136;16;False
2019-11-30 17:00:00+00:00;True;-2.39;1.52;49.4;2019-11-30;2019;11;48;334;30;5;8009;137;17;False
2019-11-30 18:00:00+00:00;True;-2.41;0.52;54.0;2019-11-30;2019;11;48;334;30;5;8010;138;18;False
2019-11-30 19:00:00+00:00;True;-2.75;1.22;50.5;2019-11-30;2019;11;48;334;30;5;8011;139;19;False
2019-11-30 20:00:00+00:00;True;-3.09;1.28;44.1;2019-11-30;2019;11;48;334;30;5;8012;140;20;False
2019-11-30 21:00:00+00:00;True;-3.35;1.51;52.0;2019-11-30;2019;11;48;334;30;5;8013;141;21;False
2019-11-30 22:00:00+00:00;True;-2.93;2.05;29.1;2019-11-30;2019;11;48;334;30;5;8014;142;22;False
2019-11-30 23:00:00+00:00;True;-2.38;2.32;28.9;2019-11-30;2019;11;48;334;30;5;8015;143;23;False
2019-12-01 00:00:00+00:00;True;-2.15;2.54;26.5;2019-12-01;2019;12;48;335;1;6;8016;144;0;False
2019-12-01 01:00:00+00:00;True;-2.56;2.15;27.6;2019-12-01;2019;12;48;335;1;6;8017;145;1;False
2019-12-01 02:00:00+00:00;True;-3.42;1.88;29.0;2019-12-01;2019;12;48;335;1;6;8018;146;2;False
2019-12-01 03:00:00+00:00;True;-3.81;2.02;23.7;2019-12-01;2019;12;48;335;1;6;8019;147;3;False
2019-12-01 04:00:00+00:00;True;-3.95;2.02;33.2;2019-12-01;2019;12;48;335;1;6;8020;148;4;False
2019-12-01 05:00:00+00:00;True;-3.38;2.47;30.0;2019-12-01;2019;12;48;335;1;6;8021;149;5;False
2019-12-01 06:00:00+00:00;True;-2.81;2.2;28.1;2019-12-01;2019;12;48;335;1;6;8022;150;6;False
2019-12-01 07:00:00+00:00;True;-2.92;7.18;54.4;2019-12-01;2019;12;48;335;1;6;8023;151;7;False
2019-12-01 08:00:00+00:00;True;-2.16;28.56;48.6;2019-12-01;2019;12;48;335;1;6;8024;152;8;False
2019-12-01 09:00:00+00:00;True;-1.72;115.26;47.9;2019-12-01;2019;12;48;335;1;6;8025;153;9;False
2019-12-01 10:00:00+00:00;True;-0.87;142.53;43.1;2019-12-01;2019;12;48;335;1;6;8026;154;10;False
2019-12-01 11:00:00+00:00;True;-0.42;116.14;40.4;2019-12-01;2019;12;48;335;1;6;8027;155;11;False
2019-12-01 12:00:00+00:00;True;0.33;109.53;42.1;2019-12-01;2019;12;48;335;1;6;8028;156;12;False
2019-12-01 13:00:00+00:00;True;0.25;53.33;45.4;2019-12-01;2019;12;48;335;1;6;8029;157;13;False
2019-12-01 14:00:00+00:00;True;-0.35;6.06;45.1;2019-12-01;2019;12;48;335;1;6;8030;158;14;False
2019-12-01 15:00:00+00:00;True;-0.79;0.89;43.4;2019-12-01;2019;12;48;335;1;6;8031;159;15;False
2019-12-01 16:00:00+00:00;True;-1.15;1.3;42.3;2019-12-01;2019;12;48;335;1;6;8032;160;16;False
2019-12-01 17:00:00+00:00;True;-0.53;1.37;43.1;2019-12-01;2019;12;48;335;1;6;8033;161;17;False
2019-12-01 18:00:00+00:00;True;-0.43;1.23;40.8;2019-12-01;2019;12;48;335;1;6;8034;162;18;False
2019-12-01 19:00:00+00:00;True;-0.26;1.05;47.2;2019-12-01;2019;12;48;335;1;6;8035;163;19;False
2019-12-01 20:00:00+00:00;True;-0.59;3.06;41.1;2019-12-01;2019;12;48;335;1;6;8036;164;20;False
2019-12-01 21:00:00+00:00;True;-0.68;2.01;46.9;2019-12-01;2019;12;48;335;1;6;8037;165;21;False
2019-12-01 22:00:00+00:00;True;-0.93;1.92;33.0;2019-12-01;2019;12;48;335;1;6;8038;166;22;False
2019-12-01 23:00:00+00:00;True;-1.37;2.28;29.4;2019-12-01;2019;12;48;335;1;6;8039;167;23;False
2019-12-02 00:00:00+00:00;True;-1.25;1.88;34.5;2019-12-02;2019;12;49;336;2;0;8040;0;0;True
2019-12-02 01:00:00+00:00;True;-1.17;1.81;37.4;2019-12-02;2019;12;49;336;2;0;8041;1;1;True
2019-12-02 02:00:00+00:00;True;-0.86;1.85;40.6;2019-12-02;2019;12;49;336;2;0;8042;2;2;True
2019-12-02 03:00:00+00:00;True;-0.47;1.88;37.5;2019-12-02;2019;12;49;336;2;0;8043;3;3;True
2019-12-02 04:00:00+00:00;True;-0.13;2.01;39.2;2019-12-02;2019;12;49;336;2;0;8044;4;4;True
2019-12-02 05:00:00+00:00;True;-0.23;1.92;37.5;2019-12-02;2019;12;49;336;2;0;8045;5;5;True
2019-12-02 06:00:00+00:00;True;-0.23;1.43;37.7;2019-12-02;2019;12;49;336;2;0;8046;6;6;True
2019-12-02 07:00:00+00:00;True;-0.49;3.82;55.8;2019-12-02;2019;12;49;336;2;0;8047;7;7;True
2019-12-02 08:00:00+00:00;True;-0.86;24.51;54.7;2019-12-02;2019;12;49;336;2;0;8048;8;8;True
2019-12-02 09:00:00+00:00;True;-1.0;41.95;120.2;2019-12-02;2019;12;49;336;2;0;8049;9;9;True
2019-12-02 10:00:00+00:00;True;-0.9;76.27;151.6;2019-12-02;2019;12;49;336;2;0;8050;10;10;True
2019-12-02 11:00:00+00:00;True;-0.83;93.29;144.5;2019-12-02;2019;12;49;336;2;0;8051;11;11;True
2019-12-02 12:00:00+00:00;True;-0.73;69.67;135.1;2019-12-02;2019;12;49;336;2;0;8052;12;12;True
2019-12-02 13:00:00+00:00;True;-0.86;23.62;132.0;2019-12-02;2019;12;49;336;2;0;8053;13;13;True
2019-12-02 14:00:00+00:00;True;-1.39;4.81;160.3;2019-12-02;2019;12;49;336;2;0;8054;14;14;True
2019-12-02 15:00:00+00:00;True;-1.9;0.7;168.5;2019-12-02;2019;12;49;336;2;0;8055;15;15;True
2019-12-02 16:00:00+00:00;True;-2.5;0.86;132.8;2019-12-02;2019;12;49;336;2;0;8056;16;16;True
2019-12-02 17:00:00+00:00;True;-3.0;0.95;133.7;2019-12-02;2019;12;49;336;2;0;8057;17;17;True
2019-12-02 18:00:00+00:00;True;-3.31;0.73;68.4;2019-12-02;2019;12;49;336;2;0;8058;18;18;True
2019-12-02 19:00:00+00:00;True;-3.63;1.17;104.5;2019-12-02;2019;12;49;336;2;0;8059;19;19;True
2019-12-02 20:00:00+00:00;True;-3.89;1.48;72.1;2019-12-02;2019;12;49;336;2;0;8060;20;20;True
2019-12-02 21:00:00+00:00;True;-3.47;1.06;67.8;2019-12-02;2019;12;49;336;2;0;8061;21;21;True
2019-12-02 22:00:00+00:00;True;-3.85;1.78;54.6;2019-12-02;2019;12;49;336;2;0;8062;22;22;True
2019-12-02 23:00:00+00:00;True;-4.16;1.84;53.4;2019-12-02;2019;12;49;336;2;0;8063;23;23;True
2019-12-03 00:00:00+00:00;True;-4.13;1.66;50.0;2019-12-03;2019;12;49;337;3;1;8064;24;0;True
2019-12-03 01:00:00+00:00;True;-3.99;1.81;58.9;2019-12-03;2019;12;49;337;3;1;8065;25;1;True
2019-12-03 02:00:00+00:00;True;-4.18;1.67;57.1;2019-12-03;2019;12;49;337;3;1;8066;26;2;True
2019-12-03 03:00:00+00:00;True;-4.42;1.77;58.1;2019-12-03;2019;12;49;337;3;1;8067;27;3;True
2019-12-03 04:00:00+00:00;True;-4.66;1.99;51.7;2019-12-03;2019;12;49;337;3;1;8068;28;4;True
2019-12-03 05:00:00+00:00;True;-4.68;1.95;49.1;2019-12-03;2019;12;49;337;3;1;8069;29;5;True
2019-12-03 06:00:00+00:00;True;-4.77;1.81;53.4;2019-12-03;2019;12;49;337;3;1;8070;30;6;True
2019-12-03 07:00:00+00:00;True;-4.9;9.11;72.6;2019-12-03;2019;12;49;337;3;1;8071;31;7;True
2019-12-03 08:00:00+00:00;True;-4.35;61.44;79.1;2019-12-03;2019;12;49;337;3;1;8072;32;8;True
2019-12-03 09:00:00+00:00;True;-3.4;51.4;195.5;2019-12-03;2019;12;49;337;3;1;8073;33;9;True
2019-12-03 10:00:00+00:00;True;-2.57;84.95;188.1;2019-12-03;2019;12;49;337;3;1;8074;34;10;True
2019-12-03 11:00:00+00:00;True;-2.06;142.29;149.7;2019-12-03;2019;12;49;337;3;1;8075;35;11;True
2019-12-03 12:00:00+00:00;True;-1.45;68.09;119.9;2019-12-03;2019;12;49;337;3;1;8076;36;12;True
2019-12-03 13:00:00+00:00;True;-1.12;27.18;143.6;2019-12-03;2019;12;49;337;3;1;8077;37;13;True
2019-12-03 14:00:00+00:00;True;-0.99;4.58;144.6;2019-12-03;2019;12;49;337;3;1;8078;38;14;True
2019-12-03 15:00:00+00:00;True;-1.54;1.03;142.0;2019-12-03;2019;12;49;337;3;1;8079;39;15;True
2019-12-03 16:00:00+00:00;True;-1.51;0.69;159.6;2019-12-03;2019;12;49;337;3;1;8080;40;16;True
2019-12-03 17:00:00+00:00;True;-1.73;0.65;121.9;2019-12-03;2019;12;49;337;3;1;8081;41;17;True
2019-12-03 18:00:00+00:00;True;-2.27;0.94;73.4;2019-12-03;2019;12;49;337;3;1;8082;42;18;True
2019-12-03 19:00:00+00:00;True;-2.39;1.27;81.9;2019-12-03;2019;12;49;337;3;1;8083;43;19;True
2019-12-03 20:00:00+00:00;True;-2.22;1.07;63.5;2019-12-03;2019;12;49;337;3;1;8084;44;20;True
2019-12-03 21:00:00+00:00;True;-1.66;1.1;70.5;2019-12-03;2019;12;49;337;3;1;8085;45;21;True
2019-12-03 22:00:00+00:00;True;-1.44;1.42;43.9;2019-12-03;2019;12;49;337;3;1;8086;46;22;True
2019-12-03 23:00:00+00:00;True;-0.35;1.69;41.5;2019-12-03;2019;12;49;337;3;1;8087;47;23;True
2019-12-04 00:00:00+00:00;True;0.1;1.89;47.9;2019-12-04;2019;12;49;338;4;2;8088;48;0;True
2019-12-04 01:00:00+00:00;True;0.08;1.96;48.2;2019-12-04;2019;12;49;338;4;2;8089;49;1;True
2019-12-04 02:00:00+00:00;True;0.17;2.05;46.5;2019-12-04;2019;12;49;338;4;2;8090;50;2;True
2019-12-04 03:00:00+00:00;True;0.53;1.97;49.3;2019-12-04;2019;12;49;338;4;2;8091;51;3;True
2019-12-04 04:00:00+00:00;True;0.83;1.93;43.6;2019-12-04;2019;12;49;338;4;2;8092;52;4;True
2019-12-04 05:00:00+00:00;True;0.82;1.87;40.5;2019-12-04;2019;12;49;338;4;2;8093;53;5;True
2019-12-04 06:00:00+00:00;True;0.99;1.6;42.6;2019-12-04;2019;12;49;338;4;2;8094;54;6;True
2019-12-04 07:00:00+00:00;True;1.22;2.03;68.0;2019-12-04;2019;12;49;338;4;2;8095;55;7;True
2019-12-04 08:00:00+00:00;True;1.53;10.55;62.8;2019-12-04;2019;12;49;338;4;2;8096;56;8;True
2019-12-04 09:00:00+00:00;True;1.89;25.88;161.0;2019-12-04;2019;12;49;338;4;2;8097;57;9;True
2019-12-04 10:00:00+00:00;True;2.58;25.47;111.1;2019-12-04;2019;12;49;338;4;2;8098;58;10;True
2019-12-04 11:00:00+00:00;True;3.06;21.67;137.6;2019-12-04;2019;12;49;338;4;2;8099;59;11;True
2019-12-04 12:00:00+00:00;True;3.72;16.64;117.6;2019-12-04;2019;12;49;338;4;2;8100;60;12;True
2019-12-04 13:00:00+00:00;True;3.89;14.56;136.6;2019-12-04;2019;12;49;338;4;2;8101;61;13;True
2019-12-04 14:00:00+00:00;True;4.02;3.78;94.8;2019-12-04;2019;12;49;338;4;2;8102;62;14;True
2019-12-04 15:00:00+00:00;True;4.05;1.22;119.7;2019-12-04;2019;12;49;338;4;2;8103;63;15;True
2019-12-04 16:00:00+00:00;True;4.1;1.17;102.5;2019-12-04;2019;12;49;338;4;2;8104;64;16;True
2019-12-04 17:00:00+00:00;True;3.86;0.84;100.9;2019-12-04;2019;12;49;338;4;2;8105;65;17;True
2019-12-04 18:00:00+00:00;True;3.61;1.32;58.6;2019-12-04;2019;12;49;338;4;2;8106;66;18;True
2019-12-04 19:00:00+00:00;True;3.94;2.31;60.5;2019-12-04;2019;12;49;338;4;2;8107;67;19;True
2019-12-04 20:00:00+00:00;True;4.02;1.76;63.8;2019-12-04;2019;12;49;338;4;2;8108;68;20;True
2019-12-04 21:00:00+00:00;True;4.3;0.97;52.4;2019-12-04;2019;12;49;338;4;2;8109;69;21;True
2019-12-04 22:00:00+00:00;True;4.18;1.31;36.5;2019-12-04;2019;12;49;338;4;2;8110;70;22;True
2019-12-04 23:00:00+00:00;True;4.18;1.35;30.0;2019-12-04;2019;12;49;338;4;2;8111;71;23;True
2019-12-05 00:00:00+00:00;True;4.51;1.59;28.2;2019-12-05;2019;12;49;339;5;3;8112;72;0;True
2019-12-05 01:00:00+00:00;True;4.7;1.37;30.3;2019-12-05;2019;12;49;339;5;3;8113;73;1;True
2019-12-05 02:00:00+00:00;True;4.65;1.25;40.3;2019-12-05;2019;12;49;339;5;3;8114;74;2;True
2019-12-05 03:00:00+00:00;True;4.68;1.38;36.2;2019-12-05;2019;12;49;339;5;3;8115;75;3;True
2019-12-05 04:00:00+00:00;True;4.64;1.23;29.4;2019-12-05;2019;12;49;339;5;3;8116;76;4;True
2019-12-05 05:00:00+00:00;True;4.73;1.16;45.5;2019-12-05;2019;12;49;339;5;3;8117;77;5;True
2019-12-05 06:00:00+00:00;True;4.82;1.28;30.1;2019-12-05;2019;12;49;339;5;3;8118;78;6;True
2019-12-05 07:00:00+00:00;True;4.93;2.25;43.3;2019-12-05;2019;12;49;339;5;3;8119;79;7;True
2019-12-05 08:00:00+00:00;True;5.01;11.29;48.3;2019-12-05;2019;12;49;339;5;3;8120;80;8;True
2019-12-05 09:00:00+00:00;True;5.08;44.72;140.6;2019-12-05;2019;12;49;339;5;3;8121;81;9;True
2019-12-05 10:00:00+00:00;True;5.09;51.76;135.3;2019-12-05;2019;12;49;339;5;3;8122;82;10;True
2019-12-05 11:00:00+00:00;True;5.07;28.09;101.4;2019-12-05;2019;12;49;339;5;3;8123;83;11;True
2019-12-05 12:00:00+00:00;True;5.25;17.27;101.9;2019-12-05;2019;12;49;339;5;3;8124;84;12;True
2019-12-05 13:00:00+00:00;True;5.39;10.18;116.6;2019-12-05;2019;12;49;339;5;3;8125;85;13;True
2019-12-05 14:00:00+00:00;True;5.57;4.83;133.6;2019-12-05;2019;12;49;339;5;3;8126;86;14;True
2019-12-05 15:00:00+00:00;True;5.58;3.76;89.9;2019-12-05;2019;12;49;339;5;3;8127;87;15;True
2019-12-05 16:00:00+00:00;True;5.53;4.4;85.6;2019-12-05;2019;12;49;339;5;3;8128;88;16;True
2019-12-05 17:00:00+00:00;True;5.46;3.36;87.5;2019-12-05;2019;12;49;339;5;3;8129;89;17;True
2019-12-05 18:00:00+00:00;True;5.39;2.78;45.7;2019-12-05;2019;12;49;339;5;3;8130;90;18;True
2019-12-05 19:00:00+00:00;True;5.09;3.7;44.0;2019-12-05;2019;12;49;339;5;3;8131;91;19;True
2019-12-05 20:00:00+00:00;True;5.18;3.78;48.8;2019-12-05;2019;12;49;339;5;3;8132;92;20;True
2019-12-05 21:00:00+00:00;True;5.27;3.83;56.3;2019-12-05;2019;12;49;339;5;3;8133;93;21;True
2019-12-05 22:00:00+00:00;True;5.71;4.64;34.2;2019-12-05;2019;12;49;339;5;3;8134;94;22;True
2019-12-05 23:00:00+00:00;True;5.84;4.95;36.1;2019-12-05;2019;12;49;339;5;3;8135;95;23;True
2019-12-06 00:00:00+00:00;True;5.52;4.18;32.2;2019-12-06;2019;12;49;340;6;4;8136;96;0;True
2019-12-06 01:00:00+00:00;True;5.66;3.98;38.4;2019-12-06;2019;12;49;340;6;4;8137;97;1;True
2019-12-06 02:00:00+00:00;True;5.64;3.77;27.6;2019-12-06;2019;12;49;340;6;4;8138;98;2;True
2019-12-06 03:00:00+00:00;True;5.6;3.18;29.0;2019-12-06;2019;12;49;340;6;4;8139;99;3;True
2019-12-06 04:00:00+00:00;True;5.36;3.16;28.5;2019-12-06;2019;12;49;340;6;4;8140;100;4;True
2019-12-06 05:00:00+00:00;True;5.04;2.98;29.9;2019-12-06;2019;12;49;340;6;4;8141;101;5;True
2019-12-06 06:00:00+00:00;True;4.57;4.34;30.0;2019-12-06;2019;12;49;340;6;4;8142;102;6;True
2019-12-06 07:00:00+00:00;True;4.61;4.51;40.7;2019-12-06;2019;12;49;340;6;4;8143;103;7;True
2019-12-06 08:00:00+00:00;True;3.99;8.73;53.0;2019-12-06;2019;12;49;340;6;4;8144;104;8;True
2019-12-06 09:00:00+00:00;True;3.29;14.43;133.3;2019-12-06;2019;12;49;340;6;4;8145;105;9;True
2019-12-06 10:00:00+00:00;True;2.8;15.91;137.0;2019-12-06;2019;12;49;340;6;4;8146;106;10;True
2019-12-06 11:00:00+00:00;True;2.09;18.5;133.4;2019-12-06;2019;12;49;340;6;4;8147;107;11;True
2019-12-06 12:00:00+00:00;True;1.91;21.3;103.6;2019-12-06;2019;12;49;340;6;4;8148;108;12;True
2019-12-06 13:00:00+00:00;True;2.47;14.64;139.0;2019-12-06;2019;12;49;340;6;4;8149;109;13;True
2019-12-06 14:00:00+00:00;True;2.86;4.96;139.7;2019-12-06;2019;12;49;340;6;4;8150;110;14;True
2019-12-06 15:00:00+00:00;True;3.04;3.21;121.8;2019-12-06;2019;12;49;340;6;4;8151;111;15;True
2019-12-06 16:00:00+00:00;True;3.75;3.16;156.1;2019-12-06;2019;12;49;340;6;4;8152;112;16;True
2019-12-06 17:00:00+00:00;True;4.67;4.24;85.2;2019-12-06;2019;12;49;340;6;4;8153;113;17;True
2019-12-06 18:00:00+00:00;True;4.92;3.93;44.3;2019-12-06;2019;12;49;340;6;4;8154;114;18;True
2019-12-06 19:00:00+00:00;True;5.21;3.97;39.7;2019-12-06;2019;12;49;340;6;4;8155;115;19;True
2019-12-06 20:00:00+00:00;True;5.37;3.94;48.0;2019-12-06;2019;12;49;340;6;4;8156;116;20;True
2019-12-06 21:00:00+00:00;True;5.5;3.78;51.6;2019-12-06;2019;12;49;340;6;4;8157;117;21;True
2019-12-06 22:00:00+00:00;True;5.31;3.71;28.0;2019-12-06;2019;12;49;340;6;4;8158;118;22;True
2019-12-06 23:00:00+00:00;True;4.95;3.96;26.1;2019-12-06;2019;12;49;340;6;4;8159;119;23;True
2019-12-07 00:00:00+00:00;True;5.13;3.73;29.2;2019-12-07;2019;12;49;341;7;5;8160;120;0;False
2019-12-07 01:00:00+00:00;True;5.18;3.92;28.7;2019-12-07;2019;12;49;341;7;5;8161;121;1;False
2019-12-07 02:00:00+00:00;True;4.98;4.94;27.6;2019-12-07;2019;12;49;341;7;5;8162;122;2;False
2019-12-07 03:00:00+00:00;True;4.96;1.32;30.9;2019-12-07;2019;12;49;341;7;5;8163;123;3;False
2019-12-07 04:00:00+00:00;True;4.68;1.0;28.4;2019-12-07;2019;12;49;341;7;5;8164;124;4;False
2019-12-07 05:00:00+00:00;True;4.33;1.11;39.9;2019-12-07;2019;12;49;341;7;5;8165;125;5;False
2019-12-07 06:00:00+00:00;True;4.26;1.06;29.6;2019-12-07;2019;12;49;341;7;5;8166;126;6;False
2019-12-07 07:00:00+00:00;True;3.84;1.71;40.3;2019-12-07;2019;12;49;341;7;5;8167;127;7;False
2019-12-07 08:00:00+00:00;True;3.41;3.46;40.9;2019-12-07;2019;12;49;341;7;5;8168;128;8;False
2019-12-07 09:00:00+00:00;True;3.04;11.16;35.9;2019-12-07;2019;12;49;341;7;5;8169;129;9;False
2019-12-07 10:00:00+00:00;True;2.93;25.72;39.0;2019-12-07;2019;12;49;341;7;5;8170;130;10;False
2019-12-07 11:00:00+00:00;True;2.93;24.05;31.2;2019-12-07;2019;12;49;341;7;5;8171;131;11;False
2019-12-07 12:00:00+00:00;True;2.73;18.52;41.8;2019-12-07;2019;12;49;341;7;5;8172;132;12;False
2019-12-07 13:00:00+00:00;True;2.79;10.61;32.2;2019-12-07;2019;12;49;341;7;5;8173;133;13;False
2019-12-07 14:00:00+00:00;True;2.57;2.0;42.1;2019-12-07;2019;12;49;341;7;5;8174;134;14;False
2019-12-07 15:00:00+00:00;True;2.53;1.2;35.6;2019-12-07;2019;12;49;341;7;5;8175;135;15;False
2019-12-07 16:00:00+00:00;True;2.28;1.68;29.3;2019-12-07;2019;12;49;341;7;5;8176;136;16;False
2019-12-07 17:00:00+00:00;True;2.02;1.41;35.9;2019-12-07;2019;12;49;341;7;5;8177;137;17;False
2019-12-07 18:00:00+00:00;True;1.77;1.68;44.0;2019-12-07;2019;12;49;341;7;5;8178;138;18;False
2019-12-07 19:00:00+00:00;True;1.58;2.3;34.0;2019-12-07;2019;12;49;341;7;5;8179;139;19;False
2019-12-07 20:00:00+00:00;True;1.66;2.97;35.8;2019-12-07;2019;12;49;341;7;5;8180;140;20;False
2019-12-07 21:00:00+00:00;True;2.07;2.97;29.0;2019-12-07;2019;12;49;341;7;5;8181;141;21;False
2019-12-07 22:00:00+00:00;True;2.42;2.85;17.3;2019-12-07;2019;12;49;341;7;5;8182;142;22;False
2019-12-07 23:00:00+00:00;True;3.16;1.57;20.7;2019-12-07;2019;12;49;341;7;5;8183;143;23;False
2019-12-08 00:00:00+00:00;True;3.2;1.99;19.7;2019-12-08;2019;12;49;342;8;6;8184;144;0;False
2019-12-08 01:00:00+00:00;True;2.87;1.63;25.9;2019-12-08;2019;12;49;342;8;6;8185;145;1;False
2019-12-08 02:00:00+00:00;True;2.9;1.48;31.2;2019-12-08;2019;12;49;342;8;6;8186;146;2;False
2019-12-08 03:00:00+00:00;True;2.73;1.72;31.9;2019-12-08;2019;12;49;342;8;6;8187;147;3;False
2019-12-08 04:00:00+00:00;True;2.63;1.65;25.6;2019-12-08;2019;12;49;342;8;6;8188;148;4;False
2019-12-08 05:00:00+00:00;True;2.41;1.8;21.5;2019-12-08;2019;12;49;342;8;6;8189;149;5;False
2019-12-08 06:00:00+00:00;True;2.22;1.89;21.5;2019-12-08;2019;12;49;342;8;6;8190;150;6;False
2019-12-08 07:00:00+00:00;True;1.93;3.94;48.4;2019-12-08;2019;12;49;342;8;6;8191;151;7;False
2019-12-08 08:00:00+00:00;True;1.81;33.76;34.2;2019-12-08;2019;12;49;342;8;6;8192;152;8;False
2019-12-08 09:00:00+00:00;True;2.34;82.56;43.4;2019-12-08;2019;12;49;342;8;6;8193;153;9;False
2019-12-08 10:00:00+00:00;True;2.64;97.92;42.3;2019-12-08;2019;12;49;342;8;6;8194;154;10;False
2019-12-08 11:00:00+00:00;True;2.81;80.65;31.3;2019-12-08;2019;12;49;342;8;6;8195;155;11;False
2019-12-08 12:00:00+00:00;True;3.28;49.38;33.3;2019-12-08;2019;12;49;342;8;6;8196;156;12;False
2019-12-08 13:00:00+00:00;True;3.19;24.34;28.5;2019-12-08;2019;12;49;342;8;6;8197;157;13;False
2019-12-08 14:00:00+00:00;True;2.78;3.11;34.4;2019-12-08;2019;12;49;342;8;6;8198;158;14;False
2019-12-08 15:00:00+00:00;True;2.82;1.37;31.3;2019-12-08;2019;12;49;342;8;6;8199;159;15;False
2019-12-08 16:00:00+00:00;True;2.59;1.46;40.6;2019-12-08;2019;12;49;342;8;6;8200;160;16;False
2019-12-08 17:00:00+00:00;True;2.04;1.64;27.1;2019-12-08;2019;12;49;342;8;6;8201;161;17;False
2019-12-08 18:00:00+00:00;True;2.39;1.75;31.3;2019-12-08;2019;12;49;342;8;6;8202;162;18;False
2019-12-08 19:00:00+00:00;True;3.11;1.55;35.1;2019-12-08;2019;12;49;342;8;6;8203;163;19;False
2019-12-08 20:00:00+00:00;True;3.47;2.13;30.3;2019-12-08;2019;12;49;342;8;6;8204;164;20;False
2019-12-08 21:00:00+00:00;True;4.23;1.61;35.5;2019-12-08;2019;12;49;342;8;6;8205;165;21;False
2019-12-08 22:00:00+00:00;True;4.89;1.6;15.8;2019-12-08;2019;12;49;342;8;6;8206;166;22;False
2019-12-08 23:00:00+00:00;True;5.67;1.52;26.5;2019-12-08;2019;12;49;342;8;6;8207;167;23;False
2019-12-09 00:00:00+00:00;True;6.33;1.78;21.7;2019-12-09;2019;12;50;343;9;0;8208;0;0;True
2019-12-09 01:00:00+00:00;True;6.6;1.5;28.3;2019-12-09;2019;12;50;343;9;0;8209;1;1;True
2019-12-09 02:00:00+00:00;True;6.8;1.17;17.9;2019-12-09;2019;12;50;343;9;0;8210;2;2;True
2019-12-09 03:00:00+00:00;True;6.75;1.27;27.1;2019-12-09;2019;12;50;343;9;0;8211;3;3;True
2019-12-09 04:00:00+00:00;True;6.69;1.25;18.6;2019-12-09;2019;12;50;343;9;0;8212;4;4;True
2019-12-09 05:00:00+00:00;True;6.24;1.52;20.2;2019-12-09;2019;12;50;343;9;0;8213;5;5;True
2019-12-09 06:00:00+00:00;True;5.96;1.24;19.9;2019-12-09;2019;12;50;343;9;0;8214;6;6;True
2019-12-09 07:00:00+00:00;True;5.27;2.36;45.0;2019-12-09;2019;12;50;343;9;0;8215;7;7;True
2019-12-09 08:00:00+00:00;True;5.37;13.61;39.5;2019-12-09;2019;12;50;343;9;0;8216;8;8;True
2019-12-09 09:00:00+00:00;True;5.81;65.37;121.5;2019-12-09;2019;12;50;343;9;0;8217;9;9;True
2019-12-09 10:00:00+00:00;True;5.89;69.31;117.4;2019-12-09;2019;12;50;343;9;0;8218;10;10;True
2019-12-09 11:00:00+00:00;True;5.85;60.09;96.1;2019-12-09;2019;12;50;343;9;0;8219;11;11;True
2019-12-09 12:00:00+00:00;True;6.01;46.25;77.9;2019-12-09;2019;12;50;343;9;0;8220;12;12;True
2019-12-09 13:00:00+00:00;True;5.76;18.92;111.7;2019-12-09;2019;12;50;343;9;0;8221;13;13;True
2019-12-09 14:00:00+00:00;True;5.77;2.58;84.6;2019-12-09;2019;12;50;343;9;0;8222;14;14;True
2019-12-09 15:00:00+00:00;True;5.46;0.62;127.7;2019-12-09;2019;12;50;343;9;0;8223;15;15;True
2019-12-09 16:00:00+00:00;True;5.37;0.7;88.9;2019-12-09;2019;12;50;343;9;0;8224;16;16;True
2019-12-09 17:00:00+00:00;True;5.0;0.73;94.6;2019-12-09;2019;12;50;343;9;0;8225;17;17;True
2019-12-09 18:00:00+00:00;True;5.24;0.64;47.5;2019-12-09;2019;12;50;343;9;0;8226;18;18;True
2019-12-09 19:00:00+00:00;True;5.06;0.58;40.0;2019-12-09;2019;12;50;343;9;0;8227;19;19;True
2019-12-09 20:00:00+00:00;True;4.9;0.75;45.3;2019-12-09;2019;12;50;343;9;0;8228;20;20;True
2019-12-09 21:00:00+00:00;True;4.73;2.67;53.4;2019-12-09;2019;12;50;343;9;0;8229;21;21;True
2019-12-09 22:00:00+00:00;True;4.79;3.98;34.7;2019-12-09;2019;12;50;343;9;0;8230;22;22;True
2019-12-09 23:00:00+00:00;True;4.77;4.2;35.1;2019-12-09;2019;12;50;343;9;0;8231;23;23;True
2019-12-10 00:00:00+00:00;True;4.81;3.8;40.4;2019-12-10;2019;12;50;344;10;1;8232;24;0;True
2019-12-10 01:00:00+00:00;True;4.82;4.15;40.9;2019-12-10;2019;12;50;344;10;1;8233;25;1;True
2019-12-10 02:00:00+00:00;True;4.66;4.06;41.8;2019-12-10;2019;12;50;344;10;1;8234;26;2;True
2019-12-10 03:00:00+00:00;True;4.35;4.65;32.5;2019-12-10;2019;12;50;344;10;1;8235;27;3;True
2019-12-10 04:00:00+00:00;True;4.09;4.28;36.7;2019-12-10;2019;12;50;344;10;1;8236;28;4;True
2019-12-10 05:00:00+00:00;True;4.24;4.42;42.0;2019-12-10;2019;12;50;344;10;1;8237;29;5;True
2019-12-10 06:00:00+00:00;True;4.35;3.44;32.6;2019-12-10;2019;12;50;344;10;1;8238;30;6;True
2019-12-10 07:00:00+00:00;True;4.26;5.37;48.8;2019-12-10;2019;12;50;344;10;1;8239;31;7;True
2019-12-10 08:00:00+00:00;True;4.2;10.29;44.3;2019-12-10;2019;12;50;344;10;1;8240;32;8;True
2019-12-10 09:00:00+00:00;True;3.9;15.18;117.5;2019-12-10;2019;12;50;344;10;1;8241;33;9;True
2019-12-10 10:00:00+00:00;True;3.84;27.06;96.8;2019-12-10;2019;12;50;344;10;1;8242;34;10;True
2019-12-10 11:00:00+00:00;True;2.04;21.53;118.7;2019-12-10;2019;12;50;344;10;1;8243;35;11;True
2019-12-10 12:00:00+00:00;True;1.31;38.12;106.3;2019-12-10;2019;12;50;344;10;1;8244;36;12;True
2019-12-10 13:00:00+00:00;True;0.71;13.59;117.9;2019-12-10;2019;12;50;344;10;1;8245;37;13;True
2019-12-10 14:00:00+00:00;True;0.37;5.81;111.7;2019-12-10;2019;12;50;344;10;1;8246;38;14;True
2019-12-10 15:00:00+00:00;True;0.2;4.2;120.2;2019-12-10;2019;12;50;344;10;1;8247;39;15;True
2019-12-10 16:00:00+00:00;True;-0.22;3.76;118.6;2019-12-10;2019;12;50;344;10;1;8248;40;16;True
2019-12-10 17:00:00+00:00;True;-0.7;4.66;105.8;2019-12-10;2019;12;50;344;10;1;8249;41;17;True
2019-12-10 18:00:00+00:00;True;-1.22;4.11;58.1;2019-12-10;2019;12;50;344;10;1;8250;42;18;True
2019-12-10 19:00:00+00:00;True;-1.45;4.17;57.9;2019-12-10;2019;12;50;344;10;1;8251;43;19;True
2019-12-10 20:00:00+00:00;True;-1.44;4.2;61.4;2019-12-10;2019;12;50;344;10;1;8252;44;20;True
2019-12-10 21:00:00+00:00;True;-1.48;4.13;62.8;2019-12-10;2019;12;50;344;10;1;8253;45;21;True
2019-12-10 22:00:00+00:00;True;-1.43;4.11;47.1;2019-12-10;2019;12;50;344;10;1;8254;46;22;True
2019-12-10 23:00:00+00:00;True;-1.38;2.67;47.0;2019-12-10;2019;12;50;344;10;1;8255;47;23;True
2019-12-11 00:00:00+00:00;True;-1.45;2.05;43.3;2019-12-11;2019;12;50;345;11;2;8256;48;0;True
2019-12-11 01:00:00+00:00;True;-1.94;1.34;43.2;2019-12-11;2019;12;50;345;11;2;8257;49;1;True
2019-12-11 02:00:00+00:00;True;-2.44;1.53;50.4;2019-12-11;2019;12;50;345;11;2;8258;50;2;True
2019-12-11 03:00:00+00:00;True;-3.18;1.51;45.3;2019-12-11;2019;12;50;345;11;2;8259;51;3;True
2019-12-11 04:00:00+00:00;True;-3.67;1.55;54.8;2019-12-11;2019;12;50;345;11;2;8260;52;4;True
2019-12-11 05:00:00+00:00;True;-4.04;1.64;46.7;2019-12-11;2019;12;50;345;11;2;8261;53;5;True
2019-12-11 06:00:00+00:00;True;-4.36;2.1;49.7;2019-12-11;2019;12;50;345;11;2;8262;54;6;True
2019-12-11 07:00:00+00:00;True;-4.0;3.95;67.5;2019-12-11;2019;12;50;345;11;2;8263;55;7;True
2019-12-11 08:00:00+00:00;True;-4.04;29.2;68.3;2019-12-11;2019;12;50;345;11;2;8264;56;8;True
2019-12-11 09:00:00+00:00;True;-3.64;73.14;197.4;2019-12-11;2019;12;50;345;11;2;8265;57;9;True
2019-12-11 10:00:00+00:00;True;-2.73;105.84;170.6;2019-12-11;2019;12;50;345;11;2;8266;58;10;True
2019-12-11 11:00:00+00:00;True;-2.36;84.31;160.7;2019-12-11;2019;12;50;345;11;2;8267;59;11;True
2019-12-11 12:00:00+00:00;True;-2.36;55.26;172.4;2019-12-11;2019;12;50;345;11;2;8268;60;12;True
2019-12-11 13:00:00+00:00;True;-2.27;24.62;136.3;2019-12-11;2019;12;50;345;11;2;8269;61;13;True
2019-12-11 14:00:00+00:00;True;-2.01;4.32;152.6;2019-12-11;2019;12;50;345;11;2;8270;62;14;True
2019-12-11 15:00:00+00:00;True;-2.2;1.41;154.7;2019-12-11;2019;12;50;345;11;2;8271;63;15;True
2019-12-11 16:00:00+00:00;True;-2.26;1.56;167.1;2019-12-11;2019;12;50;345;11;2;8272;64;16;True
2019-12-11 17:00:00+00:00;True;-2.34;1.53;117.9;2019-12-11;2019;12;50;345;11;2;8273;65;17;True
2019-12-11 18:00:00+00:00;True;-2.6;1.82;61.4;2019-12-11;2019;12;50;345;11;2;8274;66;18;True
2019-12-11 19:00:00+00:00;True;-2.95;1.82;60.2;2019-12-11;2019;12;50;345;11;2;8275;67;19;True
2019-12-11 20:00:00+00:00;True;-3.45;1.64;100.2;2019-12-11;2019;12;50;345;11;2;8276;68;20;True
2019-12-11 21:00:00+00:00;True;-3.72;1.67;59.3;2019-12-11;2019;12;50;345;11;2;8277;69;21;True
2019-12-11 22:00:00+00:00;True;-3.5;1.85;50.2;2019-12-11;2019;12;50;345;11;2;8278;70;22;True
2019-12-11 23:00:00+00:00;True;-3.15;2.41;46.4;2019-12-11;2019;12;50;345;11;2;8279;71;23;True
2019-12-12 00:00:00+00:00;True;-2.6;2.63;47.4;2019-12-12;2019;12;50;346;12;3;8280;72;0;True
2019-12-12 01:00:00+00:00;True;-2.31;2.56;47.4;2019-12-12;2019;12;50;346;12;3;8281;73;1;True
2019-12-12 02:00:00+00:00;True;-2.34;2.43;47.7;2019-12-12;2019;12;50;346;12;3;8282;74;2;True
2019-12-12 03:00:00+00:00;True;-1.89;2.21;49.5;2019-12-12;2019;12;50;346;12;3;8283;75;3;True
2019-12-12 04:00:00+00:00;True;-1.71;2.11;48.2;2019-12-12;2019;12;50;346;12;3;8284;76;4;True
2019-12-12 05:00:00+00:00;True;-0.97;2.23;48.7;2019-12-12;2019;12;50;346;12;3;8285;77;5;True
2019-12-12 06:00:00+00:00;True;-0.62;1.86;52.2;2019-12-12;2019;12;50;346;12;3;8286;78;6;True
2019-12-12 07:00:00+00:00;True;-0.24;2.58;63.7;2019-12-12;2019;12;50;346;12;3;8287;79;7;True
2019-12-12 08:00:00+00:00;True;0.01;16.79;62.1;2019-12-12;2019;12;50;346;12;3;8288;80;8;True
2019-12-12 09:00:00+00:00;True;0.03;65.69;125.9;2019-12-12;2019;12;50;346;12;3;8289;81;9;True
2019-12-12 10:00:00+00:00;True;0.43;104.1;120.3;2019-12-12;2019;12;50;346;12;3;8290;82;10;True
2019-12-12 11:00:00+00:00;True;0.52;101.62;153.0;2019-12-12;2019;12;50;346;12;3;8291;83;11;True
2019-12-12 12:00:00+00:00;True;0.36;33.19;152.4;2019-12-12;2019;12;50;346;12;3;8292;84;12;True
2019-12-12 13:00:00+00:00;True;0.28;11.4;134.0;2019-12-12;2019;12;50;346;12;3;8293;85;13;True
2019-12-12 14:00:00+00:00;True;0.35;1.64;124.7;2019-12-12;2019;12;50;346;12;3;8294;86;14;True
2019-12-12 15:00:00+00:00;True;0.39;1.0;134.7;2019-12-12;2019;12;50;346;12;3;8295;87;15;True
2019-12-12 16:00:00+00:00;True;0.45;1.38;146.3;2019-12-12;2019;12;50;346;12;3;8296;88;16;True
2019-12-12 17:00:00+00:00;True;0.25;0.74;101.5;2019-12-12;2019;12;50;346;12;3;8297;89;17;True
2019-12-12 18:00:00+00:00;True;0.32;1.02;75.8;2019-12-12;2019;12;50;346;12;3;8298;90;18;True
2019-12-12 19:00:00+00:00;True;0.17;1.14;49.5;2019-12-12;2019;12;50;346;12;3;8299;91;19;True
2019-12-12 20:00:00+00:00;True;0.29;1.22;63.2;2019-12-12;2019;12;50;346;12;3;8300;92;20;True
2019-12-12 21:00:00+00:00;True;0.65;1.62;58.0;2019-12-12;2019;12;50;346;12;3;8301;93;21;True
2019-12-12 22:00:00+00:00;True;0.78;1.47;41.7;2019-12-12;2019;12;50;346;12;3;8302;94;22;True
2019-12-12 23:00:00+00:00;True;1.28;1.87;39.3;2019-12-12;2019;12;50;346;12;3;8303;95;23;True
2019-12-13 00:00:00+00:00;True;1.42;1.91;38.5;2019-12-13;2019;12;50;347;13;4;8304;96;0;True
2019-12-13 01:00:00+00:00;True;1.3;2.03;33.8;2019-12-13;2019;12;50;347;13;4;8305;97;1;True
2019-12-13 02:00:00+00:00;True;1.02;1.87;49.6;2019-12-13;2019;12;50;347;13;4;8306;98;2;True
2019-12-13 03:00:00+00:00;True;0.88;1.29;37.2;2019-12-13;2019;12;50;347;13;4;8307;99;3;True
2019-12-13 04:00:00+00:00;True;-0.1;1.83;47.1;2019-12-13;2019;12;50;347;13;4;8308;100;4;True
2019-12-13 05:00:00+00:00;True;0.24;4.09;47.4;2019-12-13;2019;12;50;347;13;4;8309;101;5;True
2019-12-13 06:00:00+00:00;True;1.45;3.71;43.3;2019-12-13;2019;12;50;347;13;4;8310;102;6;True
2019-12-13 07:00:00+00:00;True;1.23;3.3;65.1;2019-12-13;2019;12;50;347;13;4;8311;103;7;True
2019-12-13 08:00:00+00:00;True;1.27;5.4;57.8;2019-12-13;2019;12;50;347;13;4;8312;104;8;True
2019-12-13 09:00:00+00:00;True;2.04;11.74;152.9;2019-12-13;2019;12;50;347;13;4;8313;105;9;True
2019-12-13 10:00:00+00:00;True;2.11;17.91;108.8;2019-12-13;2019;12;50;347;13;4;8314;106;10;True
2019-12-13 11:00:00+00:00;True;2.11;21.75;129.7;2019-12-13;2019;12;50;347;13;4;8315;107;11;True
2019-12-13 12:00:00+00:00;True;1.87;11.05;147.9;2019-12-13;2019;12;50;347;13;4;8316;108;12;True
2019-12-13 13:00:00+00:00;True;1.63;19.22;111.2;2019-12-13;2019;12;50;347;13;4;8317;109;13;True
2019-12-13 14:00:00+00:00;True;1.3;5.93;113.3;2019-12-13;2019;12;50;347;13;4;8318;110;14;True
2019-12-13 15:00:00+00:00;True;0.89;3.24;143.3;2019-12-13;2019;12;50;347;13;4;8319;111;15;True
2019-12-13 16:00:00+00:00;True;0.86;3.18;135.1;2019-12-13;2019;12;50;347;13;4;8320;112;16;True
2019-12-13 17:00:00+00:00;True;0.76;3.09;144.6;2019-12-13;2019;12;50;347;13;4;8321;113;17;True
2019-12-13 18:00:00+00:00;True;0.48;2.02;51.0;2019-12-13;2019;12;50;347;13;4;8322;114;18;True
2019-12-13 19:00:00+00:00;True;0.45;1.59;54.3;2019-12-13;2019;12;50;347;13;4;8323;115;19;True
2019-12-13 20:00:00+00:00;True;0.58;2.08;59.3;2019-12-13;2019;12;50;347;13;4;8324;116;20;True
2019-12-13 21:00:00+00:00;True;0.8;1.21;62.3;2019-12-13;2019;12;50;347;13;4;8325;117;21;True
2019-12-13 22:00:00+00:00;True;0.93;1.47;31.0;2019-12-13;2019;12;50;347;13;4;8326;118;22;True
2019-12-13 23:00:00+00:00;True;1.14;1.28;44.2;2019-12-13;2019;12;50;347;13;4;8327;119;23;True
2019-12-14 00:00:00+00:00;True;1.16;1.12;43.1;2019-12-14;2019;12;50;348;14;5;8328;120;0;False
2019-12-14 01:00:00+00:00;True;1.48;1.04;45.6;2019-12-14;2019;12;50;348;14;5;8329;121;1;False
2019-12-14 02:00:00+00:00;True;1.56;1.37;34.3;2019-12-14;2019;12;50;348;14;5;8330;122;2;False
2019-12-14 03:00:00+00:00;True;1.5;1.48;34.3;2019-12-14;2019;12;50;348;14;5;8331;123;3;False
2019-12-14 04:00:00+00:00;True;1.44;1.44;43.1;2019-12-14;2019;12;50;348;14;5;8332;124;4;False
2019-12-14 05:00:00+00:00;True;1.3;1.57;35.3;2019-12-14;2019;12;50;348;14;5;8333;125;5;False
2019-12-14 06:00:00+00:00;True;1.33;1.54;38.8;2019-12-14;2019;12;50;348;14;5;8334;126;6;False
2019-12-14 07:00:00+00:00;True;1.39;1.93;61.0;2019-12-14;2019;12;50;348;14;5;8335;127;7;False
2019-12-14 09:00:00+00:00;True;1.41;18.22;41.9;2019-12-14;2019;12;50;348;14;5;8337;129;9;False
2019-12-14 10:00:00+00:00;True;1.43;21.28;38.4;2019-12-14;2019;12;50;348;14;5;8338;130;10;False
2019-12-14 11:00:00+00:00;True;1.42;21.49;40.0;2019-12-14;2019;12;50;348;14;5;8339;131;11;False
2019-12-14 12:00:00+00:00;True;1.48;17.23;33.4;2019-12-14;2019;12;50;348;14;5;8340;132;12;False
2019-12-14 13:00:00+00:00;True;1.56;8.65;43.2;2019-12-14;2019;12;50;348;14;5;8341;133;13;False
2019-12-14 14:00:00+00:00;True;1.64;6.01;39.1;2019-12-14;2019;12;50;348;14;5;8342;134;14;False
2019-12-14 15:00:00+00:00;True;1.61;4.5;44.0;2019-12-14;2019;12;50;348;14;5;8343;135;15;False
2019-12-14 16:00:00+00:00;True;1.67;1.68;44.2;2019-12-14;2019;12;50;348;14;5;8344;136;16;False
2019-12-14 17:00:00+00:00;True;1.7;1.82;36.2;2019-12-14;2019;12;50;348;14;5;8345;137;17;False
2019-12-14 18:00:00+00:00;True;1.77;2.03;45.0;2019-12-14;2019;12;50;348;14;5;8346;138;18;False
2019-12-14 19:00:00+00:00;True;1.81;1.56;36.3;2019-12-14;2019;12;50;348;14;5;8347;139;19;False
2019-12-14 20:00:00+00:00;True;1.84;1.65;44.1;2019-12-14;2019;12;50;348;14;5;8348;140;20;False
2019-12-14 21:00:00+00:00;True;1.85;1.32;44.5;2019-12-14;2019;12;50;348;14;5;8349;141;21;False
2019-12-14 22:00:00+00:00;True;1.85;0.71;26.5;2019-12-14;2019;12;50;348;14;5;8350;142;22;False
2019-12-14 23:00:00+00:00;True;1.39;0.64;21.1;2019-12-14;2019;12;50;348;14;5;8351;143;23;False
2019-12-15 00:00:00+00:00;True;0.65;0.84;30.5;2019-12-15;2019;12;50;349;15;6;8352;144;0;False
2019-12-15 01:00:00+00:00;True;0.42;1.7;31.8;2019-12-15;2019;12;50;349;15;6;8353;145;1;False
2019-12-15 02:00:00+00:00;True;0.67;1.31;27.7;2019-12-15;2019;12;50;349;15;6;8354;146;2;False
2019-12-15 03:00:00+00:00;True;0.94;1.4;26.0;2019-12-15;2019;12;50;349;15;6;8355;147;3;False
2019-12-15 04:00:00+00:00;True;1.1;1.47;29.7;2019-12-15;2019;12;50;349;15;6;8356;148;4;False
2019-12-15 05:00:00+00:00;True;1.05;1.14;24.1;2019-12-15;2019;12;50;349;15;6;8357;149;5;False
2019-12-15 06:00:00+00:00;True;1.08;1.23;20.5;2019-12-15;2019;12;50;349;15;6;8358;150;6;False
2019-12-15 07:00:00+00:00;True;1.03;1.43;42.2;2019-12-15;2019;12;50;349;15;6;8359;151;7;False
2019-12-15 08:00:00+00:00;True;1.02;12.06;37.0;2019-12-15;2019;12;50;349;15;6;8360;152;8;False
2019-12-15 09:00:00+00:00;True;1.1;16.48;39.1;2019-12-15;2019;12;50;349;15;6;8361;153;9;False
2019-12-15 10:00:00+00:00;True;1.23;9.59;47.2;2019-12-15;2019;12;50;349;15;6;8362;154;10;False
2019-12-15 11:00:00+00:00;True;1.28;12.18;43.4;2019-12-15;2019;12;50;349;15;6;8363;155;11;False
2019-12-15 12:00:00+00:00;True;1.07;20.62;33.4;2019-12-15;2019;12;50;349;15;6;8364;156;12;False
2019-12-15 13:00:00+00:00;True;1.21;13.38;43.7;2019-12-15;2019;12;50;349;15;6;8365;157;13;False
2019-12-15 14:00:00+00:00;True;1.28;2.11;34.8;2019-12-15;2019;12;50;349;15;6;8366;158;14;False
2019-12-15 15:00:00+00:00;True;1.15;1.24;43.8;2019-12-15;2019;12;50;349;15;6;8367;159;15;False
2019-12-15 16:00:00+00:00;True;0.98;1.53;48.6;2019-12-15;2019;12;50;349;15;6;8368;160;16;False
2019-12-15 17:00:00+00:00;True;1.18;1.42;40.3;2019-12-15;2019;12;50;349;15;6;8369;161;17;False
2019-12-15 18:00:00+00:00;True;1.57;1.63;39.4;2019-12-15;2019;12;50;349;15;6;8370;162;18;False
2019-12-15 19:00:00+00:00;True;1.85;1.26;38.3;2019-12-15;2019;12;50;349;15;6;8371;163;19;False
2019-12-15 20:00:00+00:00;True;2.54;1.19;45.4;2019-12-15;2019;12;50;349;15;6;8372;164;20;False
2019-12-15 21:00:00+00:00;True;2.86;1.17;36.9;2019-12-15;2019;12;50;349;15;6;8373;165;21;False
2019-12-15 22:00:00+00:00;True;3.04;1.38;39.2;2019-12-15;2019;12;50;349;15;6;8374;166;22;False
2019-12-15 23:00:00+00:00;True;2.83;1.41;25.6;2019-12-15;2019;12;50;349;15;6;8375;167;23;False
2019-12-16 00:00:00+00:00;True;2.17;1.23;26.4;2019-12-16;2019;12;51;350;16;0;8376;0;0;True
2019-12-16 01:00:00+00:00;True;1.59;1.15;26.2;2019-12-16;2019;12;51;350;16;0;8377;1;1;True
2019-12-16 02:00:00+00:00;True;2.02;1.5;28.9;2019-12-16;2019;12;51;350;16;0;8378;2;2;True
2019-12-16 03:00:00+00:00;True;2.29;1.55;29.6;2019-12-16;2019;12;51;350;16;0;8379;3;3;True
2019-12-16 04:00:00+00:00;True;1.94;1.23;28.3;2019-12-16;2019;12;51;350;16;0;8380;4;4;True
2019-12-16 05:00:00+00:00;True;1.88;1.22;38.1;2019-12-16;2019;12;51;350;16;0;8381;5;5;True
2019-12-16 06:00:00+00:00;True;2.18;1.17;28.3;2019-12-16;2019;12;51;350;16;0;8382;6;6;True
2019-12-16 07:00:00+00:00;True;2.85;1.68;48.3;2019-12-16;2019;12;51;350;16;0;8383;7;7;True
2019-12-16 08:00:00+00:00;True;3.0;8.87;43.7;2019-12-16;2019;12;51;350;16;0;8384;8;8;True
2019-12-16 09:00:00+00:00;True;2.68;32.63;133.4;2019-12-16;2019;12;51;350;16;0;8385;9;9;True
2019-12-16 10:00:00+00:00;True;2.21;59.07;142.9;2019-12-16;2019;12;51;350;16;0;8386;10;10;True
2019-12-16 11:00:00+00:00;True;2.2;44.6;105.4;2019-12-16;2019;12;51;350;16;0;8387;11;11;True
2019-12-16 12:00:00+00:00;True;2.42;20.42;144.1;2019-12-16;2019;12;51;350;16;0;8388;12;12;True
2019-12-16 13:00:00+00:00;True;2.42;7.39;111.5;2019-12-16;2019;12;51;350;16;0;8389;13;13;True
2019-12-16 14:00:00+00:00;True;2.79;3.3;138.9;2019-12-16;2019;12;51;350;16;0;8390;14;14;True
2019-12-16 15:00:00+00:00;True;3.07;2.04;97.8;2019-12-16;2019;12;51;350;16;0;8391;15;15;True
2019-12-16 16:00:00+00:00;True;2.98;2.12;126.0;2019-12-16;2019;12;51;350;16;0;8392;16;16;True
2019-12-16 17:00:00+00:00;True;3.13;1.52;98.5;2019-12-16;2019;12;51;350;16;0;8393;17;17;True
2019-12-16 18:00:00+00:00;True;3.21;3.46;50.5;2019-12-16;2019;12;51;350;16;0;8394;18;18;True
2019-12-16 19:00:00+00:00;True;3.17;4.0;54.7;2019-12-16;2019;12;51;350;16;0;8395;19;19;True
2019-12-16 20:00:00+00:00;True;3.19;1.73;82.5;2019-12-16;2019;12;51;350;16;0;8396;20;20;True
2019-12-16 21:00:00+00:00;True;2.72;1.02;57.8;2019-12-16;2019;12;51;350;16;0;8397;21;21;True
2019-12-16 22:00:00+00:00;True;3.06;3.19;40.3;2019-12-16;2019;12;51;350;16;0;8398;22;22;True
2019-12-16 23:00:00+00:00;True;3.37;3.81;36.2;2019-12-16;2019;12;51;350;16;0;8399;23;23;True
2019-12-17 00:00:00+00:00;True;3.51;4.33;33.3;2019-12-17;2019;12;51;351;17;1;8400;24;0;True
2019-12-17 01:00:00+00:00;True;3.42;4.27;36.4;2019-12-17;2019;12;51;351;17;1;8401;25;1;True
2019-12-17 02:00:00+00:00;True;3.59;4.1;30.8;2019-12-17;2019;12;51;351;17;1;8402;26;2;True
2019-12-17 03:00:00+00:00;True;3.42;3.23;29.1;2019-12-17;2019;12;51;351;17;1;8403;27;3;True
2019-12-17 04:00:00+00:00;True;3.3;1.62;35.0;2019-12-17;2019;12;51;351;17;1;8404;28;4;True
2019-12-17 05:00:00+00:00;True;3.47;1.51;30.7;2019-12-17;2019;12;51;351;17;1;8405;29;5;True
2019-12-17 06:00:00+00:00;True;3.61;1.06;38.9;2019-12-17;2019;12;51;351;17;1;8406;30;6;True
2019-12-17 07:00:00+00:00;True;3.87;1.39;48.2;2019-12-17;2019;12;51;351;17;1;8407;31;7;True
2019-12-17 08:00:00+00:00;True;4.01;10.22;48.8;2019-12-17;2019;12;51;351;17;1;8408;32;8;True
2019-12-17 09:00:00+00:00;True;4.28;53.8;133.9;2019-12-17;2019;12;51;351;17;1;8409;33;9;True
2019-12-17 10:00:00+00:00;True;4.62;65.27;105.6;2019-12-17;2019;12;51;351;17;1;8410;34;10;True
2019-12-17 11:00:00+00:00;True;4.94;96.69;138.6;2019-12-17;2019;12;51;351;17;1;8411;35;11;True
2019-12-17 12:00:00+00:00;True;5.19;41.47;137.4;2019-12-17;2019;12;51;351;17;1;8412;36;12;True
2019-12-17 13:00:00+00:00;True;4.91;17.06;97.7;2019-12-17;2019;12;51;351;17;1;8413;37;13;True
2019-12-17 14:00:00+00:00;True;4.86;5.06;95.3;2019-12-17;2019;12;51;351;17;1;8414;38;14;True
2019-12-17 15:00:00+00:00;True;4.54;3.18;91.4;2019-12-17;2019;12;51;351;17;1;8415;39;15;True
2019-12-17 16:00:00+00:00;True;4.3;3.66;89.1;2019-12-17;2019;12;51;351;17;1;8416;40;16;True
2019-12-17 17:00:00+00:00;True;4.35;4.39;88.5;2019-12-17;2019;12;51;351;17;1;8417;41;17;True
2019-12-17 18:00:00+00:00;True;4.26;4.27;45.3;2019-12-17;2019;12;51;351;17;1;8418;42;18;True
2019-12-17 19:00:00+00:00;True;4.29;3.89;53.5;2019-12-17;2019;12;51;351;17;1;8419;43;19;True
2019-12-17 20:00:00+00:00;True;4.17;3.4;53.3;2019-12-17;2019;12;51;351;17;1;8420;44;20;True
2019-12-17 21:00:00+00:00;True;3.88;3.49;52.2;2019-12-17;2019;12;51;351;17;1;8421;45;21;True
2019-12-17 22:00:00+00:00;True;4.09;3.22;36.8;2019-12-17;2019;12;51;351;17;1;8422;46;22;True
2019-12-17 23:00:00+00:00;True;3.96;2.91;30.8;2019-12-17;2019;12;51;351;17;1;8423;47;23;True
2019-12-18 00:00:00+00:00;True;3.84;3.24;41.1;2019-12-18;2019;12;51;352;18;2;8424;48;0;True
2019-12-18 01:00:00+00:00;True;3.78;3.56;31.9;2019-12-18;2019;12;51;352;18;2;8425;49;1;True
2019-12-18 02:00:00+00:00;True;3.82;3.84;35.2;2019-12-18;2019;12;51;352;18;2;8426;50;2;True
2019-12-18 03:00:00+00:00;True;4.08;3.66;29.1;2019-12-18;2019;12;51;352;18;2;8427;51;3;True
2019-12-18 04:00:00+00:00;True;4.41;4.04;31.6;2019-12-18;2019;12;51;352;18;2;8428;52;4;True
2019-12-18 05:00:00+00:00;True;4.96;4.7;29.3;2019-12-18;2019;12;51;352;18;2;8429;53;5;True
2019-12-18 06:00:00+00:00;True;5.09;4.28;28.2;2019-12-18;2019;12;51;352;18;2;8430;54;6;True
2019-12-18 07:00:00+00:00;True;5.2;4.51;39.6;2019-12-18;2019;12;51;352;18;2;8431;55;7;True
2019-12-18 08:00:00+00:00;True;5.28;8.47;54.3;2019-12-18;2019;12;51;352;18;2;8432;56;8;True
2019-12-18 09:00:00+00:00;True;5.67;16.43;124.5;2019-12-18;2019;12;51;352;18;2;8433;57;9;True
2019-12-18 10:00:00+00:00;True;6.22;31.55;119.6;2019-12-18;2019;12;51;352;18;2;8434;58;10;True
2019-12-18 11:00:00+00:00;True;8.32;37.75;102.5;2019-12-18;2019;12;51;352;18;2;8435;59;11;True
2019-12-18 12:00:00+00:00;True;8.53;25.45;126.7;2019-12-18;2019;12;51;352;18;2;8436;60;12;True
2019-12-18 13:00:00+00:00;True;8.9;8.49;114.8;2019-12-18;2019;12;51;352;18;2;8437;61;13;True
2019-12-18 14:00:00+00:00;True;8.57;4.84;94.7;2019-12-18;2019;12;51;352;18;2;8438;62;14;True
2019-12-18 15:00:00+00:00;True;7.07;0.98;80.5;2019-12-18;2019;12;51;352;18;2;8439;63;15;True
2019-12-18 16:00:00+00:00;True;4.94;2.4;100.9;2019-12-18;2019;12;51;352;18;2;8440;64;16;True
2019-12-18 17:00:00+00:00;True;4.33;3.55;79.9;2019-12-18;2019;12;51;352;18;2;8441;65;17;True
2019-12-18 18:00:00+00:00;True;4.11;3.79;45.3;2019-12-18;2019;12;51;352;18;2;8442;66;18;True
2019-12-18 19:00:00+00:00;True;3.99;4.72;46.5;2019-12-18;2019;12;51;352;18;2;8443;67;19;True
2019-12-18 20:00:00+00:00;True;3.96;4.96;47.7;2019-12-18;2019;12;51;352;18;2;8444;68;20;True
2019-12-18 21:00:00+00:00;True;3.58;4.2;47.0;2019-12-18;2019;12;51;352;18;2;8445;69;21;True
2019-12-18 22:00:00+00:00;True;3.21;4.83;41.0;2019-12-18;2019;12;51;352;18;2;8446;70;22;True
2019-12-18 23:00:00+00:00;True;2.99;5.48;28.7;2019-12-18;2019;12;51;352;18;2;8447;71;23;True
2019-12-19 00:00:00+00:00;True;2.98;5.5;31.6;2019-12-19;2019;12;51;353;19;3;8448;72;0;True
2019-12-19 01:00:00+00:00;True;2.52;5.45;40.8;2019-12-19;2019;12;51;353;19;3;8449;73;1;True
2019-12-19 02:00:00+00:00;True;2.15;5.28;35.6;2019-12-19;2019;12;51;353;19;3;8450;74;2;True
2019-12-19 03:00:00+00:00;True;1.82;4.85;43.7;2019-12-19;2019;12;51;353;19;3;8451;75;3;True
2019-12-19 04:00:00+00:00;True;1.41;4.2;42.4;2019-12-19;2019;12;51;353;19;3;8452;76;4;True
2019-12-19 05:00:00+00:00;True;1.03;5.24;41.3;2019-12-19;2019;12;51;353;19;3;8453;77;5;True
2019-12-19 06:00:00+00:00;True;1.1;4.83;36.6;2019-12-19;2019;12;51;353;19;3;8454;78;6;True
2019-12-19 07:00:00+00:00;True;1.28;5.46;62.7;2019-12-19;2019;12;51;353;19;3;8455;79;7;True
2019-12-19 08:00:00+00:00;True;1.46;16.55;53.9;2019-12-19;2019;12;51;353;19;3;8456;80;8;True
2019-12-19 09:00:00+00:00;True;1.68;48.08;145.4;2019-12-19;2019;12;51;353;19;3;8457;81;9;True
2019-12-19 10:00:00+00:00;True;2.17;77.63;95.8;2019-12-19;2019;12;51;353;19;3;8458;82;10;True
2019-12-19 11:00:00+00:00;True;2.79;114.58;128.4;2019-12-19;2019;12;51;353;19;3;8459;83;11;True
2019-12-19 12:00:00+00:00;True;2.85;71.34;103.8;2019-12-19;2019;12;51;353;19;3;8460;84;12;True
2019-12-19 13:00:00+00:00;True;2.28;28.66;121.5;2019-12-19;2019;12;51;353;19;3;8461;85;13;True
2019-12-19 14:00:00+00:00;True;1.93;6.48;119.4;2019-12-19;2019;12;51;353;19;3;8462;86;14;True
2019-12-19 15:00:00+00:00;True;1.68;3.58;125.4;2019-12-19;2019;12;51;353;19;3;8463;87;15;True
2019-12-19 16:00:00+00:00;True;1.53;3.65;126.9;2019-12-19;2019;12;51;353;19;3;8464;88;16;True
2019-12-19 17:00:00+00:00;True;1.33;3.72;112.7;2019-12-19;2019;12;51;353;19;3;8465;89;17;True
2019-12-19 18:00:00+00:00;True;0.83;3.74;59.1;2019-12-19;2019;12;51;353;19;3;8466;90;18;True
2019-12-19 19:00:00+00:00;True;0.73;4.96;53.3;2019-12-19;2019;12;51;353;19;3;8467;91;19;True
2019-12-19 20:00:00+00:00;True;1.14;4.34;58.8;2019-12-19;2019;12;51;353;19;3;8468;92;20;True
2019-12-19 21:00:00+00:00;True;1.03;3.81;50.6;2019-12-19;2019;12;51;353;19;3;8469;93;21;True
2019-12-19 22:00:00+00:00;True;0.61;3.78;48.4;2019-12-19;2019;12;51;353;19;3;8470;94;22;True
2019-12-19 23:00:00+00:00;True;1.25;4.32;33.1;2019-12-19;2019;12;51;353;19;3;8471;95;23;True
2019-12-20 00:00:00+00:00;True;1.45;4.7;32.9;2019-12-20;2019;12;51;354;20;4;8472;96;0;True
2019-12-20 01:00:00+00:00;True;1.61;4.59;32.1;2019-12-20;2019;12;51;354;20;4;8473;97;1;True
2019-12-20 02:00:00+00:00;True;1.7;4.57;32.0;2019-12-20;2019;12;51;354;20;4;8474;98;2;True
2019-12-20 03:00:00+00:00;True;1.67;4.31;31.5;2019-12-20;2019;12;51;354;20;4;8475;99;3;True
2019-12-20 04:00:00+00:00;True;1.5;4.05;46.9;2019-12-20;2019;12;51;354;20;4;8476;100;4;True
2019-12-20 05:00:00+00:00;True;1.32;3.46;37.7;2019-12-20;2019;12;51;354;20;4;8477;101;5;True
2019-12-20 06:00:00+00:00;True;1.68;3.78;45.6;2019-12-20;2019;12;51;354;20;4;8478;102;6;True
2019-12-20 07:00:00+00:00;True;1.25;4.07;65.2;2019-12-20;2019;12;51;354;20;4;8479;103;7;True
2019-12-20 08:00:00+00:00;True;0.81;18.03;56.4;2019-12-20;2019;12;51;354;20;4;8480;104;8;True
2019-12-20 09:00:00+00:00;True;0.74;44.51;155.4;2019-12-20;2019;12;51;354;20;4;8481;105;9;True
2019-12-20 10:00:00+00:00;True;0.95;46.82;103.2;2019-12-20;2019;12;51;354;20;4;8482;106;10;True
2019-12-20 11:00:00+00:00;True;1.01;57.69;115.1;2019-12-20;2019;12;51;354;20;4;8483;107;11;True
2019-12-20 12:00:00+00:00;True;1.12;50.45;133.2;2019-12-20;2019;12;51;354;20;4;8484;108;12;True
2019-12-20 13:00:00+00:00;True;0.99;18.97;113.7;2019-12-20;2019;12;51;354;20;4;8485;109;13;True
2019-12-20 14:00:00+00:00;True;0.74;6.55;28.5;2019-12-20;2019;12;51;354;20;4;8486;110;14;True
2019-12-20 15:00:00+00:00;True;0.87;4.04;29.7;2019-12-20;2019;12;51;354;20;4;8487;111;15;True
2019-12-20 16:00:00+00:00;True;0.94;3.84;29.8;2019-12-20;2019;12;51;354;20;4;8488;112;16;True
2019-12-20 17:00:00+00:00;True;0.84;3.52;27.5;2019-12-20;2019;12;51;354;20;4;8489;113;17;True
2019-12-20 18:00:00+00:00;True;1.02;4.2;25.1;2019-12-20;2019;12;51;354;20;4;8490;114;18;True
2019-12-20 19:00:00+00:00;True;1.26;5.26;36.1;2019-12-20;2019;12;51;354;20;4;8491;115;19;True
2019-12-20 20:00:00+00:00;True;1.5;4.33;26.7;2019-12-20;2019;12;51;354;20;4;8492;116;20;True
2019-12-20 21:00:00+00:00;True;1.58;3.97;19.7;2019-12-20;2019;12;51;354;20;4;8493;117;21;True
2019-12-20 22:00:00+00:00;True;1.66;3.89;16.8;2019-12-20;2019;12;51;354;20;4;8494;118;22;True
2019-12-20 23:00:00+00:00;True;1.72;3.9;31.2;2019-12-20;2019;12;51;354;20;4;8495;119;23;True
2019-12-21 00:00:00+00:00;True;1.76;4.61;17.5;2019-12-21;2019;12;51;355;21;5;8496;120;0;False
2019-12-21 01:00:00+00:00;True;1.74;4.6;17.1;2019-12-21;2019;12;51;355;21;5;8497;121;1;False
2019-12-21 02:00:00+00:00;True;1.73;4.91;17.1;2019-12-21;2019;12;51;355;21;5;8498;122;2;False
2019-12-21 03:00:00+00:00;True;1.71;5.85;21.3;2019-12-21;2019;12;51;355;21;5;8499;123;3;False
2019-12-21 04:00:00+00:00;True;1.82;4.67;29.8;2019-12-21;2019;12;51;355;21;5;8500;124;4;False
2019-12-21 05:00:00+00:00;True;1.67;4.05;23.2;2019-12-21;2019;12;51;355;21;5;8501;125;5;False
2019-12-21 06:00:00+00:00;True;1.54;4.12;28.5;2019-12-21;2019;12;51;355;21;5;8502;126;6;False
2019-12-21 07:00:00+00:00;True;1.45;4.43;15.5;2019-12-21;2019;12;51;355;21;5;8503;127;7;False
2019-12-21 08:00:00+00:00;True;1.47;6.8;24.2;2019-12-21;2019;12;51;355;21;5;8504;128;8;False
2019-12-21 09:00:00+00:00;True;1.59;11.78;24.4;2019-12-21;2019;12;51;355;21;5;8505;129;9;False
2019-12-21 10:00:00+00:00;True;1.88;14.57;37.6;2019-12-21;2019;12;51;355;21;5;8506;130;10;False
2019-12-21 11:00:00+00:00;True;2.1;22.5;25.3;2019-12-21;2019;12;51;355;21;5;8507;131;11;False
2019-12-21 12:00:00+00:00;True;2.26;26.81;39.8;2019-12-21;2019;12;51;355;21;5;8508;132;12;False
2019-12-21 13:00:00+00:00;True;2.26;20.46;28.0;2019-12-21;2019;12;51;355;21;5;8509;133;13;False
2019-12-21 14:00:00+00:00;True;2.01;6.39;21.4;2019-12-21;2019;12;51;355;21;5;8510;134;14;False
2019-12-21 15:00:00+00:00;True;1.92;3.99;37.8;2019-12-21;2019;12;51;355;21;5;8511;135;15;False
2019-12-21 16:00:00+00:00;True;1.87;4.09;31.5;2019-12-21;2019;12;51;355;21;5;8512;136;16;False
2019-12-21 17:00:00+00:00;True;1.85;4.54;20.0;2019-12-21;2019;12;51;355;21;5;8513;137;17;False
2019-12-21 18:00:00+00:00;True;1.81;4.4;21.5;2019-12-21;2019;12;51;355;21;5;8514;138;18;False
2019-12-21 19:00:00+00:00;True;1.8;5.04;23.2;2019-12-21;2019;12;51;355;21;5;8515;139;19;False
2019-12-21 20:00:00+00:00;True;1.89;5.01;22.0;2019-12-21;2019;12;51;355;21;5;8516;140;20;False
2019-12-21 21:00:00+00:00;True;2.06;4.78;33.7;2019-12-21;2019;12;51;355;21;5;8517;141;21;False
2019-12-21 22:00:00+00:00;True;2.16;3.98;29.7;2019-12-21;2019;12;51;355;21;5;8518;142;22;False
2019-12-21 23:00:00+00:00;True;2.38;3.9;27.3;2019-12-21;2019;12;51;355;21;5;8519;143;23;False
2019-12-22 00:00:00+00:00;True;2.61;3.83;30.2;2019-12-22;2019;12;51;356;22;6;8520;144;0;False
2019-12-22 01:00:00+00:00;True;2.8;3.89;16.3;2019-12-22;2019;12;51;356;22;6;8521;145;1;False
2019-12-22 02:00:00+00:00;True;3.02;3.96;31.4;2019-12-22;2019;12;51;356;22;6;8522;146;2;False
2019-12-22 03:00:00+00:00;True;3.3;3.94;14.9;2019-12-22;2019;12;51;356;22;6;8523;147;3;False
2019-12-22 04:00:00+00:00;True;3.74;3.84;16.7;2019-12-22;2019;12;51;356;22;6;8524;148;4;False
2019-12-22 05:00:00+00:00;True;4.09;3.63;31.5;2019-12-22;2019;12;51;356;22;6;8525;149;5;False
2019-12-22 06:00:00+00:00;True;4.41;3.44;18.0;2019-12-22;2019;12;51;356;22;6;8526;150;6;False
2019-12-22 07:00:00+00:00;True;4.73;4.08;17.4;2019-12-22;2019;12;51;356;22;6;8527;151;7;False
2019-12-22 08:00:00+00:00;True;4.98;8.4;20.9;2019-12-22;2019;12;51;356;22;6;8528;152;8;False
2019-12-22 09:00:00+00:00;True;5.47;14.35;22.1;2019-12-22;2019;12;51;356;22;6;8529;153;9;False
2019-12-22 10:00:00+00:00;True;5.83;15.55;24.0;2019-12-22;2019;12;51;356;22;6;8530;154;10;False
2019-12-22 11:00:00+00:00;True;5.79;26.06;20.6;2019-12-22;2019;12;51;356;22;6;8531;155;11;False
2019-12-22 12:00:00+00:00;True;5.86;25.75;15.3;2019-12-22;2019;12;51;356;22;6;8532;156;12;False
2019-12-22 13:00:00+00:00;True;5.92;9.08;26.1;2019-12-22;2019;12;51;356;22;6;8533;157;13;False
2019-12-22 14:00:00+00:00;True;5.64;4.01;14.9;2019-12-22;2019;12;51;356;22;6;8534;158;14;False
2019-12-22 15:00:00+00:00;True;5.33;3.52;23.0;2019-12-22;2019;12;51;356;22;6;8535;159;15;False
2019-12-22 16:00:00+00:00;True;5.22;4.27;15.3;2019-12-22;2019;12;51;356;22;6;8536;160;16;False
2019-12-22 17:00:00+00:00;True;5.22;4.24;27.2;2019-12-22;2019;12;51;356;22;6;8537;161;17;False
2019-12-22 18:00:00+00:00;True;5.19;3.76;24.6;2019-12-22;2019;12;51;356;22;6;8538;162;18;False
2019-12-22 19:00:00+00:00;True;5.2;3.91;25.5;2019-12-22;2019;12;51;356;22;6;8539;163;19;False
2019-12-22 20:00:00+00:00;True;5.07;3.84;22.5;2019-12-22;2019;12;51;356;22;6;8540;164;20;False
2019-12-22 21:00:00+00:00;True;5.09;3.91;17.0;2019-12-22;2019;12;51;356;22;6;8541;165;21;False
2019-12-22 22:00:00+00:00;True;5.14;3.61;29.0;2019-12-22;2019;12;51;356;22;6;8542;166;22;False
2019-12-22 23:00:00+00:00;True;5.07;3.62;28.7;2019-12-22;2019;12;51;356;22;6;8543;167;23;False
2019-12-23 00:00:00+00:00;True;5.06;3.53;17.2;2019-12-23;2019;12;52;357;23;0;8544;0;0;True
2019-12-23 01:00:00+00:00;True;4.98;3.87;30.9;2019-12-23;2019;12;52;357;23;0;8545;1;1;True
2019-12-23 02:00:00+00:00;True;4.91;3.73;21.4;2019-12-23;2019;12;52;357;23;0;8546;2;2;True
2019-12-23 03:00:00+00:00;True;4.8;3.61;26.9;2019-12-23;2019;12;52;357;23;0;8547;3;3;True
2019-12-23 04:00:00+00:00;True;4.65;3.64;22.4;2019-12-23;2019;12;52;357;23;0;8548;4;4;True
2019-12-23 05:00:00+00:00;True;4.5;3.55;16.1;2019-12-23;2019;12;52;357;23;0;8549;5;5;True
2019-12-23 06:00:00+00:00;True;4.35;3.51;16.6;2019-12-23;2019;12;52;357;23;0;8550;6;6;True
2019-12-23 07:00:00+00:00;True;4.33;3.52;17.6;2019-12-23;2019;12;52;357;23;0;8551;7;7;True
2019-12-23 08:00:00+00:00;True;4.37;7.08;28.1;2019-12-23;2019;12;52;357;23;0;8552;8;8;True
2019-12-23 09:00:00+00:00;True;4.46;16.85;29.0;2019-12-23;2019;12;52;357;23;0;8553;9;9;True
2019-12-23 10:00:00+00:00;True;4.58;30.79;18.8;2019-12-23;2019;12;52;357;23;0;8554;10;10;True
2019-12-23 11:00:00+00:00;True;4.6;41.15;16.3;2019-12-23;2019;12;52;357;23;0;8555;11;11;True
2019-12-23 12:00:00+00:00;True;4.65;24.15;27.9;2019-12-23;2019;12;52;357;23;0;8556;12;12;True
2019-12-23 13:00:00+00:00;True;4.75;15.78;16.6;2019-12-23;2019;12;52;357;23;0;8557;13;13;True
2019-12-23 14:00:00+00:00;True;4.75;5.6;17.5;2019-12-23;2019;12;52;357;23;0;8558;14;14;True
2019-12-23 15:00:00+00:00;True;4.72;4.82;33.6;2019-12-23;2019;12;52;357;23;0;8559;15;15;True
2019-12-23 16:00:00+00:00;True;4.6;5.09;17.5;2019-12-23;2019;12;52;357;23;0;8560;16;16;True
2019-12-23 17:00:00+00:00;True;4.56;5.39;23.5;2019-12-23;2019;12;52;357;23;0;8561;17;17;True
2019-12-23 18:00:00+00:00;True;4.64;5.18;17.7;2019-12-23;2019;12;52;357;23;0;8562;18;18;True
2019-12-23 19:00:00+00:00;True;4.66;3.89;22.9;2019-12-23;2019;12;52;357;23;0;8563;19;19;True
2019-12-23 20:00:00+00:00;True;4.57;4.25;22.7;2019-12-23;2019;12;52;357;23;0;8564;20;20;True
2019-12-23 21:00:00+00:00;True;4.52;4.89;18.5;2019-12-23;2019;12;52;357;23;0;8565;21;21;True
2019-12-23 22:00:00+00:00;True;4.56;4.06;29.8;2019-12-23;2019;12;52;357;23;0;8566;22;22;True
2019-12-23 23:00:00+00:00;True;4.62;3.5;24.9;2019-12-23;2019;12;52;357;23;0;8567;23;23;True
2019-12-24 00:00:00+00:00;True;4.64;3.73;29.8;2019-12-24;2019;12;52;358;24;1;8568;24;0;True
2019-12-24 01:00:00+00:00;True;4.55;3.84;26.9;2019-12-24;2019;12;52;358;24;1;8569;25;1;True
2019-12-24 02:00:00+00:00;True;4.48;4.27;28.3;2019-12-24;2019;12;52;358;24;1;8570;26;2;True
2019-12-24 03:00:00+00:00;True;4.32;4.27;24.3;2019-12-24;2019;12;52;358;24;1;8571;27;3;True
2019-12-24 04:00:00+00:00;True;4.3;4.2;23.5;2019-12-24;2019;12;52;358;24;1;8572;28;4;True
2019-12-24 05:00:00+00:00;True;4.16;4.07;25.6;2019-12-24;2019;12;52;358;24;1;8573;29;5;True
2019-12-24 06:00:00+00:00;True;4.05;3.68;22.8;2019-12-24;2019;12;52;358;24;1;8574;30;6;True
2019-12-24 07:00:00+00:00;True;4.0;4.0;27.2;2019-12-24;2019;12;52;358;24;1;8575;31;7;True
2019-12-24 08:00:00+00:00;True;3.94;9.68;17.6;2019-12-24;2019;12;52;358;24;1;8576;32;8;True
2019-12-24 09:00:00+00:00;True;3.95;23.71;19.4;2019-12-24;2019;12;52;358;24;1;8577;33;9;True
2019-12-24 10:00:00+00:00;True;4.24;41.89;20.7;2019-12-24;2019;12;52;358;24;1;8578;34;10;True
2019-12-24 11:00:00+00:00;True;4.45;59.96;27.0;2019-12-24;2019;12;52;358;24;1;8579;35;11;True
2019-12-24 12:00:00+00:00;True;4.55;28.58;17.4;2019-12-24;2019;12;52;358;24;1;8580;36;12;True
2019-12-24 13:00:00+00:00;True;4.42;14.0;18.3;2019-12-24;2019;12;52;358;24;1;8581;37;13;True
2019-12-24 14:00:00+00:00;True;4.31;5.57;19.6;2019-12-24;2019;12;52;358;24;1;8582;38;14;True
2019-12-24 15:00:00+00:00;True;4.16;3.76;31.3;2019-12-24;2019;12;52;358;24;1;8583;39;15;True
2019-12-24 16:00:00+00:00;True;4.02;3.3;31.7;2019-12-24;2019;12;52;358;24;1;8584;40;16;True
2019-12-24 17:00:00+00:00;True;3.9;2.91;32.0;2019-12-24;2019;12;52;358;24;1;8585;41;17;True
2019-12-24 18:00:00+00:00;True;3.69;3.19;20.4;2019-12-24;2019;12;52;358;24;1;8586;42;18;True
2019-12-24 19:00:00+00:00;True;3.62;3.89;18.8;2019-12-24;2019;12;52;358;24;1;8587;43;19;True
2019-12-24 20:00:00+00:00;True;3.65;3.74;19.1;2019-12-24;2019;12;52;358;24;1;8588;44;20;True
2019-12-24 21:00:00+00:00;True;3.59;2.64;16.4;2019-12-24;2019;12;52;358;24;1;8589;45;21;True
2019-12-24 22:00:00+00:00;True;3.55;2.81;26.6;2019-12-24;2019;12;52;358;24;1;8590;46;22;True
2019-12-24 23:00:00+00:00;True;3.56;3.23;31.9;2019-12-24;2019;12;52;358;24;1;8591;47;23;True
2019-12-25 00:00:00+00:00;True;3.59;3.26;19.4;2019-12-25;2019;12;52;359;25;2;8592;48;0;True
2019-12-25 01:00:00+00:00;True;3.43;3.07;18.9;2019-12-25;2019;12;52;359;25;2;8593;49;1;True
2019-12-25 02:00:00+00:00;True;3.18;3.14;19.8;2019-12-25;2019;12;52;359;25;2;8594;50;2;True
2019-12-25 03:00:00+00:00;True;3.05;3.7;28.3;2019-12-25;2019;12;52;359;25;2;8595;51;3;True
2019-12-25 04:00:00+00:00;True;2.9;3.82;24.3;2019-12-25;2019;12;52;359;25;2;8596;52;4;True
2019-12-25 05:00:00+00:00;True;2.7;4.3;21.1;2019-12-25;2019;12;52;359;25;2;8597;53;5;True
2019-12-25 06:00:00+00:00;True;2.5;4.37;25.9;2019-12-25;2019;12;52;359;25;2;8598;54;6;True
2019-12-25 07:00:00+00:00;True;2.49;4.39;19.5;2019-12-25;2019;12;52;359;25;2;8599;55;7;True
2019-12-25 08:00:00+00:00;True;2.66;10.22;23.0;2019-12-25;2019;12;52;359;25;2;8600;56;8;True
2019-12-25 09:00:00+00:00;True;2.95;37.05;31.1;2019-12-25;2019;12;52;359;25;2;8601;57;9;True
2019-12-25 10:00:00+00:00;True;3.24;67.85;30.7;2019-12-25;2019;12;52;359;25;2;8602;58;10;True
2019-12-25 11:00:00+00:00;True;3.43;48.91;19.7;2019-12-25;2019;12;52;359;25;2;8603;59;11;True
2019-12-25 12:00:00+00:00;True;3.61;20.2;34.6;2019-12-25;2019;12;52;359;25;2;8604;60;12;True
2019-12-25 13:00:00+00:00;True;3.58;8.19;20.2;2019-12-25;2019;12;52;359;25;2;8605;61;13;True
2019-12-25 14:00:00+00:00;True;3.58;4.17;28.8;2019-12-25;2019;12;52;359;25;2;8606;62;14;True
2019-12-25 15:00:00+00:00;True;3.55;3.44;23.0;2019-12-25;2019;12;52;359;25;2;8607;63;15;True
2019-12-25 16:00:00+00:00;True;3.33;3.76;26.7;2019-12-25;2019;12;52;359;25;2;8608;64;16;True
2019-12-25 17:00:00+00:00;True;2.98;3.12;22.8;2019-12-25;2019;12;52;359;25;2;8609;65;17;True
2019-12-25 18:00:00+00:00;True;2.79;4.29;21.7;2019-12-25;2019;12;52;359;25;2;8610;66;18;True
2019-12-25 19:00:00+00:00;True;2.55;4.06;20.6;2019-12-25;2019;12;52;359;25;2;8611;67;19;True
2019-12-25 20:00:00+00:00;True;1.78;3.91;21.6;2019-12-25;2019;12;52;359;25;2;8612;68;20;True
2019-12-25 21:00:00+00:00;True;1.32;3.86;32.0;2019-12-25;2019;12;52;359;25;2;8613;69;21;True
2019-12-25 22:00:00+00:00;True;1.1;4.48;24.0;2019-12-25;2019;12;52;359;25;2;8614;70;22;True
2019-12-25 23:00:00+00:00;True;0.77;4.43;22.1;2019-12-25;2019;12;52;359;25;2;8615;71;23;True
2019-12-26 00:00:00+00:00;True;0.59;4.83;20.8;2019-12-26;2019;12;52;360;26;3;8616;72;0;True
2019-12-26 01:00:00+00:00;True;0.33;4.7;21.1;2019-12-26;2019;12;52;360;26;3;8617;73;1;True
2019-12-26 02:00:00+00:00;True;0.22;4.4;37.5;2019-12-26;2019;12;52;360;26;3;8618;74;2;True
2019-12-26 03:00:00+00:00;True;0.23;4.52;23.3;2019-12-26;2019;12;52;360;26;3;8619;75;3;True
2019-12-26 04:00:00+00:00;True;0.19;4.78;34.1;2019-12-26;2019;12;52;360;26;3;8620;76;4;True
2019-12-26 05:00:00+00:00;True;0.18;4.78;32.2;2019-12-26;2019;12;52;360;26;3;8621;77;5;True
2019-12-26 06:00:00+00:00;True;0.07;4.69;23.5;2019-12-26;2019;12;52;360;26;3;8622;78;6;True
2019-12-26 07:00:00+00:00;True;0.13;5.35;30.2;2019-12-26;2019;12;52;360;26;3;8623;79;7;True
2019-12-26 08:00:00+00:00;True;-0.03;17.06;30.2;2019-12-26;2019;12;52;360;26;3;8624;80;8;True
2019-12-26 09:00:00+00:00;True;0.05;38.36;25.9;2019-12-26;2019;12;52;360;26;3;8625;81;9;True
2019-12-26 10:00:00+00:00;True;0.28;43.38;24.3;2019-12-26;2019;12;52;360;26;3;8626;82;10;True
2019-12-26 11:00:00+00:00;True;0.43;55.11;35.3;2019-12-26;2019;12;52;360;26;3;8627;83;11;True
2019-12-26 12:00:00+00:00;True;0.48;32.23;22.0;2019-12-26;2019;12;52;360;26;3;8628;84;12;True
2019-12-26 13:00:00+00:00;True;0.36;17.36;25.9;2019-12-26;2019;12;52;360;26;3;8629;85;13;True
2019-12-26 14:00:00+00:00;True;0.26;6.47;23.3;2019-12-26;2019;12;52;360;26;3;8630;86;14;True
2019-12-26 15:00:00+00:00;True;0.27;5.42;34.4;2019-12-26;2019;12;52;360;26;3;8631;87;15;True
2019-12-26 16:00:00+00:00;True;0.26;5.39;34.4;2019-12-26;2019;12;52;360;26;3;8632;88;16;True
2019-12-26 17:00:00+00:00;True;0.16;6.07;23.7;2019-12-26;2019;12;52;360;26;3;8633;89;17;True
2019-12-26 18:00:00+00:00;True;0.15;4.6;20.1;2019-12-26;2019;12;52;360;26;3;8634;90;18;True
2019-12-26 19:00:00+00:00;True;0.24;4.59;22.8;2019-12-26;2019;12;52;360;26;3;8635;91;19;True
2019-12-26 20:00:00+00:00;True;0.28;4.62;25.3;2019-12-26;2019;12;52;360;26;3;8636;92;20;True
2019-12-26 21:00:00+00:00;True;0.13;4.56;23.7;2019-12-26;2019;12;52;360;26;3;8637;93;21;True
2019-12-26 22:00:00+00:00;True;0.1;4.61;37.2;2019-12-26;2019;12;52;360;26;3;8638;94;22;True
2019-12-26 23:00:00+00:00;True;0.19;4.38;32.2;2019-12-26;2019;12;52;360;26;3;8639;95;23;True
2019-12-27 00:00:00+00:00;True;0.24;4.49;23.7;2019-12-27;2019;12;52;361;27;4;8640;96;0;True
2019-12-27 01:00:00+00:00;True;0.2;4.57;24.2;2019-12-27;2019;12;52;361;27;4;8641;97;1;True
2019-12-27 02:00:00+00:00;True;0.16;4.27;37.7;2019-12-27;2019;12;52;361;27;4;8642;98;2;True
2019-12-27 03:00:00+00:00;True;0.14;4.72;23.9;2019-12-27;2019;12;52;361;27;4;8643;99;3;True
2019-12-27 04:00:00+00:00;True;0.19;4.81;24.1;2019-12-27;2019;12;52;361;27;4;8644;100;4;True
2019-12-27 05:00:00+00:00;True;0.05;4.84;33.0;2019-12-27;2019;12;52;361;27;4;8645;101;5;True
2019-12-27 06:00:00+00:00;True;0.11;4.53;37.0;2019-12-27;2019;12;52;361;27;4;8646;102;6;True
2019-12-27 07:00:00+00:00;True;0.25;4.92;27.9;2019-12-27;2019;12;52;361;27;4;8647;103;7;True
2019-12-27 08:00:00+00:00;True;0.06;11.83;22.3;2019-12-27;2019;12;52;361;27;4;8648;104;8;True
2019-12-27 09:00:00+00:00;True;0.13;33.3;27.9;2019-12-27;2019;12;52;361;27;4;8649;105;9;True
2019-12-27 10:00:00+00:00;True;0.15;40.35;30.9;2019-12-27;2019;12;52;361;27;4;8650;106;10;True
2019-12-27 11:00:00+00:00;True;0.15;32.74;26.2;2019-12-27;2019;12;52;361;27;4;8651;107;11;True
2019-12-27 12:00:00+00:00;True;0.29;23.08;25.3;2019-12-27;2019;12;52;361;27;4;8652;108;12;True
2019-12-27 13:00:00+00:00;True;0.11;15.25;25.5;2019-12-27;2019;12;52;361;27;4;8653;109;13;True
2019-12-27 14:00:00+00:00;True;-0.11;6.34;28.7;2019-12-27;2019;12;52;361;27;4;8654;110;14;True
2019-12-27 15:00:00+00:00;True;-0.42;4.85;32.5;2019-12-27;2019;12;52;361;27;4;8655;111;15;True
2019-12-27 16:00:00+00:00;True;-0.85;5.54;37.2;2019-12-27;2019;12;52;361;27;4;8656;112;16;True
2019-12-27 17:00:00+00:00;True;-0.97;5.18;27.1;2019-12-27;2019;12;52;361;27;4;8657;113;17;True
2019-12-27 18:00:00+00:00;True;-1.0;3.76;27.6;2019-12-27;2019;12;52;361;27;4;8658;114;18;True
2019-12-27 19:00:00+00:00;True;-1.11;4.61;28.8;2019-12-27;2019;12;52;361;27;4;8659;115;19;True
2019-12-27 20:00:00+00:00;True;-1.26;5.08;35.0;2019-12-27;2019;12;52;361;27;4;8660;116;20;True
2019-12-27 21:00:00+00:00;True;-1.46;4.94;32.4;2019-12-27;2019;12;52;361;27;4;8661;117;21;True
2019-12-27 22:00:00+00:00;True;-1.48;4.74;32.6;2019-12-27;2019;12;52;361;27;4;8662;118;22;True
2019-12-27 23:00:00+00:00;True;-1.44;4.79;27.7;2019-12-27;2019;12;52;361;27;4;8663;119;23;True
2019-12-28 00:00:00+00:00;True;-1.34;5.03;25.5;2019-12-28;2019;12;52;362;28;5;8664;120;0;False
2019-12-28 01:00:00+00:00;True;-1.31;4.96;26.7;2019-12-28;2019;12;52;362;28;5;8665;121;1;False
2019-12-28 02:00:00+00:00;True;-1.18;5.03;39.6;2019-12-28;2019;12;52;362;28;5;8666;122;2;False
2019-12-28 03:00:00+00:00;True;-1.17;4.9;25.3;2019-12-28;2019;12;52;362;28;5;8667;123;3;False
2019-12-28 04:00:00+00:00;True;-1.11;5.06;35.9;2019-12-28;2019;12;52;362;28;5;8668;124;4;False
2019-12-28 05:00:00+00:00;True;-1.1;5.07;27.9;2019-12-28;2019;12;52;362;28;5;8669;125;5;False
2019-12-28 06:00:00+00:00;True;-1.1;5.06;25.6;2019-12-28;2019;12;52;362;28;5;8670;126;6;False
2019-12-28 07:00:00+00:00;True;-1.02;4.76;37.1;2019-12-28;2019;12;52;362;28;5;8671;127;7;False
2019-12-28 08:00:00+00:00;True;-0.97;8.85;26.3;2019-12-28;2019;12;52;362;28;5;8672;128;8;False
2019-12-28 09:00:00+00:00;True;-1.09;20.17;25.7;2019-12-28;2019;12;52;362;28;5;8673;129;9;False
2019-12-28 10:00:00+00:00;True;-1.32;30.68;31.6;2019-12-28;2019;12;52;362;28;5;8674;130;10;False
2019-12-28 11:00:00+00:00;True;-1.5;31.69;34.5;2019-12-28;2019;12;52;362;28;5;8675;131;11;False
2019-12-28 12:00:00+00:00;True;-1.72;25.76;26.0;2019-12-28;2019;12;52;362;28;5;8676;132;12;False
2019-12-28 13:00:00+00:00;True;-1.91;16.04;28.2;2019-12-28;2019;12;52;362;28;5;8677;133;13;False
2019-12-28 14:00:00+00:00;True;-2.13;6.67;38.3;2019-12-28;2019;12;52;362;28;5;8678;134;14;False
2019-12-28 15:00:00+00:00;True;-2.33;4.72;30.0;2019-12-28;2019;12;52;362;28;5;8679;135;15;False
2019-12-28 16:00:00+00:00;True;-2.63;5.12;28.2;2019-12-28;2019;12;52;362;28;5;8680;136;16;False
2019-12-28 17:00:00+00:00;True;-2.84;4.98;28.2;2019-12-28;2019;12;52;362;28;5;8681;137;17;False
2019-12-28 18:00:00+00:00;True;-3.04;4.82;23.7;2019-12-28;2019;12;52;362;28;5;8682;138;18;False
2019-12-28 19:00:00+00:00;True;-3.14;4.83;28.4;2019-12-28;2019;12;52;362;28;5;8683;139;19;False
2019-12-28 20:00:00+00:00;True;-3.18;4.81;40.0;2019-12-28;2019;12;52;362;28;5;8684;140;20;False
2019-12-28 21:00:00+00:00;True;-3.11;4.94;28.9;2019-12-28;2019;12;52;362;28;5;8685;141;21;False
2019-12-28 22:00:00+00:00;True;-3.17;4.37;31.2;2019-12-28;2019;12;52;362;28;5;8686;142;22;False
2019-12-28 23:00:00+00:00;True;-3.21;4.45;33.5;2019-12-28;2019;12;52;362;28;5;8687;143;23;False
2019-12-29 00:00:00+00:00;True;-3.24;4.99;33.1;2019-12-29;2019;12;52;363;29;6;8688;144;0;False
2019-12-29 01:00:00+00:00;True;-3.38;4.99;40.9;2019-12-29;2019;12;52;363;29;6;8689;145;1;False
2019-12-29 02:00:00+00:00;True;-3.56;5.29;32.2;2019-12-29;2019;12;52;363;29;6;8690;146;2;False
2019-12-29 03:00:00+00:00;True;-3.63;5.43;27.3;2019-12-29;2019;12;52;363;29;6;8691;147;3;False
2019-12-29 04:00:00+00:00;True;-4.08;5.27;39.7;2019-12-29;2019;12;52;363;29;6;8692;148;4;False
2019-12-29 05:00:00+00:00;True;-4.4;4.96;30.8;2019-12-29;2019;12;52;363;29;6;8693;149;5;False
2019-12-29 06:00:00+00:00;True;-4.29;5.36;40.8;2019-12-29;2019;12;52;363;29;6;8694;150;6;False
2019-12-29 07:00:00+00:00;True;-4.73;5.84;36.2;2019-12-29;2019;12;52;363;29;6;8695;151;7;False
2019-12-29 08:00:00+00:00;True;-5.29;17.61;34.5;2019-12-29;2019;12;52;363;29;6;8696;152;8;False
2019-12-29 09:00:00+00:00;True;-5.16;82.77;31.4;2019-12-29;2019;12;52;363;29;6;8697;153;9;False
2019-12-29 10:00:00+00:00;True;-4.58;114.73;37.4;2019-12-29;2019;12;52;363;29;6;8698;154;10;False
2019-12-29 11:00:00+00:00;True;-3.77;109.15;32.1;2019-12-29;2019;12;52;363;29;6;8699;155;11;False
2019-12-29 12:00:00+00:00;True;-3.1;51.34;33.5;2019-12-29;2019;12;52;363;29;6;8700;156;12;False
2019-12-29 13:00:00+00:00;True;-2.36;25.09;28.3;2019-12-29;2019;12;52;363;29;6;8701;157;13;False
2019-12-29 14:00:00+00:00;True;-1.87;7.93;30.5;2019-12-29;2019;12;52;363;29;6;8702;158;14;False
2019-12-29 15:00:00+00:00;True;-1.66;4.78;29.6;2019-12-29;2019;12;52;363;29;6;8703;159;15;False
2019-12-29 16:00:00+00:00;True;-1.24;4.85;28.0;2019-12-29;2019;12;52;363;29;6;8704;160;16;False
2019-12-29 17:00:00+00:00;True;-0.86;4.37;30.0;2019-12-29;2019;12;52;363;29;6;8705;161;17;False
2019-12-29 18:00:00+00:00;True;-0.51;4.31;26.1;2019-12-29;2019;12;52;363;29;6;8706;162;18;False
2019-12-29 19:00:00+00:00;True;-0.25;3.86;27.2;2019-12-29;2019;12;52;363;29;6;8707;163;19;False
2019-12-29 20:00:00+00:00;True;-0.1;5.19;33.6;2019-12-29;2019;12;52;363;29;6;8708;164;20;False
2019-12-29 21:00:00+00:00;True;0.41;6.1;42.4;2019-12-29;2019;12;52;363;29;6;8709;165;21;False
2019-12-29 22:00:00+00:00;True;0.72;6.72;32.9;2019-12-29;2019;12;52;363;29;6;8710;166;22;False
2019-12-29 23:00:00+00:00;True;1.27;4.73;37.2;2019-12-29;2019;12;52;363;29;6;8711;167;23;False
2019-12-30 00:00:00+00:00;True;1.6;3.89;29.6;2019-12-30;2019;12;1;364;30;0;8712;0;0;True
2019-12-30 01:00:00+00:00;True;1.83;3.29;26.4;2019-12-30;2019;12;1;364;30;0;8713;1;1;True
2019-12-30 02:00:00+00:00;True;2.06;2.7;35.0;2019-12-30;2019;12;1;364;30;0;8714;2;2;True
2019-12-30 03:00:00+00:00;True;2.47;2.56;26.0;2019-12-30;2019;12;1;364;30;0;8715;3;3;True
2019-12-30 04:00:00+00:00;True;2.67;2.53;37.6;2019-12-30;2019;12;1;364;30;0;8716;4;4;True
2019-12-30 05:00:00+00:00;True;2.73;4.64;23.7;2019-12-30;2019;12;1;364;30;0;8717;5;5;True
2019-12-30 06:00:00+00:00;True;2.76;4.73;34.7;2019-12-30;2019;12;1;364;30;0;8718;6;6;True
2019-12-30 07:00:00+00:00;True;2.98;4.94;26.5;2019-12-30;2019;12;1;364;30;0;8719;7;7;True
2019-12-30 08:00:00+00:00;True;3.15;7.3;38.6;2019-12-30;2019;12;1;364;30;0;8720;8;8;True
2019-12-30 09:00:00+00:00;True;3.34;11.16;34.7;2019-12-30;2019;12;1;364;30;0;8721;9;9;True
2019-12-30 10:00:00+00:00;True;3.75;13.52;28.4;2019-12-30;2019;12;1;364;30;0;8722;10;10;True
2019-12-30 11:00:00+00:00;True;4.05;11.69;31.4;2019-12-30;2019;12;1;364;30;0;8723;11;11;True
2019-12-30 12:00:00+00:00;True;4.27;13.11;25.6;2019-12-30;2019;12;1;364;30;0;8724;12;12;True
2019-12-30 13:00:00+00:00;True;4.38;10.65;53.6;2019-12-30;2019;12;1;364;30;0;8725;13;13;True
2019-12-30 14:00:00+00:00;True;4.48;6.07;29.1;2019-12-30;2019;12;1;364;30;0;8726;14;14;True
2019-12-30 15:00:00+00:00;True;4.74;4.57;23.9;2019-12-30;2019;12;1;364;30;0;8727;15;15;True
2019-12-30 16:00:00+00:00;True;5.11;4.51;25.6;2019-12-30;2019;12;1;364;30;0;8728;16;16;True
2019-12-30 17:00:00+00:00;True;5.56;4.12;21.3;2019-12-30;2019;12;1;364;30;0;8729;17;17;True
2019-12-30 18:00:00+00:00;True;5.96;4.64;33.7;2019-12-30;2019;12;1;364;30;0;8730;18;18;True
2019-12-30 19:00:00+00:00;True;5.95;4.59;24.4;2019-12-30;2019;12;1;364;30;0;8731;19;19;True
2019-12-30 20:00:00+00:00;True;5.94;4.81;19.9;2019-12-30;2019;12;1;364;30;0;8732;20;20;True
2019-12-30 21:00:00+00:00;True;6.04;5.22;21.4;2019-12-30;2019;12;1;364;30;0;8733;21;21;True
2019-12-30 22:00:00+00:00;True;6.18;4.43;21.2;2019-12-30;2019;12;1;364;30;0;8734;22;22;True
2019-12-30 23:00:00+00:00;True;6.21;3.64;22.6;2019-12-30;2019;12;1;364;30;0;8735;23;23;True
2019-12-31 00:00:00+00:00;True;6.17;4.36;25.3;2019-12-31;2019;12;1;365;31;1;8736;24;0;True
2019-12-31 01:00:00+00:00;True;5.66;3.45;36.9;2019-12-31;2019;12;1;365;31;1;8737;25;1;True
2019-12-31 02:00:00+00:00;True;5.41;3.7;34.5;2019-12-31;2019;12;1;365;31;1;8738;26;2;True
2019-12-31 03:00:00+00:00;True;5.03;3.78;36.2;2019-12-31;2019;12;1;365;31;1;8739;27;3;True
2019-12-31 04:00:00+00:00;True;4.56;3.86;27.0;2019-12-31;2019;12;1;365;31;1;8740;28;4;True
2019-12-31 05:00:00+00:00;True;3.95;3.78;33.3;2019-12-31;2019;12;1;365;31;1;8741;29;5;True
2019-12-31 06:00:00+00:00;True;3.41;3.9;29.2;2019-12-31;2019;12;1;365;31;1;8742;30;6;True
2019-12-31 07:00:00+00:00;True;3.05;4.76;32.0;2019-12-31;2019;12;1;365;31;1;8743;31;7;True
2019-12-31 08:00:00+00:00;True;2.8;24.59;25.2;2019-12-31;2019;12;1;365;31;1;8744;32;8;True
2019-12-31 09:00:00+00:00;True;2.9;48.03;27.6;2019-12-31;2019;12;1;365;31;1;8745;33;9;True
2019-12-31 10:00:00+00:00;True;3.49;41.32;37.4;2019-12-31;2019;12;1;365;31;1;8746;34;10;True
2019-12-31 11:00:00+00:00;True;3.72;38.13;33.8;2019-12-31;2019;12;1;365;31;1;8747;35;11;True
2019-12-31 12:00:00+00:00;True;3.56;45.48;23.4;2019-12-31;2019;12;1;365;31;1;8748;36;12;True
2019-12-31 13:00:00+00:00;True;3.01;32.42;33.7;2019-12-31;2019;12;1;365;31;1;8749;37;13;True
2019-12-31 14:00:00+00:00;True;1.35;8.16;26.1;2019-12-31;2019;12;1;365;31;1;8750;38;14;True
2019-12-31 15:00:00+00:00;True;0.52;3.9;29.8;2019-12-31;2019;12;1;365;31;1;8751;39;15;True
2019-12-31 16:00:00+00:00;True;0.62;3.97;26.7;2019-12-31;2019;12;1;365;31;1;8752;40;16;True
2019-12-31 17:00:00+00:00;True;0.67;3.59;38.3;2019-12-31;2019;12;1;365;31;1;8753;41;17;True
2019-12-31 18:00:00+00:00;True;0.57;4.32;25.4;2019-12-31;2019;12;1;365;31;1;8754;42;18;True
2019-12-31 19:00:00+00:00;True;0.52;4.3;24.6;2019-12-31;2019;12;1;365;31;1;8755;43;19;True
2019-12-31 20:00:00+00:00;True;-0.72;3.92;28.1;2019-12-31;2019;12;1;365;31;1;8756;44;20;True
2019-12-31 21:00:00+00:00;True;-1.32;4.14;28.8;2019-12-31;2019;12;1;365;31;1;8757;45;21;True
2019-12-31 22:00:00+00:00;True;-1.69;4.01;40.9;2019-12-31;2019;12;1;365;31;1;8758;46;22;True
